2019-07-24 06:01:00;9690.5;9700.29;9686.82;9692.536667;441.9752921;459.2371851;442.36;2019-07-24 05:35:33;417.9695459;418.33
2019-07-24 06:01:58;9695.25;9710.83;9696.105;9700.728333;442.3634173;459.6253103;442.36;2019-07-24 05:35:33;418.3371044;418.33
2019-07-24 06:02:59;9703;9706.23;9710.835;9706.688333;442.645805;459.907698;442.36;2019-07-24 05:35:33;418.6045285;418.33
2019-07-24 06:03:59;9706.5;9714.12;9716.145;9712.255;442.9095565;460.1714495;442.36;2019-07-24 05:35:33;418.8543037;418.33
2019-07-24 06:04:59;9706.5;9716.61;9713.075;9712.061667;442.9003962;460.1622892;442.36;2019-07-24 05:35:33;418.8456289;418.33
2019-07-24 06:05:59;9699;9707.12;9713.86;9706.66;442.6444626;459.9063556;442.6;2019-07-24 05:35:33;418.6085885;418.57
2019-07-24 06:06:59;9701;9707.13;9700.665;9702.931667;442.4678123;459.7297053;442.6;2019-07-24 05:35:33;418.4412969;418.57
2019-07-24 06:07:58;9701;9712.33;9710.01;9707.78;442.6975288;459.9594218;442.6;2019-07-24 05:35:33;418.6588433;418.57
2019-07-24 06:08:59;9709;9704.71;9710.86;9708.19;442.7169548;459.9788478;442.6;2019-07-24 05:35:33;418.6772402;418.57
2019-07-24 06:09:59;9711;9717.64;9715.485;9714.708333;443.0257966;460.2876896;442.6;2019-07-24 05:35:33;418.9697201;418.57
2019-07-24 06:10:59;9711;9716;9715.755;9714.251667;443.0041595;460.2660525;442.6;2019-07-24 05:35:33;418.9492293;418.57
2019-07-24 06:11:58;9712;9721;9715.17;9716.056667;443.0896813;460.3515743;442.6;2019-07-24 05:35:33;419.0302203;418.57
2019-07-24 06:12:59;9716;9719.85;9719.36;9718.403333;443.2008675;460.4627605;442.6;2019-07-24 05:35:33;419.1355161;418.57
2019-07-24 06:13:59;9718;9721.86;9719.995;9719.951667;443.2742283;460.5361213;442.6;2019-07-24 05:35:33;419.2049904;418.57
2019-07-24 06:14:59;9718;9725;9725.455;9722.818333;443.4100524;460.6719454;442.6;2019-07-24 05:35:33;419.3336187;418.57
2019-07-24 06:15:59;9728;9729.33;9730.005;9729.111667;443.5385093;460.8004023;443.54;2019-07-24 05:35:33;419.4000747;419.4
2019-07-24 06:16:58;9722;9723.48;9730.005;9725.161667;443.3514253;460.6133183;443.54;2019-07-24 05:35:33;419.2229245;419.4
2019-07-24 06:17:59;9722.25;9730.42;9718.02;9723.563333;443.2757233;460.5376163;443.54;2019-07-24 05:35:33;419.1512422;419.4
2019-07-24 06:18:59;9722.25;9744.17;9727.58;9731.333333;443.6437342;460.9056272;443.54;2019-07-24 05:35:33;419.4997124;419.4
2019-07-24 06:19:59;9737.25;9732.03;9736.105;9735.128333;443.823477;461.08537;443.54;2019-07-24 05:35:33;419.6699112;419.4
2019-07-24 06:20:59;9734.5;9724.87;9736.8;9732.056667;443.6779935;460.9398865;443.54;2019-07-24 05:35:33;419.5321526;419.4
2019-07-24 06:21:59;9734.5;9740.32;9731.05;9735.29;443.831134;461.093027;443.54;2019-07-24 05:35:33;419.6771617;419.4
2019-07-24 06:23:15;9741.75;9748.31;9739.995;9743.351667;444.2129592;461.4748522;443.54;2019-07-24 05:35:33;420.0387126;419.4
2019-07-24 06:23:59;9751.5;9747.02;9746.865;9748.461667;444.4549843;461.7168773;443.54;2019-07-24 05:35:33;420.2678868;419.4
2019-07-24 06:24:58;9734.75;9735.61;9725.515;9731.958333;443.6733361;460.9352291;443.54;2019-07-24 05:35:33;419.5277425;419.4
2019-07-24 06:25:59;9734.75;9731.88;9728.995;9731.875;443.6693892;460.9312822;443.58;2019-07-24 05:35:33;419.5249875;419.44
2019-07-24 06:26:59;9726.75;9723.87;9717.005;9722.541667;443.2273341;460.4892271;443.58;2019-07-24 05:35:33;419.1064036;419.44
2019-07-24 06:27:59;9726.75;9722.98;9714.785;9721.505;443.1782344;460.4401274;443.58;2019-07-24 05:35:33;419.0599109;419.44
2019-07-24 06:28:59;9715;9719.48;9712.395;9715.625;442.8997397;460.1616327;443.58;2019-07-24 05:35:33;418.7962031;419.44
2019-07-24 06:30:59;9701.5;9698.92;9700.005;9700.141667;442.1664018;459.4282948;443.58;2019-07-24 05:35:33;418.1018025;419.44
2019-07-24 06:31:59;9701.5;9703.35;9696.455;9700.435;442.1802949;459.4421879;443.58;2019-07-24 05:35:33;418.1149579;419.44
2019-07-24 06:32:59;9706.25;9703.36;9700.995;9703.535;442.3271204;459.5890134;443.58;2019-07-24 05:35:33;418.2539876;419.44
2019-07-24 06:33:59;9708;9704.43;9700.995;9704.475;442.3716416;459.6335346;443.58;2019-07-24 05:35:33;418.2961449;419.44
2019-07-24 06:34:59;9708;9704.43;9701.405;9704.611667;442.3781146;459.6400076;443.58;2019-07-24 05:35:33;418.3022742;419.44
2019-07-24 06:35:59;9700.5;9697.58;9696.295;9698.125;442.0708863;459.3327793;442.13;2019-07-24 06:35:33;418.0168541;418.07
2019-07-24 06:37:06;9700.5;9698.22;9699.34;9699.353333;442.1290639;459.3909569;442.13;2019-07-24 06:35:33;418.0719434;418.07
2019-07-24 06:37:59;9700.5;9699.08;9696.33;9698.636667;442.0951204;459.3570134;442.13;2019-07-24 06:35:33;418.0398018;418.07
2019-07-24 06:38:58;9700.5;9702.08;9695.685;9699.421667;442.1323004;459.3941934;442.13;2019-07-24 06:35:33;418.0750081;418.07
2019-07-24 06:39:59;9700.5;9692.98;9695.9;9696.46;441.9920268;459.2539198;442.13;2019-07-24 06:35:33;417.9421808;418.07
2019-07-24 06:40:59;9700.5;9701.61;9693.555;9698.555;442.0912524;459.3531454;442.13;2019-07-24 06:35:33;418.0361391;418.07
2019-07-24 06:41:59;9700.5;9705;9694.095;9699.865;442.153298;459.415191;442.13;2019-07-24 06:35:33;418.0948911;418.07
2019-07-24 06:42:58;9697.25;9693.45;9696.995;9695.898333;441.9654246;459.2273176;442.13;2019-07-24 06:35:33;417.9169907;418.07
2019-07-24 06:43:59;9688.5;9695;9688.15;9690.55;441.7121112;458.9740042;442.13;2019-07-24 06:35:33;417.6771242;418.07
2019-07-24 06:44:59;9679.75;9688.36;9674.995;9681.035;441.2614518;458.5233448;442.13;2019-07-24 06:35:33;417.2503876;418.07
2019-07-24 06:45:59;9679.75;9686.18;9684.245;9683.391667;441.3730707;458.6349637;441.26;2019-07-24 06:35:33;417.3504014;417.24
2019-07-24 06:47:59;9679.75;9694.29;9681.305;9685.115;441.454693;458.716586;441.26;2019-07-24 06:35:33;417.4276899;417.24
2019-07-24 06:48:59;9679.75;9699.36;9689.995;9689.701667;441.6719315;458.9338245;441.26;2019-07-24 06:35:33;417.6333939;417.24
2019-07-24 06:49:59;9679.75;9699.7;9689.995;9689.815;441.6772993;458.9391923;441.26;2019-07-24 06:35:33;417.6384767;417.24
2019-07-24 06:50:59;9679.75;9701.02;9689.995;9690.255;441.6981391;458.9600321;441.26;2019-07-24 06:35:33;417.6582099;417.24
2019-07-24 06:51:59;9687.75;9703.56;9689.995;9693.768333;441.8645413;459.1264343;441.26;2019-07-24 06:35:33;417.8157767;417.24
2019-07-24 06:52:59;9687.75;9697.15;9689.995;9691.631667;441.7633422;459.0252352;441.26;2019-07-24 06:35:33;417.719951;417.24
2019-07-24 06:53:59;9687.75;9689.7;9689.995;9689.148333;441.645724;458.907617;441.26;2019-07-24 06:35:33;417.6085778;417.24
2019-07-24 06:54:59;9687.75;9687.59;9684.095;9686.478333;441.5192646;458.7811576;441.26;2019-07-24 06:35:33;417.488833;417.24
2019-07-24 06:55:58;9678.5;9678.64;9675.76;9677.633333;441.1003384;458.3622314;441.02;2019-07-24 06:35:33;417.0914581;417.02
2019-07-24 06:56:59;9678.5;9685.19;9678.215;9680.635;441.2425065;458.5043995;441.02;2019-07-24 06:35:33;417.2260774;417.02
2019-07-24 06:57:59;9678.5;9682.92;9679.975;9680.465;441.2344548;458.4963478;441.02;2019-07-24 06:35:33;417.2184532;417.02
2019-07-24 06:58:59;9678.5;9689.67;9679.975;9682.715;441.3410217;458.6029147;441.02;2019-07-24 06:35:33;417.3193616;417.02
2019-07-24 06:59:59;9678.5;9694.34;9684.82;9685.886667;441.4912415;458.7531345;441.02;2019-07-24 06:35:33;417.461605;417.02
2019-07-24 07:00:58;9685;9693.67;9689.485;9689.385;441.6569332;458.9188262;441.02;2019-07-24 06:35:33;417.6184989;417.02
2019-07-24 07:01:59;9686.5;9691.08;9689.605;9689.061667;441.6416192;458.9035122;441.02;2019-07-24 06:35:33;417.603998;417.02
2019-07-24 07:02:59;9693;9705;9696.965;9698.321667;442.080201;459.342094;441.02;2019-07-24 06:35:33;418.0192921;417.02
2019-07-24 07:03:59;9695;9712.13;9700.88;9702.67;442.2861513;459.5480443;441.02;2019-07-24 06:35:33;418.2143069;417.02
2019-07-24 07:04:59;9707;9715;9706.64;9709.546667;442.6118513;459.8737443;441.02;2019-07-24 06:35:33;418.5227129;417.02
2019-07-24 07:05:59;9717;9724.61;9719.995;9720.535;443.1322922;460.3941852;443.21;2019-07-24 06:35:33;419.0157762;419.09
2019-07-24 07:06:58;9717;9716.54;9714.395;9715.978333;442.9164746;460.1783676;443.21;2019-07-24 06:35:33;418.8114179;419.09
2019-07-24 07:07:59;9710.5;9715.65;9711.09;9712.413333;442.7476253;460.0095183;443.21;2019-07-24 06:35:33;418.6515341;419.09
2019-07-24 07:08:59;9710.5;9725.99;9714.995;9717.161667;442.9725209;460.2344139;443.21;2019-07-24 06:35:33;418.8644883;419.09
2019-07-24 07:09:58;9710.5;9716.26;9714.995;9713.918333;442.8189067;460.0807997;443.21;2019-07-24 06:35:33;418.7190306;419.09
2019-07-24 07:10:59;9710.5;9716.26;9714.945;9713.901667;442.8181173;460.0800103;443.21;2019-07-24 06:35:33;418.7182832;419.09
2019-07-24 07:11:59;9710.5;9715.82;9714.945;9713.755;442.8111708;460.0730638;443.21;2019-07-24 06:35:33;418.7117054;419.09
2019-07-24 07:12:59;9710.5;9712.78;9712.005;9711.761667;442.7167604;459.9786534;443.21;2019-07-24 06:35:33;418.622308;419.09
2019-07-24 07:13:59;9710.5;9720.85;9714.455;9715.268333;442.8828468;460.1447398;443.21;2019-07-24 06:35:33;418.7795757;419.09
2019-07-24 07:14:59;9713;9711.79;9707.905;9710.898333;442.6758703;459.9377633;443.21;2019-07-24 06:35:33;418.5835891;419.09
2019-07-24 07:15:59;9707.5;9698.81;9702.795;9703.035;442.0701779;459.3320709;442.09;2019-07-24 06:35:33;418.1345308;418.15
2019-07-24 07:16:59;9691.5;9697.11;9696.865;9695.158333;441.6973043;458.9591973;442.09;2019-07-24 06:35:33;417.7813547;418.15
2019-07-24 07:17:59;9694;9696.08;9690.815;9693.631667;441.6250334;458.8869264;442.09;2019-07-24 06:35:33;417.7129016;418.15
2019-07-24 07:19:00;9694;9688.31;9685.005;9689.105;441.4107455;458.6726385;442.09;2019-07-24 06:35:33;417.5099337;418.15
2019-07-24 07:19:59;9694;9687.86;9684.365;9688.741667;441.3935456;458.6554386;442.09;2019-07-24 06:35:33;417.4936425;418.15
2019-07-24 07:20:59;9685;9687.86;9678.175;9683.678333;441.1538525;458.4157455;442.09;2019-07-24 06:35:33;417.2666114;418.15
2019-07-24 07:21:59;9685;9687.86;9678.175;9683.678333;441.1538525;458.4157455;442.09;2019-07-24 06:35:33;417.2666114;418.15
2019-07-24 07:22:58;9685;9693.51;9688.56;9689.023333;441.4068795;458.6687725;442.09;2019-07-24 06:35:33;417.5062719;418.15
2019-07-24 07:23:59;9685;9694.15;9685.44;9688.196667;441.3677459;458.6296389;442.09;2019-07-24 06:35:33;417.4692056;418.15
2019-07-24 07:24:59;9685;9690.46;9689.055;9688.171667;441.3665624;458.6284554;442.09;2019-07-24 06:35:33;417.4680847;418.15
2019-07-24 07:25:59;9685;9687.85;9689.23;9687.36;441.3281389;458.5900319;441.37;2019-07-24 06:35:33;417.4260591;417.47
2019-07-24 07:26:59;9685;9687.31;9690.815;9687.708333;441.3446287;458.6065217;441.37;2019-07-24 06:35:33;417.4416775;417.47
2019-07-24 07:27:58;9685;9687.64;9690.815;9687.818333;441.349836;458.611729;441.37;2019-07-24 06:35:33;417.4466097;417.47
2019-07-24 07:28:58;9685;9680.94;9683.455;9683.131667;441.1279738;458.3898668;441.37;2019-07-24 06:35:33;417.2364704;417.47
2019-07-24 07:29:59;9684.5;9677.08;9683.455;9681.678333;441.0591744;458.3210674;441.37;2019-07-24 06:35:33;417.1713063;417.47
2019-07-24 07:30:58;9675.75;9671.64;9673.09;9673.493333;440.6717046;457.9335976;441.37;2019-07-24 06:35:33;416.8043098;417.47
2019-07-24 07:31:59;9674;9675.28;9666.185;9671.821667;440.5925696;457.8544626;441.37;2019-07-24 06:35:33;416.7293562;417.47
2019-07-24 07:32:59;9672.25;9662.3;9668.665;9667.738333;440.3992686;457.6611616;441.37;2019-07-24 06:35:33;416.5462689;417.47
2019-07-24 07:33:59;9665.5;9656.6;9657.105;9659.735;440.0203988;457.2822918;441.37;2019-07-24 06:35:33;416.187418;417.47
2019-07-24 07:34:59;9665.5;9656.6;9657.105;9659.735;440.0203988;457.2822918;441.37;2019-07-24 06:35:33;416.187418;417.47
2019-07-24 07:35:59;9665.5;9656.61;9657.105;9659.738333;440.0205566;457.2824496;440.02;2019-07-24 07:35:33;416.1899253;416.19
2019-07-24 07:36:59;9661.75;9655.34;9657.105;9658.065;439.9413426;457.2032356;440.02;2019-07-24 07:35:33;416.1148965;416.19
2019-07-24 07:37:59;9662;9659.22;9657.105;9659.441667;440.0065127;457.2684057;440.02;2019-07-24 07:35:33;416.1766234;416.19
2019-07-24 07:38:59;9662;9669.88;9665.995;9665.958333;440.3150052;457.5768982;440.02;2019-07-24 07:35:33;416.4688172;416.19
2019-07-24 07:39:59;9662;9671.57;9665.995;9666.521667;440.3416728;457.6035658;440.02;2019-07-24 07:35:33;416.4940759;416.19
2019-07-24 07:40:59;9662;9669.54;9665.995;9665.845;440.3096401;457.5715331;440.02;2019-07-24 07:35:33;416.4637356;416.19
2019-07-24 07:41:58;9662;9670.32;9665.995;9666.105;440.3219483;457.5838413;440.02;2019-07-24 07:35:33;416.4753934;416.19
2019-07-24 07:42:59;9662;9669.91;9665.995;9665.968333;440.3154786;457.5773716;440.02;2019-07-24 07:35:33;416.4692656;416.19
2019-07-24 07:43:59;9662;9667.05;9665.995;9665.015;440.2703487;457.5322417;440.02;2019-07-24 07:35:33;416.4265201;416.19
2019-07-24 07:44:58;9662;9669.91;9668.875;9666.928333;440.360924;457.622817;440.02;2019-07-24 07:35:33;416.51231;416.19
2019-07-24 07:46:01;9684;9685.63;9668.875;9679.501667;440.9561332;458.2180262;441.03;2019-07-24 07:35:33;417.0746116;417.14
2019-07-24 07:46:59;9684;9691.47;9683.995;9686.488333;441.2868751;458.5487681;441.03;2019-07-24 07:35:33;417.3878782;417.14
2019-07-24 07:47:58;9681.25;9679.4;9688.945;9683.198333;441.1311297;458.3930227;441.03;2019-07-24 07:35:33;417.2403619;417.14
2019-07-24 07:48:59;9681.25;9688.49;9672.845;9680.861667;441.0205142;458.2824072;441.03;2019-07-24 07:35:33;417.135591;417.14
2019-07-24 07:49:59;9681.25;9681.89;9687.675;9683.605;441.1503809;458.4122739;441.03;2019-07-24 07:35:33;417.2585959;417.14
2019-07-24 07:50:59;9681.25;9687.04;9678.925;9682.405;441.0935741;458.3554671;441.03;2019-07-24 07:35:33;417.2047906;417.14
2019-07-24 07:51:59;9681.25;9690.83;9678.925;9683.668333;441.1533791;458.4152721;441.03;2019-07-24 07:35:33;417.2614357;417.14
2019-07-24 07:52:58;9681.25;9691.67;9688.995;9687.305;441.3255353;458.5874283;441.03;2019-07-24 07:35:33;417.4244957;417.14
2019-07-24 07:53:59;9681.25;9685.68;9688.32;9685.083333;441.2203638;458.4822568;441.03;2019-07-24 07:35:33;417.3248811;417.14
2019-07-24 07:54:59;9681.25;9681.71;9688.43;9683.796667;441.1594542;458.4213472;441.03;2019-07-24 07:35:33;417.2671898;417.14
2019-07-24 07:55:59;9681.25;9694.9;9684.045;9686.731667;441.2983942;458.5602872;441.36;2019-07-24 07:35:33;417.4008886;417.46
2019-07-24 07:56:58;9681.25;9695;9688.82;9688.356667;441.3753201;458.6372131;441.36;2019-07-24 07:35:33;417.4737503;417.46
2019-07-24 07:57:58;9681.25;9695.86;9688.995;9688.701667;441.3916521;458.6535451;441.36;2019-07-24 07:35:33;417.4892194;417.46
2019-07-24 07:58:58;9685.75;9695.86;9688.995;9690.201667;441.4626606;458.7245536;441.36;2019-07-24 07:35:33;417.5564764;417.46
2019-07-24 07:59:59;9685.75;9698.69;9688.995;9691.145;441.5073171;458.7692101;441.36;2019-07-24 07:35:33;417.5987736;417.46
2019-07-24 08:00:59;9685.75;9698.69;9688.995;9691.145;441.5073171;458.7692101;441.36;2019-07-24 07:35:33;417.5987736;417.46
2019-07-24 08:01:59;9695;9710;9688.995;9697.998333;441.8317471;459.0936401;441.36;2019-07-24 07:35:33;417.9060633;417.46
2019-07-24 08:02:59;9712.5;9718.61;9708.895;9713.335;442.5577697;459.8196627;441.36;2019-07-24 07:35:33;418.5937287;417.46
2019-07-24 08:03:58;9702.25;9692.82;9710.515;9701.861667;442.0146335;459.2765265;441.36;2019-07-24 07:35:33;418.0792874;417.46
2019-07-24 08:04:59;9701.5;9704.42;9700.005;9701.975;442.0199985;459.2818915;441.36;2019-07-24 07:35:33;418.0843691;417.46
2019-07-24 08:05:59;9701.5;9705.9;9697.61;9701.67;442.4253029;459.6871959;442.42;2019-07-24 07:35:33;418.5949381;418.59
2019-07-24 08:06:59;9699;9700.41;9691.46;9696.956667;442.2019744;459.4638674;442.42;2019-07-24 07:35:33;418.383347;418.59
2019-07-24 08:07:58;9695.5;9695.91;9691.515;9694.308333;442.0764904;459.3383834;442.42;2019-07-24 07:35:33;418.2644579;418.59
2019-07-24 08:08:59;9695.5;9695.91;9691.36;9694.256667;442.0740423;459.3359353;442.42;2019-07-24 07:35:33;418.2621385;418.59
2019-07-24 08:09:59;9691.75;9699.92;9693.995;9695.221667;442.1197662;459.3816592;442.42;2019-07-24 07:35:33;418.3054593;418.59
2019-07-24 08:10:59;9691.75;9701.92;9693.995;9695.888333;442.1513544;459.4132474;442.42;2019-07-24 07:35:33;418.3353874;418.59
2019-07-24 08:11:59;9691.75;9713.83;9699.765;9701.781667;442.4305939;459.6924869;442.42;2019-07-24 07:35:33;418.5999511;418.59
2019-07-24 08:12:59;9712.25;9722.05;9707.425;9713.908333;443.005183;460.267076;442.42;2019-07-24 07:35:33;419.1443418;418.59
2019-07-24 08:13:59;9713.75;9727.61;9714.995;9718.785;443.2362505;460.4981435;442.42;2019-07-24 07:35:33;419.3632653;418.59
2019-07-24 08:14:59;9713.75;9721.35;9715.69;9716.93;443.1483564;460.4102494;442.42;2019-07-24 07:35:33;419.2799905;418.59
2019-07-24 08:15:59;9717.5;9721.34;9716.675;9718.505;443.2229835;460.4848765;443.31;2019-07-24 07:35:33;419.3516632;419.43
2019-07-24 08:16:58;9717.5;9726.24;9721.81;9721.85;443.3814772;460.6433702;443.31;2019-07-24 07:35:33;419.5018274;419.43
2019-07-24 08:17:58;9717.5;9726.11;9727.355;9723.655;443.4670022;460.7288952;443.31;2019-07-24 07:35:33;419.5828577;419.43
2019-07-24 08:18:58;9728.5;9744.9;9740.835;9738.078333;444.1504126;461.4123056;443.31;2019-07-24 07:35:33;420.2303519;419.43
2019-07-24 08:19:59;9747.25;9746.49;9752.52;9748.753333;444.6562183;461.9181113;443.31;2019-07-24 07:35:33;420.7095754;419.43
2019-07-24 08:20:58;9743.25;9746.32;9740.115;9743.228333;444.3944313;461.6563243;443.31;2019-07-24 07:35:33;420.4615464;419.43
2019-07-24 08:21:59;9735.5;9732.01;9735.685;9734.398333;443.9760458;461.2379388;443.31;2019-07-24 07:35:33;420.0651488;419.43
2019-07-24 08:23:10;9731.25;9735.4;9731.77;9732.806667;443.900629;461.162522;443.31;2019-07-24 07:35:33;419.9936955;419.43
2019-07-24 08:23:59;9731.25;9735.03;9732.425;9732.901667;443.9051303;461.1670233;443.31;2019-07-24 07:35:33;419.9979603;419.43
2019-07-24 08:24:58;9731.25;9733.76;9731.305;9732.105;443.8673824;461.1292754;443.31;2019-07-24 07:35:33;419.9621962;419.43
2019-07-24 08:26:08;9757.75;9752.24;9745.25;9751.746667;444.7980493;462.0599423;444.47;2019-07-24 07:35:33;420.8387045;420.53
2019-07-24 08:27:06;9754;9754.99;9757.45;9755.48;444.9749431;462.2368361;444.47;2019-07-24 07:35:33;421.0062998;420.53
2019-07-24 08:28:00;9764.25;9764.6;9764.995;9764.615;445.4077802;462.6696732;444.47;2019-07-24 07:35:33;421.4163845;420.53
2019-07-24 08:28:58;9767.5;9771.08;9763.435;9767.338333;445.5368179;462.7987109;444.47;2019-07-24 07:35:33;421.5386393;420.53
2019-07-24 08:29:59;9761.5;9761.33;9762.835;9761.888333;445.2785845;462.5404775;444.47;2019-07-24 07:35:33;421.2939801;420.53
2019-07-24 08:30:59;9753;9747.96;9755.37;9752.11;444.8152649;462.0771579;444.47;2019-07-24 07:35:33;420.8550151;420.53
2019-07-24 08:31:59;9753;9744.46;9746.405;9747.955;444.6183915;461.8802845;444.47;2019-07-24 07:35:33;420.6684906;420.53
2019-07-24 08:32:59;9752.5;9751.86;9752.435;9752.265;444.8226091;462.0845021;444.47;2019-07-24 07:35:33;420.8619733;420.53
2019-07-24 08:33:59;9752.5;9759.79;9762.1;9758.13;445.1005061;462.3623991;444.47;2019-07-24 07:35:33;421.1252625;420.53
2019-07-24 08:34:59;9753.25;9748.3;9752.12;9751.223333;444.7732526;462.0351456;444.47;2019-07-24 07:35:33;420.8152113;420.53
2019-07-24 08:35:59;9749;9731.11;9742.595;9740.901667;444.2841885;461.5460815;444.34;2019-07-24 08:35:33;420.3488987;420.4
2019-07-24 08:36:59;9738.5;9728.71;9733.195;9733.468333;443.9319803;461.1938733;444.34;2019-07-24 08:35:33;420.0152068;420.4
2019-07-24 08:37:59;9736;9731.61;9735.865;9734.491667;443.9804681;461.2423611;444.34;2019-07-24 08:35:33;420.0611456;420.4
2019-07-24 08:38:59;9733.25;9727.61;9732.14;9731;443.815025;461.076918;444.34;2019-07-24 08:35:33;419.9044002;420.4
2019-07-24 08:39:58;9723.5;9724.05;9721.915;9723.155;443.4433111;460.7052041;444.34;2019-07-24 08:35:33;419.552228;420.4
2019-07-24 08:40:59;9723.5;9731.11;9728.53;9727.713333;443.6592953;460.9211883;444.34;2019-07-24 08:35:33;419.7568575;420.4
2019-07-24 08:41:59;9723.5;9730.75;9727.615;9727.288333;443.6391578;460.9010508;444.34;2019-07-24 08:35:33;419.7377787;420.4
2019-07-24 08:42:59;9723.5;9730.75;9727.615;9727.288333;443.6391578;460.9010508;444.34;2019-07-24 08:35:33;419.7377787;420.4
2019-07-24 08:44:59;9731;9739.61;9730.05;9733.553333;443.9360078;461.1979008;444.34;2019-07-24 08:35:33;420.0190226;420.4
2019-07-24 08:45:59;9731;9740.91;9736.515;9736.141667;444.0586489;461.3205419;444.09;2019-07-24 08:35:33;420.1390996;420.17
2019-07-24 08:46:58;9734.75;9732.11;9738.015;9734.958333;444.0025799;461.2644729;444.09;2019-07-24 08:35:33;420.0859777;420.17
2019-07-24 08:47:58;9734.75;9730.04;9724.2;9729.663333;443.7516907;461.0135837;444.09;2019-07-24 08:35:33;419.8482762;420.17
2019-07-24 08:48:59;9734.75;9730.23;9724.575;9729.851667;443.7606144;461.0225074;444.09;2019-07-24 08:35:33;419.8567308;420.17
2019-07-24 08:49:58;9734.75;9727.53;9724.585;9728.955;443.7181283;460.9800213;444.09;2019-07-24 08:35:33;419.816478;420.17
2019-07-24 08:50:59;9734.75;9730.75;9724.585;9730.028333;443.7689852;461.0308782;444.09;2019-07-24 08:35:33;419.8646617;420.17
2019-07-24 08:51:58;9734.75;9733.81;9736.015;9734.858333;443.9978416;461.2597346;444.09;2019-07-24 08:35:33;420.0814886;420.17
2019-07-24 08:52:59;9734.75;9736.36;9739.995;9737.035;444.1009771;461.3628701;444.09;2019-07-24 08:35:33;420.1792028;420.17
2019-07-24 08:53:59;9734.75;9733.93;9739.995;9736.225;444.0625974;461.3244904;444.09;2019-07-24 08:35:33;420.1428405;420.17
2019-07-24 08:54:58;9734.75;9731.68;9733.165;9733.198333;443.9191871;461.1810801;444.09;2019-07-24 08:35:33;420.0069684;420.17
2019-07-24 08:55:58;9734.75;9738.06;9730.635;9734.481667;443.9799943;461.2418873;443.86;2019-07-24 08:35:33;420.0672428;419.95
2019-07-24 08:56:59;9734.75;9742.34;9730.635;9735.908333;444.047593;461.309486;443.86;2019-07-24 08:35:33;420.1312887;419.95
2019-07-24 08:57:59;9741;9747.16;9740.845;9743.001667;444.3836913;461.6455843;443.86;2019-07-24 08:35:33;420.4497224;419.95
2019-07-24 08:58:58;9741;9742.64;9741.705;9741.781667;444.3258849;461.5877779;443.86;2019-07-24 08:35:33;420.3949542;419.95
2019-07-24 08:59:58;9741;9742.93;9743.09;9742.34;444.35234;461.614233;443.86;2019-07-24 08:35:33;420.4200188;419.95
2019-07-24 09:01:59;9741;9744.3;9742.265;9742.521667;444.3609478;461.6228408;443.86;2019-07-24 08:35:33;420.4281742;419.95
2019-07-24 09:02:59;9741;9744.3;9742.805;9742.701667;444.3694766;461.6313696;443.86;2019-07-24 08:35:33;420.4362548;419.95
2019-07-24 09:03:59;9741;9744.3;9742.805;9742.701667;444.3694766;461.6313696;443.86;2019-07-24 08:35:33;420.4362548;419.95
2019-07-24 09:04:59;9743.25;9747.43;9743.065;9744.581667;444.4585553;461.7204483;443.86;2019-07-24 08:35:33;420.5206517;419.95
2019-07-24 09:05:58;9744;9747.43;9747.055;9746.161667;444.2722222;461.5341152;444.26;2019-07-24 08:35:33;420.4712947;420.46
2019-07-24 09:06:59;9744;9753.15;9747.055;9748.068333;444.3625133;461.6244063;444.26;2019-07-24 08:35:33;420.5568652;420.46
2019-07-24 09:07:58;9747.5;9741.58;9753.525;9747.535;444.337257;461.59915;444.26;2019-07-24 08:35:33;420.5329294;420.46
2019-07-24 09:08:58;9732.25;9735.97;9744.505;9737.575;443.8655965;461.1274895;444.26;2019-07-24 08:35:33;420.0859284;420.46
2019-07-24 09:09:59;9728.75;9721.89;9723.555;9724.731667;443.2573943;460.5192873;444.26;2019-07-24 08:35:33;419.5095244;420.46
2019-07-24 09:10:58;9728.75;9720.95;9722.835;9724.178333;443.231191;460.493084;444.26;2019-07-24 08:35:33;419.484691;420.46
2019-07-24 09:11:58;9726.25;9720.01;9722.83;9723.03;443.1768111;460.4387041;444.26;2019-07-24 08:35:33;419.4331543;420.46
2019-07-24 09:12:58;9726.25;9722.33;9722.805;9723.795;443.213038;460.474931;444.26;2019-07-24 08:35:33;419.4674872;420.46
2019-07-24 09:13:59;9713.25;9712.87;9722.805;9716.308333;442.8585034;460.1203964;444.26;2019-07-24 08:35:33;419.1314884;420.46
2019-07-24 09:14:58;9714.5;9704.88;9703.365;9707.581667;442.4452479;459.7071409;444.26;2019-07-24 08:35:33;418.7398389;420.46
2019-07-24 09:15:59;9703.5;9705.85;9702.025;9703.791667;442.2657707;459.5276637;442.25;2019-07-24 08:35:33;418.5689242;418.55
2019-07-24 09:16:58;9710;9722.49;9700.605;9711.031667;442.6086243;459.8705173;442.25;2019-07-24 08:35:33;418.893852;418.55
2019-07-24 09:17:59;9710;9719.86;9714.315;9714.725;442.7835239;460.0454169;442.25;2019-07-24 08:35:33;419.0596071;418.55
2019-07-24 09:18:59;9710;9719.85;9714.025;9714.625;442.7787883;460.0406813;442.25;2019-07-24 08:35:33;419.0551192;418.55
2019-07-24 09:19:59;9717.5;9729.25;9723.235;9723.328333;443.1909388;460.4528318;442.25;2019-07-24 08:35:33;419.4457207;418.55
2019-07-24 09:20:59;9723.5;9736.11;9728.585;9729.398333;443.4783865;460.7402795;442.25;2019-07-24 08:35:33;419.7181395;418.55
2019-07-24 09:21:59;9724.5;9740;9735.195;9733.231667;443.6599159;460.9218089;442.25;2019-07-24 08:35:33;419.8901777;418.55
2019-07-24 09:22:59;9724.5;9736.12;9733.235;9731.285;443.5677305;460.8296235;442.25;2019-07-24 08:35:33;419.8028122;418.55
2019-07-24 09:23:59;9734;9724.88;9735.21;9731.363333;443.57144;460.833333;442.25;2019-07-24 08:35:33;419.8063278;418.55
2019-07-24 09:24:58;9722.5;9725.23;9720.865;9722.865;443.1689974;460.4308904;442.25;2019-07-24 08:35:33;419.4249266;418.55
2019-07-24 09:25:58;9725.75;9714.86;9721.64;9720.75;443.0688406;460.3307336;443.2;2019-07-24 08:35:33;419.3325414;419.46
2019-07-24 09:26:59;9717.5;9721.36;9716.985;9718.615;442.9677367;460.2296297;443.2;2019-07-24 08:35:33;419.236723;419.46
2019-07-24 09:27:59;9717.5;9721.36;9716.79;9718.55;442.9646586;460.2265516;443.2;2019-07-24 08:35:33;419.2338058;419.46
2019-07-24 09:28:58;9717.5;9732.87;9719.99;9723.453333;443.1968582;460.4587512;443.2;2019-07-24 08:35:33;419.4538664;419.46
2019-07-24 09:29:59;9717.5;9740;9730.44;9729.313333;443.4743613;460.7362543;443.2;2019-07-24 08:35:33;419.716862;419.46
2019-07-24 09:30:58;9717.5;9740;9735.215;9730.905;443.5497355;460.8116285;443.2;2019-07-24 08:35:33;419.7882957;419.46
2019-07-24 09:31:59;9717.5;9735.62;9734.33;9729.15;443.4666266;460.7285196;443.2;2019-07-24 08:35:33;419.7095317;419.46
2019-07-24 09:32:59;9717.5;9739.86;9735.98;9731.113333;443.5596012;460.8214942;443.2;2019-07-24 08:35:33;419.7976457;419.46
2019-07-24 09:33:58;9717.5;9738.88;9733.89;9730.09;443.5111407;460.7730337;443.2;2019-07-24 08:35:33;419.7517187;419.46
2019-07-24 09:34:59;9717.5;9737.9;9732.03;9729.143333;443.4663109;460.7282039;443.2;2019-07-24 08:35:33;419.7092325;419.46
2019-07-24 09:35:59;9717.5;9737.9;9733.775;9729.725;443.493856;460.755749;443.45;2019-07-24 09:35:33;419.7374748;419.7
2019-07-24 09:36:59;9717.5;9730.55;9732.145;9726.731667;443.3521053;460.6139983;443.45;2019-07-24 09:35:33;419.603134;419.7
2019-07-24 09:37:59;9733.25;9735.97;9731.02;9733.413333;443.6685188;460.9304118;443.45;2019-07-24 09:35:33;419.9030073;419.7
2019-07-24 09:38:59;9733.25;9733.4;9730.485;9732.378333;443.6195059;460.8813989;443.45;2019-07-24 09:35:33;419.8565565;419.7
2019-07-24 09:39:59;9733.25;9729.41;9728.44;9730.366667;443.5242424;460.7861354;443.45;2019-07-24 09:35:33;419.7662728;419.7
2019-07-24 09:40:58;9733.25;9733.4;9728.74;9731.796667;443.5919608;460.8538538;443.45;2019-07-24 09:35:33;419.8304512;419.7
2019-07-24 09:41:58;9733.25;9724.59;9728.71;9728.85;443.45242;460.714313;443.45;2019-07-24 09:35:33;419.6982048;419.7
2019-07-24 09:42:59;9733.25;9725.41;9719.595;9726.085;443.3214821;460.5833751;443.45;2019-07-24 09:35:33;419.5741116;419.7
2019-07-24 09:43:59;9733.25;9726.09;9718.67;9726.003333;443.3176147;460.5795077;443.45;2019-07-24 09:35:33;419.5704464;419.7
2019-07-24 09:44:59;9733.25;9726.09;9719.3;9726.213333;443.3275594;460.5894524;443.45;2019-07-24 09:35:33;419.5798712;419.7
2019-07-24 09:47:00;9733.25;9736.64;9730.235;9733.375;443.6667035;460.9285965;443.61;2019-07-24 09:35:33;419.8958749;419.84
2019-07-24 09:47:59;9733.25;9727.68;9731.265;9730.731667;443.5415272;460.8034202;443.61;2019-07-24 09:35:33;419.7772436;419.84
2019-07-24 09:48:59;9733.25;9727.75;9735.565;9732.188333;443.6105083;460.8724013;443.61;2019-07-24 09:35:33;419.842618;419.84
2019-07-24 09:49:59;9733.25;9733.76;9733.35;9733.453333;443.670413;460.932306;443.61;2019-07-24 09:35:33;419.8993905;419.84
2019-07-24 09:50:59;9733.25;9735.92;9728.275;9732.481667;443.6243993;460.8862923;443.61;2019-07-24 09:35:33;419.8557826;419.84
2019-07-24 09:51:59;9733.25;9736.46;9733.885;9734.531667;443.721478;460.983371;443.61;2019-07-24 09:35:33;419.9477855;419.84
2019-07-24 09:52:58;9733.25;9737.96;9732.845;9734.685;443.7287392;460.9906322;443.61;2019-07-24 09:35:33;419.954667;419.84
2019-07-24 09:53:59;9733.25;9737.87;9739.33;9736.816667;443.8296852;461.0915782;443.61;2019-07-24 09:35:33;420.0503351;419.84
2019-07-24 09:54:59;9738.75;9746.21;9743.555;9742.838333;444.1148441;461.3767371;443.61;2019-07-24 09:35:33;420.3205842;419.84
2019-07-24 09:55:59;9756.5;9751.42;9754.995;9754.305;443.9120394;461.1739324;443.91;2019-07-24 09:35:33;420.8697756;420.87
2019-07-24 09:56:59;9756.5;9747.82;9748.775;9751.031667;443.7572794;461.0191724;443.91;2019-07-24 09:35:33;420.7228585;420.87
2019-07-24 09:57:59;9756.5;9750.08;9748.775;9751.785;443.7928963;461.0547893;443.91;2019-07-24 09:35:33;420.7566704;420.87
2019-07-24 09:58:59;9756.5;9753.47;9748.775;9752.915;443.8463216;461.1082146;443.91;2019-07-24 09:35:33;420.8073882;420.87
2019-07-24 09:59:59;9756.5;9753.47;9748.775;9752.915;443.8463216;461.1082146;443.91;2019-07-24 09:35:33;420.8073882;420.87
2019-07-24 10:00:59;9752.5;9745.89;9748.775;9749.055;443.6638246;460.9257176;443.91;2019-07-24 09:35:33;420.6341398;420.87
2019-07-24 10:01:58;9742.25;9738.55;9734.415;9738.405;443.1603031;460.4221961;443.91;2019-07-24 09:35:33;420.1561358;420.87
2019-07-24 10:02:58;9742.25;9741.97;9734.14;9739.453333;443.2098672;460.4717602;443.91;2019-07-24 09:35:33;420.2031882;420.87
2019-07-24 10:03:59;9742.25;9740;9734.79;9739.013333;443.1890645;460.4509575;443.91;2019-07-24 09:35:33;420.1834396;420.87
2019-07-24 10:04:59;9738.75;9735.77;9735.075;9736.531667;443.0717337;460.3336267;443.91;2019-07-24 09:35:33;420.072055;420.87
2019-07-24 10:05:58;9738.75;9738.91;9729.995;9735.885;443.04116;460.303053;443.04;2019-07-24 09:35:33;420.0397756;420.04
2019-07-24 10:06:59;9738.75;9741.68;9743.725;9741.385;443.3011945;460.5630875;443.04;2019-07-24 09:35:33;420.2866303;420.04
2019-07-24 10:07:59;9738.75;9741.58;9745.545;9741.958333;443.3283012;460.5901942;443.04;2019-07-24 09:35:33;420.312363;420.04
2019-07-24 10:08:59;9738.75;9746;9745.545;9743.431667;443.3979589;460.6598519;443.04;2019-07-24 09:35:33;420.3784901;420.04
2019-07-24 10:09:59;9738.75;9746;9746.74;9743.83;443.4167917;460.6786847;443.04;2019-07-24 09:35:33;420.3963684;420.04
2019-07-24 10:10:59;9738.75;9747.49;9743.485;9743.241667;443.3889759;460.6508689;443.04;2019-07-24 09:35:33;420.3699624;420.04
2019-07-24 10:11:59;9752.25;9760.8;9759.545;9757.531667;444.064593;461.326486;443.04;2019-07-24 09:35:33;421.0113358;420.04
2019-07-24 10:12:59;9743;9736.6;9751.26;9743.62;443.4068631;460.6687561;443.04;2019-07-24 09:35:33;420.386943;420.04
2019-07-24 10:13:58;9743.5;9740.53;9733.33;9739.12;443.1941076;460.4560006;443.04;2019-07-24 09:35:33;420.184971;420.04
2019-07-24 10:14:59;9743.5;9730.02;9738.39;9737.303333;443.1082174;460.3701104;443.04;2019-07-24 09:35:33;420.1034342;420.04
2019-07-24 10:15:58;9743.5;9742.53;9738.415;9741.481667;443.3057648;460.5676578;443.29;2019-07-24 09:35:33;420.2903978;420.28
2019-07-24 10:17:00;9753.5;9769.91;9740.375;9754.595;443.9257503;461.1876433;443.29;2019-07-24 09:35:33;420.8789585;420.28
2019-07-24 10:17:59;9753.5;9766.36;9747.81;9755.89;443.9869766;461.2488696;443.29;2019-07-24 09:35:33;420.9370814;420.28
2019-07-24 10:18:59;9753.5;9760.57;9769.32;9761.13;444.2347187;461.4966117;443.29;2019-07-24 09:35:33;421.1722663;420.28
2019-07-24 10:19:58;9753.5;9767.99;9767.085;9762.858333;444.3164326;461.5783256;443.29;2019-07-24 09:35:33;421.2498384;420.28
2019-07-24 10:20:59;9746.75;9745.01;9738.855;9743.538333;443.403002;460.664895;443.29;2019-07-24 09:35:33;420.3827064;420.28
2019-07-24 10:21:59;9739.25;9747.61;9740.085;9742.315;443.345164;460.607057;443.29;2019-07-24 09:35:33;420.3278;420.28
2019-07-24 10:22:58;9739.25;9755.35;9753.105;9749.235;443.6723348;460.9342278;443.29;2019-07-24 09:35:33;420.6383877;420.28
2019-07-24 10:23:59;9739.25;9743.47;9747.695;9743.471667;443.3998501;460.6617431;443.29;2019-07-24 09:35:33;420.3797142;420.28
2019-07-24 10:24:58;9739.25;9757.65;9749.005;9748.635;443.6439674;460.9058604;443.29;2019-07-24 09:35:33;420.6114581;420.28
2019-07-24 10:25:59;9739.25;9747.65;9752.31;9746.403333;443.5384564;460.8003494;443.29;2019-07-24 09:35:33;420.5166839;420.28
2019-07-24 10:26:59;9739.25;9743.65;9736.61;9739.836667;443.2279909;460.4898839;443.29;2019-07-24 09:35:33;420.2219511;420.28
2019-07-24 10:27:59;9737.75;9742.15;9732.43;9737.443333;443.1148364;460.3767294;443.29;2019-07-24 09:35:33;420.1145307;420.28
2019-07-24 10:28:59;9737.75;9742.15;9736.23;9738.71;443.1747232;460.4366162;443.29;2019-07-24 09:35:33;420.1713827;420.28
2019-07-24 10:29:58;9736.75;9743.58;9737.565;9739.298333;443.202539;460.464432;443.29;2019-07-24 09:35:33;420.197789;420.28
2019-07-24 10:30:58;9735;9739.75;9731.27;9735.34;443.0153929;460.2772859;443.29;2019-07-24 09:35:33;420.0201265;420.28
2019-07-24 10:31:59;9735;9739.65;9730.005;9734.885;442.9938809;460.2557739;443.29;2019-07-24 09:35:33;419.9997046;420.28
2019-07-24 10:32:58;9735;9740.64;9730.005;9735.215;443.009483;460.271376;443.29;2019-07-24 09:35:33;420.0145161;420.28
2019-07-24 10:33:59;9735;9735;9737.335;9735.778333;443.0361169;460.2980099;443.29;2019-07-24 09:35:33;420.0398003;420.28
2019-07-24 10:34:58;9735;9743.02;9738.015;9738.678333;443.173226;460.435119;443.29;2019-07-24 09:35:33;420.1699614;420.28
2019-07-24 10:35:59;9735;9747.62;9737.375;9739.998333;443.2356343;460.4975273;443.13;2019-07-24 10:35:33;420.2313616;420.13
2019-07-24 10:36:59;9735;9742.38;9731.985;9736.455;443.068109;460.330002;443.13;2019-07-24 10:35:33;420.0723248;420.13
2019-07-24 10:37:59;9716.75;9722.11;9732.07;9723.643333;442.462386;459.724279;443.13;2019-07-24 10:35:33;419.4972939;420.13
2019-07-24 10:38:59;9716;9706;9714.995;9712.331667;441.9275816;459.1894746;443.13;2019-07-24 10:35:33;418.989588;420.13
2019-07-24 10:39:58;9693.25;9698.13;9700.15;9697.176667;441.2110681;458.4729611;443.13;2019-07-24 10:35:33;418.3093803;420.13
2019-07-24 10:40:59;9695;9693.35;9688.435;9692.261667;440.9786917;458.2405847;443.13;2019-07-24 10:35:33;418.0887784;420.13
2019-07-24 10:41:58;9691.25;9685;9682.165;9686.138333;440.6891866;457.9510796;443.13;2019-07-24 10:35:33;417.8139425;420.13
2019-07-24 10:42:59;9687.75;9694;9677.355;9686.368333;440.7000607;457.9619537;443.13;2019-07-24 10:35:33;417.8242657;420.13
2019-07-24 10:43:59;9688.75;9691.54;9689.5;9689.93;440.8684528;458.1303458;443.13;2019-07-24 10:35:33;417.9841253;420.13
2019-07-24 10:44:59;9688.75;9692.75;9685.705;9689.068333;440.8277141;458.0896071;443.13;2019-07-24 10:35:33;417.9454508;420.13
2019-07-24 10:45:59;9688.75;9684.21;9685.275;9686.078333;440.6863498;457.9482428;440.81;2019-07-24 10:35:33;417.8068202;417.92
2019-07-24 10:46:59;9688.75;9697.22;9692.35;9692.773333;441.0028828;458.2647758;440.81;2019-07-24 10:35:33;418.1073114;417.92
2019-07-24 10:47:59;9695.25;9691.25;9695.5;9694;441.0608784;458.3227714;440.81;2019-07-24 10:35:33;418.1623678;417.92
2019-07-24 10:48:59;9695.5;9690.55;9695.405;9693.818333;441.0522894;458.3141824;440.81;2019-07-24 10:35:33;418.1542141;417.92
2019-07-24 10:49:58;9677;9672.62;9678.805;9676.141667;440.216554;457.478447;440.81;2019-07-24 10:35:33;417.3608335;417.92
2019-07-24 10:50:58;9672;9683.53;9668.995;9674.841667;440.1550913;457.4169843;440.81;2019-07-24 10:35:33;417.3024857;417.92
2019-07-24 10:51:59;9671;9669.74;9671.475;9670.738333;439.9610897;457.2229827;440.81;2019-07-24 10:35:33;417.1183161;417.92
2019-07-24 10:52:59;9667;9669.52;9660.835;9665.785;439.726901;456.988794;440.81;2019-07-24 10:35:33;416.895996;417.92
2019-07-24 10:54:05;9667;9668.52;9660.005;9665.175;439.6980608;456.9599538;440.81;2019-07-24 10:35:33;416.8686174;417.92
2019-07-24 10:54:58;9665;9678.43;9667.695;9670.375;439.9439117;457.2058047;440.81;2019-07-24 10:35:33;417.1020086;417.92
2019-07-24 10:55:59;9665;9667.75;9668.95;9667.233333;439.798857;457.06075;439.93;2019-07-24 10:35:33;416.6663567;416.79
2019-07-24 10:56:59;9665;9678.44;9670.82;9671.42;439.9968;457.258693;439.93;2019-07-24 10:35:33;416.854139;416.79
2019-07-24 10:57:59;9673;9687.4;9670.995;9677.131667;440.266844;457.528737;439.93;2019-07-24 10:35:33;417.1103212;416.79
2019-07-24 10:58:59;9685.5;9694.91;9690.665;9690.358333;440.8921925;458.1540855;439.93;2019-07-24 10:35:33;417.7035697;416.79
2019-07-24 10:59:58;9693.75;9700.42;9700.32;9698.163333;441.261208;458.523101;439.93;2019-07-24 10:35:33;418.053643;416.79
2019-07-24 11:00:58;9693.75;9680.77;9682.455;9685.658333;440.6699795;457.9318725;439.93;2019-07-24 10:35:33;417.4927631;416.79
2019-07-24 11:01:58;9690.75;9690.41;9689.525;9690.228333;440.8860462;458.1479392;439.93;2019-07-24 10:35:33;417.6977388;416.79
2019-07-24 11:02:59;9688.5;9688.04;9685.4;9687.313333;440.7482268;458.0101198;439.93;2019-07-24 10:35:33;417.5669939;416.79
2019-07-24 11:03:59;9640.5;9626.28;9664.155;9643.645;438.6836153;455.9455083;439.93;2019-07-24 10:35:33;415.6083622;416.79
2019-07-24 11:04:58;9625.25;9625.29;9629.885;9626.808333;437.8875882;455.1494812;439.93;2019-07-24 10:35:33;414.8531965;416.79
2019-07-24 11:05:59;9635;9639.9;9620.86;9631.92;438.1292647;455.3911577;438.45;2019-07-24 10:35:33;415.0763532;415.38
2019-07-24 11:06:59;9635;9640;9635.735;9636.911667;438.3652675;455.6271605;438.45;2019-07-24 10:35:33;415.3002385;415.38
2019-07-24 11:07:59;9635;9649.08;9646.115;9643.398333;438.6719531;455.9338461;438.45;2019-07-24 10:35:33;415.5911773;415.38
2019-07-24 11:08:59;9617.5;9609.35;9621.68;9616.176667;437.3849297;454.6468227;438.45;2019-07-24 10:35:33;414.3702361;415.38
2019-07-24 11:09:59;9618.25;9624.66;9615.285;9619.398333;437.5372481;454.7991411;438.45;2019-07-24 10:35:33;414.5147337;415.38
2019-07-24 11:10:59;9615.75;9621.69;9614.225;9617.221667;437.4343366;454.6962296;438.45;2019-07-24 10:35:33;414.4171063;415.38
2019-07-24 11:11:59;9622.75;9623.21;9615.015;9620.325;437.5810603;454.8429533;438.45;2019-07-24 10:35:33;414.5562964;415.38
2019-07-24 11:12:59;9633.25;9642.24;9629.71;9635.066667;438.2780371;455.5399301;438.45;2019-07-24 10:35:33;415.2174869;415.38
2019-07-24 11:13:59;9633.25;9635.07;9635.035;9634.451667;438.2489603;455.5108533;438.45;2019-07-24 10:35:33;415.1899031;415.38
2019-07-24 11:14:59;9633.25;9634.41;9627.18;9631.613333;438.1147656;455.3766586;438.45;2019-07-24 10:35:33;415.0625987;415.38
2019-07-24 11:15:59;9633.25;9624;9629.835;9629.028333;437.9925485;455.2544415;438.13;2019-07-24 10:35:33;414.9489572;415.08
2019-07-24 11:16:59;9633.25;9628.2;9629.815;9630.421667;438.0584244;455.3203174;438.13;2019-07-24 10:35:33;415.0114511;415.08
2019-07-24 11:17:58;9627;9628.64;9625.005;9626.881667;437.8910554;455.1529484;438.13;2019-07-24 10:35:33;414.8526748;415.08
2019-07-24 11:18:59;9660.25;9667.4;9646.925;9658.191667;439.3713726;456.6332656;438.13;2019-07-24 10:35:33;416.2569927;415.08
2019-07-24 11:19:59;9674;9672.33;9685.17;9677.166667;440.2684988;457.5303918;438.13;2019-07-24 10:35:33;417.1080604;415.08
2019-07-24 11:20:58;9674;9685.36;9680.06;9679.806667;440.3933163;457.6552093;438.13;2019-07-24 10:35:33;417.2264698;415.08
2019-07-24 11:21:58;9738.25;9740.65;9681.495;9720.131667;442.2998571;459.5617501;438.13;2019-07-24 10:35:33;419.0351289;415.08
2019-07-24 11:22:59;9714;9711.98;9721.84;9715.94;442.1016777;459.3635707;438.13;2019-07-24 10:35:33;418.847124;415.08
2019-07-24 11:23:59;9714;9710.3;9702.3;9708.866667;441.767255;459.029148;438.13;2019-07-24 10:35:33;418.5298705;415.08
2019-07-24 11:24:58;9715;9727.18;9725.05;9722.41;442.4075753;459.6694683;438.13;2019-07-24 10:35:33;419.1373168;415.08
2019-07-24 11:25:59;9721;9709;9724.81;9718.27;442.2118387;459.4737317;442.33;2019-07-24 10:35:33;418.9514581;419.06
2019-07-24 11:26:59;9721;9715.71;9714.595;9717.101667;442.1566006;459.4184936;442.33;2019-07-24 10:35:33;418.8990559;419.06
2019-07-24 11:27:59;9721;9713.54;9715.525;9716.688333;442.1370585;459.3989515;442.33;2019-07-24 10:35:33;418.8805171;419.06
2019-07-24 11:28:59;9721;9715.78;9713.99;9716.923333;442.1481691;459.4100621;442.33;2019-07-24 10:35:33;418.8910573;419.06
2019-07-24 11:29:58;9721;9721.73;9716.305;9719.678333;442.2784238;459.5403168;442.33;2019-07-24 10:35:33;419.0146247;419.06
2019-07-24 11:30:58;9673.25;9682.36;9711.885;9689.165;440.8357725;458.0976655;442.33;2019-07-24 10:35:33;417.6460396;419.06
2019-07-24 11:31:59;9684.5;9700.1;9694.715;9693.105;441.0220532;458.2839462;442.33;2019-07-24 10:35:33;417.8227566;419.06
2019-07-24 11:33:14;9696;9691.12;9695.37;9694.163333;441.0720905;458.3339835;442.33;2019-07-24 10:35:33;417.870225;419.06
2019-07-24 11:33:59;9685;9684.18;9686.85;9685.343333;440.6550865;457.9169795;442.33;2019-07-24 10:35:33;417.47463;419.06
2019-07-24 11:34:59;9686.25;9687.85;9676.64;9683.58;440.5717172;457.8336102;442.33;2019-07-24 10:35:33;417.3955409;419.06
2019-07-24 11:35:59;9686.25;9693.53;9680.895;9686.891667;440.7282907;457.9901837;440.78;2019-07-24 11:35:33;417.5743225;417.62
2019-07-24 11:36:58;9686.25;9704.5;9688.535;9693.095;441.0215804;458.2834734;440.78;2019-07-24 11:35:33;417.852574;417.62
2019-07-24 11:37:59;9698.5;9707.55;9694.715;9700.255;441.3601007;458.6219937;440.78;2019-07-24 11:35:33;418.1737369;417.62
2019-07-24 11:38:59;9698.5;9707.52;9707.325;9704.448333;441.5583589;458.8202519;440.78;2019-07-24 11:35:33;418.3618296;417.62
2019-07-24 11:39:59;9698.5;9700.8;9696.52;9698.606667;441.2821686;458.5440616;440.78;2019-07-24 11:35:33;418.0998007;417.62
2019-07-24 11:40:59;9698.5;9700.08;9698.505;9699.028333;441.3021047;458.5639977;440.78;2019-07-24 11:35:33;418.1187146;417.62
2019-07-24 11:41:59;9698.5;9708.06;9707.73;9704.763333;441.5732519;458.8351449;440.78;2019-07-24 11:35:33;418.3759589;417.62
2019-07-24 11:42:58;9705;9694.48;9697.745;9699.075;441.3043111;458.5662041;440.78;2019-07-24 11:35:33;418.1208078;417.62
2019-07-24 11:43:59;9692;9683.58;9695.92;9690.5;440.8988904;458.1607834;440.78;2019-07-24 11:35:33;417.7361749;417.62
2019-07-24 11:44:59;9692;9688.06;9682.795;9687.618333;440.762647;458.02454;440.78;2019-07-24 11:35:33;417.6069172;417.62
2019-07-24 11:45:58;9686;9680.29;9684.435;9683.575;439.8887887;457.1506817;440.02;2019-07-24 11:35:33;417.3519602;417.48
2019-07-24 11:46:59;9686;9690.6;9687.695;9688.098333;440.1023302;457.3642232;440.02;2019-07-24 11:35:33;417.5548207;417.48
2019-07-24 11:47:59;9675;9678.76;9689.365;9681.041667;439.7691929;457.0310859;440.02;2019-07-24 11:35:33;417.2383464;417.48
2019-07-24 11:48:59;9675;9692.11;9679.87;9682.326667;439.8298563;457.0917493;440.02;2019-07-24 11:35:33;417.2959755;417.48
2019-07-24 11:49:58;9675;9701.25;9697.2;9691.15;440.246396;457.508289;440.02;2019-07-24 11:35:33;417.6916805;417.48
2019-07-24 11:50:59;9675;9701.76;9697.87;9691.543333;440.2649648;457.5268578;440.02;2019-07-24 11:35:33;417.7093205;417.48
2019-07-24 11:51:59;9675;9698.74;9696.5;9690.08;440.1958825;457.4577755;440.02;2019-07-24 11:35:33;417.6436936;417.48
2019-07-24 11:53:01;9706.5;9710.57;9698.79;9705.286667;440.9137721;458.1756651;440.02;2019-07-24 11:35:33;418.3256755;417.48
2019-07-24 11:53:59;9709;9707.78;9709.565;9708.781667;441.0787671;458.3406601;440.02;2019-07-24 11:35:33;418.4824177;417.48
2019-07-24 11:54:58;9708.25;9723.3;9706.635;9712.728333;441.2650848;458.5269778;440.02;2019-07-24 11:35:33;418.6594161;417.48
2019-07-24 11:55:59;9708.25;9712.2;9721.695;9714.048333;441.3274005;458.5892935;441.3;2019-07-24 11:35:33;418.7132457;418.69
2019-07-24 11:56:59;9711;9718.3;9711.26;9713.52;441.3024585;458.5643515;441.3;2019-07-24 11:35:33;418.6895515;418.69
2019-07-24 11:57:58;9711;9710.27;9710.095;9710.455;441.1577633;458.4196563;441.3;2019-07-24 11:35:33;418.5520955;418.69
2019-07-24 11:58:59;9704;9712.32;9707.63;9707.983333;441.0410787;458.3029717;441.3;2019-07-24 11:35:33;418.4412486;418.69
2019-07-24 11:59:59;9704;9715.98;9709.085;9709.688333;441.1215698;458.3834628;441.3;2019-07-24 11:35:33;418.5177128;418.69
2019-07-24 12:00:59;9712;9708.22;9713.65;9711.29;441.1971827;458.4590757;441.3;2019-07-24 11:35:33;418.5895427;418.69
2019-07-24 12:01:59;9733.25;9730.87;9738.02;9734.046667;442.2714993;459.5333923;441.3;2019-07-24 11:35:33;419.6101111;418.69
2019-07-24 12:02:58;9736;9744.76;9742.235;9740.998333;442.5996797;459.8615727;441.3;2019-07-24 11:35:33;419.9218725;418.69
2019-07-24 12:03:59;9736;9743.69;9742.64;9740.776667;442.5892151;459.8511081;441.3;2019-07-24 11:35:33;419.9119314;418.69
2019-07-24 12:04:59;9721;9717.78;9732.34;9723.706667;441.7833596;459.0452526;441.3;2019-07-24 11:35:33;419.146393;418.69
2019-07-24 12:05:59;9718;9723.44;9722.74;9721.393333;441.6741497;458.9360427;441.5;2019-07-24 11:35:33;419.0438415;418.88
2019-07-24 12:06:59;9721;9734.79;9724.18;9726.656667;441.9226257;459.1845187;441.5;2019-07-24 11:35:33;419.2798869;418.88
2019-07-24 12:07:59;9721;9737.39;9729.07;9729.153333;442.0404906;459.3023836;441.5;2019-07-24 11:35:33;419.3918552;418.88
2019-07-24 12:08:58;9720.75;9726.28;9728.975;9725.335;441.8602313;459.1221243;441.5;2019-07-24 11:35:33;419.2206139;418.88
2019-07-24 12:09:59;9723;9728.78;9723.355;9725.045;441.8465408;459.1084338;441.5;2019-07-24 11:35:33;419.2076083;418.88
2019-07-24 12:10:59;9723;9726.78;9723.4;9724.393333;441.8157763;459.0776693;441.5;2019-07-24 11:35:33;419.1783829;418.88
2019-07-24 12:11:59;9723;9716.4;9715.625;9718.341667;441.5300839;458.7919769;441.5;2019-07-24 11:35:33;418.906983;418.88
2019-07-24 12:12:59;9723;9720.25;9716.5;9719.916667;441.6044379;458.8663309;441.5;2019-07-24 11:35:33;418.9776173;418.88
2019-07-24 12:13:58;9714.25;9718.14;9715.905;9716.098333;441.4241787;458.6860717;441.5;2019-07-24 11:35:33;418.806376;418.88
2019-07-24 12:14:59;9715.75;9714.86;9714.995;9715.201667;441.3818481;458.6437411;441.5;2019-07-24 11:35:33;418.766163;418.88
2019-07-24 12:15:59;9712.5;9716.74;9713.295;9714.178333;441.3335377;458.5954307;441.31;2019-07-24 11:35:33;418.7263854;418.7
2019-07-24 12:16:59;9712.5;9717.83;9713.295;9714.541667;441.3506902;458.6125832;441.31;2019-07-24 11:35:33;418.7426801;418.7
2019-07-24 12:17:59;9711.25;9714.27;9708.74;9711.42;441.2033199;458.4652129;441.31;2019-07-24 11:35:33;418.6026804;418.7
2019-07-24 12:18:59;9711.25;9719.93;9712.805;9714.661667;441.3563553;458.6182483;441.31;2019-07-24 11:35:33;418.7480618;418.7
2019-07-24 12:19:59;9711.25;9724.05;9714.49;9716.596667;441.4477045;458.7095975;441.31;2019-07-24 11:35:33;418.8348423;418.7
2019-07-24 12:20:59;9725.5;9723.88;9727.39;9725.59;441.8722696;459.1341626;441.31;2019-07-24 11:35:33;419.2381731;418.7
2019-07-24 12:21:59;9718;9732.54;9718.655;9723.065;441.7530672;459.0149602;441.31;2019-07-24 11:35:33;419.1249325;418.7
2019-07-24 12:22:59;9729.25;9720.49;9729.94;9726.56;441.9180622;459.1799552;441.31;2019-07-24 11:35:33;419.2816754;418.7
2019-07-24 12:23:59;9721.75;9719.73;9723.295;9721.591667;441.6835128;458.9454058;441.31;2019-07-24 11:35:33;419.0588568;418.7
2019-07-24 12:24:58;9721.75;9726.77;9726.425;9724.981667;441.8435509;459.1054439;441.31;2019-07-24 11:35:33;419.2108907;418.7
2019-07-24 12:25:59;9722.75;9724.87;9726.425;9724.681667;441.8293882;459.0912812;441.64;2019-07-24 11:35:33;419.1939491;419.01
2019-07-24 12:26:58;9722.75;9723.48;9717.325;9721.185;441.6643145;458.9262075;441.64;2019-07-24 11:35:33;419.0371327;419.01
2019-07-24 12:27:59;9715.5;9723.78;9712.075;9717.118333;441.4723318;458.7342248;441.64;2019-07-24 11:35:33;418.8547532;419.01
2019-07-24 12:28:59;9720.25;9730.1;9720.66;9723.67;441.7816286;459.0435216;441.64;2019-07-24 11:35:33;419.1485785;419.01
2019-07-24 12:29:59;9714.5;9711.66;9719.12;9715.093333;441.3767338;458.6386268;441.64;2019-07-24 11:35:33;418.7639373;419.01
2019-07-24 12:30:59;9701.25;9695.22;9708.125;9701.531667;440.7365028;457.9983958;441.64;2019-07-24 11:35:33;418.1557318;419.01
2019-07-24 12:31:58;9695.75;9692.95;9701.215;9696.638333;440.505494;457.767387;441.64;2019-07-24 11:35:33;417.9362785;419.01
2019-07-24 12:32:59;9699.75;9701.39;9693.535;9698.225;440.5803987;457.8422917;441.64;2019-07-24 11:35:33;418.0074364;419.01
2019-07-24 12:33:59;9703.25;9703.97;9704.245;9703.821667;440.8446111;458.1065041;441.64;2019-07-24 11:35:33;418.2584323;419.01
2019-07-24 12:34:58;9703.25;9707.27;9712.765;9707.761667;441.0306141;458.2925071;441.64;2019-07-24 11:35:33;418.4351311;419.01
2019-07-24 12:35:59;9718.75;9719.5;9716.87;9718.373333;441.5315789;458.7934719;441.1;2019-07-24 12:35:33;418.9109516;418.5
2019-07-24 12:36:59;9718.75;9719.5;9716.74;9718.33;441.5295332;458.7914262;441.1;2019-07-24 12:35:33;418.9090082;418.5
2019-07-24 12:37:59;9724.25;9728.35;9715.46;9722.686667;441.7352065;458.9970995;441.1;2019-07-24 12:35:33;419.1043933;418.5
2019-07-24 12:38:58;9741;9746.34;9729.18;9738.84;442.4977872;459.7596802;441.1;2019-07-24 12:35:33;419.8288282;418.5
2019-07-24 12:39:59;9737.5;9737.39;9737.7;9737.53;442.4359436;459.6978366;441.1;2019-07-24 12:35:33;419.7700781;418.5
2019-07-24 12:40:59;9737.5;9733.59;9739.01;9736.7;442.3967602;459.6586532;441.1;2019-07-24 12:35:33;419.7328548;418.5
2019-07-24 12:41:59;9737.5;9727.4;9738.33;9734.41;442.2886519;459.5505449;441.1;2019-07-24 12:35:33;419.6301543;418.5
2019-07-24 12:42:59;9735.5;9721.83;9731.66;9729.663333;442.0645671;459.3264601;441.1;2019-07-24 12:35:33;419.4172786;418.5
2019-07-24 12:43:59;9735.5;9736.77;9727.775;9733.348333;442.2385318;459.5004248;441.1;2019-07-24 12:35:33;419.5825413;418.5
2019-07-24 12:44:59;9735.5;9738.51;9732.185;9735.398333;442.33531;459.597203;441.1;2019-07-24 12:35:33;419.6744784;418.5
2019-07-24 12:45:58;9733.5;9728.31;9737.24;9733.016667;442.4849357;459.7468287;442.54;2019-07-24 12:35:33;419.8042095;419.86
2019-07-24 12:46:59;9731.75;9730.47;9729.765;9730.661667;442.3736954;459.6355884;442.54;2019-07-24 12:35:33;419.6985367;419.86
2019-07-24 12:47:58;9732;9738.51;9727.045;9732.518333;442.4613965;459.7232895;442.54;2019-07-24 12:35:33;419.7818485;419.86
2019-07-24 12:49:00;9731.75;9733;9732.025;9732.258333;442.4491152;459.7110082;442.54;2019-07-24 12:35:33;419.7701818;419.86
2019-07-24 12:49:59;9731.75;9733;9727.24;9730.663333;442.3737741;459.6356671;442.54;2019-07-24 12:35:33;419.6986115;419.86
2019-07-24 12:50:59;9747.75;9742.18;9728.845;9739.591667;442.795511;460.057404;442.54;2019-07-24 12:35:33;420.0992409;419.86
2019-07-24 12:51:59;9765;9767;9767.165;9766.388333;444.061273;461.323166;442.54;2019-07-24 12:35:33;421.3016528;419.86
2019-07-24 12:52:59;9765;9753.71;9757.85;9758.853333;443.7053513;460.9672443;442.54;2019-07-24 12:35:33;420.9635445;419.86
2019-07-24 12:53:59;9762.5;9746.63;9759.17;9756.1;443.5752954;460.8371884;442.54;2019-07-24 12:35:33;420.8399978;419.86
2019-07-24 12:54:58;9762.5;9744.12;9750.84;9752.486667;443.4046167;460.6665097;442.54;2019-07-24 12:35:33;420.6778614;419.86
2019-07-24 12:55:59;9751.25;9742.21;9749.13;9747.53;443.1704846;460.4323776;443.55;2019-07-24 12:35:33;420.4537202;420.81
2019-07-24 12:56:59;9746.75;9748.08;9739.895;9744.908333;443.0466481;460.3085411;443.55;2019-07-24 12:35:33;420.336082;420.81
2019-07-24 12:57:58;9746.75;9742.43;9745.99;9745.056667;443.0536547;460.3155477;443.55;2019-07-24 12:35:33;420.3427379;420.81
2019-07-24 12:58:59;9746.75;9752.42;9742.625;9747.265;443.1579671;460.4198601;443.55;2019-07-24 12:35:33;420.4418292;420.81
2019-07-24 12:59:59;9744;9741.98;9748.15;9744.71;443.0372796;460.2991726;443.55;2019-07-24 12:35:33;420.3271825;420.81
2019-07-24 13:00:59;9748.5;9742.77;9745.135;9745.468333;443.0731001;460.3349931;443.55;2019-07-24 12:35:33;420.36121;420.81
2019-07-24 13:01:59;9753.25;9754.2;9755.1;9754.183333;443.4847601;460.7466531;443.55;2019-07-24 12:35:33;420.7522653;420.81
2019-07-24 13:02:59;9761;9768.56;9756.205;9761.921667;443.8502865;461.1121795;443.55;2019-07-24 12:35:33;421.0994961;420.81
2019-07-24 13:03:59;9760.75;9762.68;9764.03;9762.486667;443.8769747;461.1388677;443.55;2019-07-24 12:35:33;421.1248485;420.81
2019-07-24 13:04:59;9760.75;9752.14;9758.725;9757.205;443.6274909;460.8893839;443.55;2019-07-24 12:35:33;420.8878521;420.81
2019-07-24 13:05:59;9760.75;9767.81;9765.4;9764.653333;443.9793189;461.2412119;443.96;2019-07-24 12:35:33;421.2176493;421.2
2019-07-24 13:06:59;9777.75;9769.37;9769.35;9772.156667;444.3337449;461.5956379;443.96;2019-07-24 12:35:33;421.5543318;421.2
2019-07-24 13:07:59;9765.5;9761.81;9765.725;9764.345;443.9647546;461.2266476;443.96;2019-07-24 12:35:33;421.203814;421.2
2019-07-24 13:08:59;9765.5;9751.98;9756.845;9758.108333;443.6701606;460.9320536;443.96;2019-07-24 12:35:33;420.9239682;421.2
2019-07-24 13:09:59;9765.5;9757.21;9753.335;9758.681667;443.6972425;460.9591355;443.96;2019-07-24 12:35:33;420.9496942;421.2
2019-07-24 13:10:59;9750;9744.89;9753.335;9749.408333;443.2592092;460.5211022;443.96;2019-07-24 12:35:33;420.5335899;421.2
2019-07-24 13:11:59;9742.25;9750.41;9748.235;9746.965;443.1437963;460.4056893;443.96;2019-07-24 12:35:33;420.4239549;421.2
2019-07-24 13:12:59;9746.75;9749.67;9741.475;9745.965;443.0965605;460.3584535;443.96;2019-07-24 12:35:33;420.3790839;421.2
2019-07-24 13:13:59;9728.5;9730.53;9719.82;9726.283333;442.1668813;459.4287743;443.96;2019-07-24 12:35:33;419.4959465;421.2
2019-07-24 13:14:59;9729;9737.18;9730.155;9732.111667;442.4421873;459.7040803;443.96;2019-07-24 12:35:33;419.7574701;421.2
2019-07-24 13:15:59;9725.75;9721.9;9735.6;9727.75;442.2361605;459.4980535;442.15;2019-07-24 12:35:33;419.5639093;419.48
2019-07-24 13:16:58;9726;9723.84;9724.23;9724.69;442.0916189;459.3535119;442.15;2019-07-24 12:35:33;419.4266032;419.48
2019-07-24 13:17:59;9720;9723.7;9715.59;9719.763333;441.8589039;459.1207969;442.15;2019-07-24 12:35:33;419.2055373;419.48
2019-07-24 13:18:59;9715;9720.64;9712.205;9715.948333;441.6786993;458.9405923;442.15;2019-07-24 12:35:33;419.0343533;419.48
2019-07-24 13:19:59;9712.25;9715;9703.49;9710.246667;441.4093765;458.6712695;442.15;2019-07-24 12:35:33;418.7785122;419.48
2019-07-24 13:20:59;9712.25;9721.1;9714.94;9716.096667;441.6857059;458.9475989;442.15;2019-07-24 12:35:33;419.0410093;419.48
2019-07-24 13:21:58;9712;9714.5;9704.205;9710.235;441.4088254;458.6707184;442.15;2019-07-24 12:35:33;418.7779887;419.48
2019-07-24 13:22:59;9718.25;9721.11;9716.815;9718.725;441.8098574;459.0717504;442.15;2019-07-24 12:35:33;419.1589459;419.48
2019-07-24 13:23:59;9718.25;9709.96;9711.5;9713.236667;441.5506115;458.8125045;442.15;2019-07-24 12:35:33;418.9126774;419.48
2019-07-24 13:24:58;9718.25;9707.42;9704.485;9710.051667;441.4001655;458.6620585;442.15;2019-07-24 12:35:33;418.7697623;419.48
2019-07-24 13:25:59;9718.25;9717.07;9714.825;9716.715;441.7149134;458.9768064;441.67;2019-07-24 12:35:33;419.055543;419.01
2019-07-24 13:26:59;9718.25;9716.42;9707.84;9714.17;441.5946983;458.8565913;441.67;2019-07-24 12:35:33;418.941349;419.01
2019-07-24 13:27:58;9718.25;9715.22;9709.28;9714.25;441.5984772;458.8603702;441.67;2019-07-24 12:35:33;418.9449386;419.01
2019-07-24 13:28:59;9718.25;9721.34;9718.445;9719.345;441.8391436;459.1010366;441.67;2019-07-24 12:35:33;419.1735509;419.01
2019-07-24 13:29:59;9717.25;9721.33;9718.005;9718.861667;441.8163129;459.0782059;441.67;2019-07-24 12:35:33;419.1518638;419.01
2019-07-24 13:30:59;9713.75;9710.9;9715.33;9713.326667;441.5548628;458.8167558;441.67;2019-07-24 12:35:33;418.9035087;419.01
2019-07-24 13:31:59;9713.75;9716.32;9711.295;9713.788333;441.57667;458.838563;441.67;2019-07-24 12:35:33;418.9242237;419.01
2019-07-24 13:32:59;9713.75;9707.23;9712.655;9711.211667;441.454959;458.716852;441.67;2019-07-24 12:35:33;418.8086088;419.01
2019-07-24 13:33:59;9713.75;9720.21;9719.32;9717.76;441.7642748;459.0261678;441.67;2019-07-24 12:35:33;419.102432;419.01
2019-07-24 13:34:59;9713.75;9704.47;9712.87;9710.363333;441.4148873;458.6767803;441.67;2019-07-24 12:35:33;418.7705442;419.01
2019-07-24 13:35:59;9701.25;9698.54;9712.405;9704.065;440.7270345;457.9889275;440.61;2019-07-24 13:35:33;418.2541326;418.14
2019-07-24 13:37:00;9689.25;9708.89;9703.655;9700.598333;440.5634232;457.8253162;440.61;2019-07-24 13:35:33;418.0986671;418.14
2019-07-24 13:37:59;9683.25;9675;9678.94;9679.063333;439.5470665;456.8089595;440.61;2019-07-24 13:35:33;417.1329121;418.14
2019-07-24 13:38:58;9680;9673.95;9679.66;9677.87;439.4907464;456.7526394;440.61;2019-07-24 13:35:33;417.0793961;418.14
2019-07-24 13:39:59;9682;9683.24;9676.08;9680.44;439.6120391;456.8739321;440.61;2019-07-24 13:35:33;417.1946498;418.14
2019-07-24 13:40:59;9685.5;9677.01;9680.35;9680.953333;439.6362661;456.8981591;440.61;2019-07-24 13:35:33;417.2176707;418.14
2019-07-24 13:41:58;9684.5;9688.16;9687.665;9686.775;439.911023;457.172916;440.61;2019-07-24 13:35:33;417.4787482;418.14
2019-07-24 13:42:59;9684.5;9682.43;9690.89;9685.94;439.8716147;457.1335077;440.61;2019-07-24 13:35:33;417.4413019;418.14
2019-07-24 13:43:59;9684.5;9675.9;9679.35;9679.916667;439.58734;456.849233;440.61;2019-07-24 13:35:33;417.1711805;418.14
2019-07-24 13:44:59;9680;9670.01;9678.985;9676.331667;439.4181439;456.6800369;439.69;2019-07-24 13:44:17;417.0113137;417.27
2019-07-24 13:45:59;9686.75;9681.27;9673.675;9680.565;439.6179385;456.8798315;439.69;2019-07-24 13:44:17;417.2011615;417.27
2019-07-24 13:47:00;9684.25;9687.92;9687.145;9686.438333;439.8951338;457.1570268;439.69;2019-07-24 13:44:17;417.4645566;417.27
2019-07-24 13:47:59;9684.25;9693.29;9688.015;9688.518333;439.9933006;457.2551936;439.69;2019-07-24 13:44:17;417.5578361;417.27
2019-07-24 13:48:58;9700;9704.68;9698.725;9701.135;440.5887515;457.8506445;439.69;2019-07-24 13:44:17;418.1236422;417.27
2019-07-24 13:49:59;9700;9700.01;9699.005;9699.671667;440.5196886;457.7815816;439.69;2019-07-24 13:44:17;418.0580177;417.27
2019-07-24 13:51:00;9692.75;9692.48;9691.295;9692.175;440.1658791;457.4277721;439.69;2019-07-24 13:44:17;417.7218227;417.27
2019-07-24 13:51:59;9692.75;9689.58;9684.995;9689.108333;440.021146;457.283039;439.69;2019-07-24 13:44:17;417.5842952;417.27
2019-07-24 13:52:59;9687;9688.42;9684.995;9686.805;439.9124389;457.1743319;439.69;2019-07-24 13:44:17;417.4810001;417.27
2019-07-24 13:53:59;9678.75;9685.99;9680.965;9681.901667;439.6810233;456.9429163;439.69;2019-07-24 13:44:17;417.2611056;417.27
2019-07-24 13:54:59;9683;9693.74;9690.62;9689.12;440.0216966;457.2835896;439.74;2019-07-24 13:44:17;417.5836934;417.32
2019-07-24 13:55:59;9683;9692.17;9691.325;9688.831667;440.0080886;457.2699816;439.74;2019-07-24 13:44:17;417.5707628;417.32
2019-07-24 13:56:58;9683;9692;9696.355;9690.451667;440.0845454;457.3464384;439.74;2019-07-24 13:44:17;417.643413;417.32
2019-07-24 13:57:59;9702.75;9709.27;9694.65;9702.223333;440.640116;457.902009;439.74;2019-07-24 13:44:17;418.171323;417.32
2019-07-24 13:58:59;9703.5;9704.01;9701.755;9703.088333;440.6809402;457.9428332;439.74;2019-07-24 13:44:17;418.2101146;417.32
2019-07-24 13:59:59;9703.5;9703.64;9709.995;9705.711667;440.8047499;458.0666429;439.74;2019-07-24 13:44:17;418.3277601;417.32
2019-07-24 14:00:59;9702;9687.58;9701.905;9697.161667;440.4012277;457.6631207;439.74;2019-07-24 13:44:17;417.9443284;417.32
2019-07-24 14:01:59;9696;9692.08;9695.43;9694.503333;440.2757662;457.5376592;439.74;2019-07-24 13:44:17;417.8251133;417.32
2019-07-24 14:02:59;9688.25;9696.73;9686.85;9690.61;440.0920181;457.3539111;439.74;2019-07-24 13:44:17;417.6505136;417.32
2019-07-24 14:03:59;9688.25;9696.25;9694.85;9693.116667;440.2103216;457.4722146;439.74;2019-07-24 13:44:17;417.7629271;417.32
2019-07-24 14:04:58;9688.25;9695.88;9687.605;9690.578333;440.0905235;457.3524165;440.13;2019-07-24 13:44:17;417.6549451;417.69
2019-07-24 14:05:59;9678.5;9676.33;9678.215;9677.681667;439.4818579;456.7437509;440.13;2019-07-24 13:44:17;417.0765758;417.69
2019-07-24 14:06:59;9678;9684.9;9673.96;9678.953333;439.541875;456.803768;440.13;2019-07-24 13:44:17;417.1336055;417.69
2019-07-24 14:07:59;9682.25;9684.9;9675.63;9680.926667;439.6350076;456.8969006;440.13;2019-07-24 13:44:17;417.2221024;417.69
2019-07-24 14:08:59;9685.25;9692.88;9688.135;9688.755;440.0044703;457.2663633;440.13;2019-07-24 13:44:17;417.5731751;417.69
2019-07-24 14:09:58;9689;9692.77;9691.205;9690.991667;440.110031;457.371924;440.13;2019-07-24 13:44:17;417.6734816;417.69
2019-07-24 14:10:59;9689;9688.13;9690.35;9689.16;440.0235845;457.2854775;440.13;2019-07-24 13:44:17;417.5913379;417.69
2019-07-24 14:11:59;9686.75;9678.96;9685.015;9683.575;439.7599972;457.0218902;440.13;2019-07-24 13:44:17;417.3408707;417.69
2019-07-24 14:12:58;9687.25;9691.97;9689.995;9689.738333;440.0508792;457.3127722;440.13;2019-07-24 13:44:17;417.6172741;417.69
2019-07-24 14:13:59;9687.25;9700.3;9694.995;9694.181667;440.2605849;457.5224779;440.13;2019-07-24 13:44:17;417.8165416;417.69
2019-07-24 14:14:59;9687.25;9693.93;9691.23;9690.803333;440.1011425;457.3630355;440.21;2019-07-24 13:44:17;417.657453;417.76
2019-07-24 14:15:59;9679.75;9681.38;9676.075;9679.068333;439.5473025;456.8091955;440.21;2019-07-24 13:44:17;417.1311895;417.76
2019-07-24 14:16:59;9683;9681.49;9683.6;9682.696667;439.7185437;456.9804367;440.21;2019-07-24 13:44:17;417.2939044;417.76
2019-07-24 14:17:59;9683;9690.19;9679.065;9684.085;439.7840669;457.0459599;440.21;2019-07-24 13:44:17;417.3561651;417.76
2019-07-24 14:18:59;9730.75;9729.72;9695.855;9718.775;441.4212814;458.6831744;440.21;2019-07-24 13:44:17;418.91186;417.76
2019-07-24 14:19:59;9764.25;9772.12;9743.42;9759.93;443.3636153;460.6255083;440.21;2019-07-24 13:44:17;420.757482;417.76
2019-07-24 14:20:59;9801;9783.33;9750.005;9778.111667;444.2217095;461.4836025;440.21;2019-07-24 13:44:17;421.5728503;417.76
2019-07-24 14:21:59;9779.5;9768.45;9796.11;9781.353333;444.3747018;461.6365948;440.21;2019-07-24 13:44:17;421.7182249;417.76
2019-07-24 14:22:59;9800.5;9792.89;9795.095;9796.161667;445.0735897;462.3354827;440.21;2019-07-24 13:44:17;422.382314;417.76
2019-07-24 14:23:59;9784;9786.55;9795.79;9788.78;444.7252076;461.9871006;440.21;2019-07-24 13:44:17;422.0512785;417.76
2019-07-24 14:25:59;9795.5;9798.29;9800.1;9797.963333;445.1586203;462.4205133;444.8;2019-07-24 13:44:17;422.4673919;422.13
2019-07-24 14:26:59;9800.75;9805.28;9799.69;9801.906667;445.3447282;462.6066212;444.8;2019-07-24 13:44:17;422.6442349;422.13
2019-07-24 14:27:59;9814.75;9815.84;9813.605;9814.731667;445.9500115;463.2119045;444.8;2019-07-24 13:44:17;423.2193857;422.13
2019-07-24 14:28:59;9809;9802.21;9811.795;9807.668333;445.6166534;462.8785464;444.8;2019-07-24 13:44:17;422.902623;422.13
2019-07-24 14:29:59;9798.25;9795.87;9803.855;9799.325;445.222885;462.484778;444.8;2019-07-24 13:44:17;422.5284573;422.13
2019-07-24 14:30:59;9833.75;9833.33;9817.635;9828.238333;446.5874664;463.8493594;444.8;2019-07-24 13:44:17;423.8251066;422.13
2019-07-24 14:31:59;9853.25;9863.1;9826.065;9847.471667;447.4951946;464.7570876;444.8;2019-07-24 13:44:17;424.687646;422.13
2019-07-24 14:32:58;9852.5;9848;9848.805;9849.768333;447.6035871;464.8654801;444.8;2019-07-24 13:44:17;424.7906425;422.13
2019-07-24 14:33:59;9852.5;9857.27;9847.805;9852.525;447.7336896;464.9955826;444.8;2019-07-24 13:44:17;424.9142682;422.13
2019-07-24 14:34:59;9854;9859.74;9865.885;9859.875;447.6319527;464.8938457;447.96;2019-07-24 13:44:17;425.1372741;425.45
2019-07-24 14:35:59;9846.75;9844.52;9851.365;9847.545;447.0505923;464.3124853;447.96;2019-07-24 13:44:17;424.5844554;425.45
2019-07-24 14:37:01;9845.5;9847.79;9851.905;9848.398333;447.090827;464.35272;447.96;2019-07-24 13:44:17;424.6227148;425.45
2019-07-24 14:37:58;9849.75;9853.14;9851.835;9851.575;447.2406071;464.5025001;447.96;2019-07-24 13:44:17;424.7651415;425.45
2019-07-24 14:38:59;9846;9837.56;9858.69;9847.416667;447.0445414;464.3064344;447.96;2019-07-24 13:44:17;424.5787015;425.45
2019-07-24 14:39:59;9831.25;9828.14;9841.875;9833.755;446.4003928;463.6622858;447.96;2019-07-24 13:44:17;423.9661772;425.45
2019-07-24 14:40:59;9831.25;9836.14;9835.335;9834.241667;446.4233392;463.6852322;447.96;2019-07-24 13:44:17;423.987997;425.45
2019-07-24 14:41:59;9838.75;9843.44;9837.66;9839.95;446.6924875;463.9543805;447.96;2019-07-24 13:44:17;424.2439316;425.45
2019-07-24 14:42:59;9838.75;9837.54;9838.665;9838.318333;446.6155543;463.8774473;447.96;2019-07-24 13:44:17;424.1707754;425.45
2019-07-24 14:43:58;9838.75;9839.68;9834.305;9837.578333;446.5806632;463.8425562;447.96;2019-07-24 13:44:17;424.1375973;425.45
2019-07-24 14:44:59;9835;9840.82;9839.365;9838.395;446.6191691;463.8810621;446.6;2019-07-24 14:44:15;424.1968141;424.18
2019-07-24 14:46:02;9840;9841.06;9844.095;9841.718333;446.7758645;464.0377575;446.6;2019-07-24 14:44:15;424.3458242;424.18
2019-07-24 14:46:59;9846;9846.2;9850.43;9847.543333;447.0505137;464.3124067;446.6;2019-07-24 14:44:15;424.607003;424.18
2019-07-24 14:47:59;9850.5;9857.47;9855.38;9854.45;447.3761636;464.6380566;446.6;2019-07-24 14:44:15;424.916681;424.18
2019-07-24 14:48:59;9850.25;9857.45;9857.33;9855.01;447.4025676;464.6644606;446.6;2019-07-24 14:44:15;424.94179;424.18
2019-07-24 14:50:00;9850.25;9850.99;9852.905;9851.381667;447.2314914;464.4933844;446.6;2019-07-24 14:44:15;424.7791044;424.18
2019-07-24 14:50:58;9839.5;9838.43;9846.335;9841.421667;446.7618767;464.0237697;446.6;2019-07-24 14:44:15;424.3325224;424.18
2019-07-24 14:51:59;9826.75;9830.75;9831.055;9829.518333;446.2006336;463.4625266;446.6;2019-07-24 14:44:15;423.7988061;424.18
2019-07-24 14:52:59;9826.75;9841.55;9830.42;9832.906667;446.3603938;463.6222868;446.6;2019-07-24 14:44:15;423.9507306;424.18
2019-07-24 14:53:58;9826.75;9835.44;9840.385;9834.191667;446.4209816;463.6828746;446.6;2019-07-24 14:44:15;424.0083469;424.18
2019-07-24 14:54:59;9826.75;9828.2;9835.115;9830.021667;446.2243658;463.4862588;446.35;2019-07-24 14:44:15;423.7685795;423.89
2019-07-24 14:55:59;9826.75;9832.31;9835.5;9831.52;446.2950124;463.5569054;446.35;2019-07-24 14:44:15;423.8357531;423.89
2019-07-24 14:56:58;9840;9841.53;9832.945;9838.158333;446.6080103;463.8699033;446.35;2019-07-24 14:44:15;424.133364;423.89
2019-07-24 14:57:59;9844.25;9851.93;9848.555;9848.245;447.0835974;464.3454904;446.35;2019-07-24 14:44:15;424.5855713;423.89
2019-07-24 14:59:00;9847;9851.93;9851.115;9850.015;447.167053;464.428946;446.35;2019-07-24 14:44:15;424.6649243;423.89
2019-07-24 14:59:59;9853.25;9855.23;9854.5;9854.326667;447.3703484;464.6322414;446.35;2019-07-24 14:44:15;424.8582257;423.89
2019-07-24 15:00:59;9861.5;9869.25;9864.215;9864.988333;447.8730468;465.1349398;446.35;2019-07-24 14:44:15;425.3362115;423.89
2019-07-24 15:01:59;9870.5;9874.1;9871.475;9872.025;448.2048262;465.4667192;446.35;2019-07-24 14:44:15;425.6516806;423.89
2019-07-24 15:02:59;9870.5;9883.72;9877.515;9877.245;448.4509495;465.7128425;446.35;2019-07-24 14:44:15;425.8857046;423.89
2019-07-24 15:03:59;9872.5;9867.19;9875.005;9871.565;448.1831371;465.4450301;446.35;2019-07-24 14:44:15;425.6310578;423.89
2019-07-24 15:04:59;9854.25;9844.6;9857.04;9851.963333;447.2589171;464.5208101;447.69;2019-07-24 14:44:15;424.8048183;425.21
2019-07-24 15:05:58;9856;9840.27;9848.605;9848.291667;447.0857977;464.3476907;447.69;2019-07-24 14:44:15;424.6401899;425.21
2019-07-24 15:06:59;9856;9837.1;9855.265;9849.455;447.140649;464.402542;447.69;2019-07-24 14:44:15;424.6923509;425.21
2019-07-24 15:07:58;9852;9862.71;9854.46;9856.39;447.4676347;464.7295277;447.69;2019-07-24 14:44:15;425.0032991;425.21
2019-07-24 15:08:59;9858.25;9870.3;9864.355;9864.301667;447.8406704;465.1025634;447.69;2019-07-24 14:44:15;425.3580385;425.21
2019-07-24 15:09:59;9872;9861.49;9869.935;9867.808333;448.00601;465.267903;447.69;2019-07-24 14:44:15;425.5152688;425.21
2019-07-24 15:10:58;9893;9895.32;9880.015;9889.445;449.0261805;466.2880735;447.69;2019-07-24 14:44:15;426.4854031;425.21
2019-07-24 15:11:59;9912;9911.5;9908.74;9910.746667;450.0305556;467.2924486;447.69;2019-07-24 14:44:15;427.4405169;425.21
2019-07-24 15:12:59;9902.25;9896.48;9900.005;9899.578333;449.5039679;466.7658609;447.69;2019-07-24 14:44:15;426.9397566;425.21
2019-07-24 15:14:00;9896.75;9904.05;9908.505;9903.101667;449.6700933;466.9319863;447.69;2019-07-24 14:44:15;427.0977341;425.21
2019-07-24 15:14:59;9896.75;9896.05;9899.445;9897.415;449.4019666;466.6638596;449.43;2019-07-24 14:44:15;426.8497342;426.88
2019-07-24 15:15:59;9897.5;9900;9897.66;9898.386667;449.4477807;466.7096737;449.43;2019-07-24 14:44:15;426.893302;426.88
2019-07-24 15:16:59;9897.25;9884.57;9896.955;9892.925;449.1902627;466.4521557;449.43;2019-07-24 14:44:15;426.6484106;426.88
2019-07-24 15:17:58;9885.25;9885.95;9877.795;9882.998333;448.7222196;465.9841126;449.43;2019-07-24 14:44:15;426.2033165;426.88
2019-07-24 15:18:59;9880;9884.89;9877.28;9880.723333;448.6149532;465.8768462;449.43;2019-07-24 14:44:15;426.1013096;426.88
2019-07-24 15:19:59;9880;9892.63;9884.605;9885.745;448.8517252;466.1136182;449.43;2019-07-24 14:44:15;426.3264722;426.88
2019-07-24 15:20:59;9879.25;9873.26;9879.395;9877.301667;448.4536214;465.7155144;449.43;2019-07-24 14:44:15;425.9478881;426.88
2019-07-24 15:21:58;9879.25;9884.62;9879.335;9881.068333;448.63122;465.893113;449.43;2019-07-24 14:44:15;426.1167788;426.88
2019-07-24 15:22:59;9874;9873.26;9877.715;9874.991667;448.3447047;465.6065977;449.43;2019-07-24 14:44:15;425.8443118;426.88
2019-07-24 15:24:58;9862;9871.58;9867.99;9867.19;448.2770155;465.5389085;448.33;2019-07-24 14:44:15;425.8461514;425.9
2019-07-24 15:25:59;9881;9886.84;9875.115;9880.985;448.9278704;466.1897634;448.33;2019-07-24 14:44:15;426.4651863;425.9
2019-07-24 15:26:59;9887;9894.31;9889.26;9890.19;449.3621668;466.6240598;448.33;2019-07-24 14:44:15;426.8782501;425.9
2019-07-24 15:27:59;9889.75;9890.84;9891.555;9890.715;449.3869366;466.6488296;448.33;2019-07-24 14:44:15;426.9018089;425.9
2019-07-24 15:28:58;9889.75;9890.79;9890.375;9890.305;449.3675926;466.6294856;448.33;2019-07-24 14:44:15;426.8834106;425.9
2019-07-24 15:29:59;9885;9894.66;9894.72;9891.46;449.4220861;466.6839791;448.33;2019-07-24 14:44:15;426.9352399;425.9
2019-07-24 15:30:59;9885;9892.12;9888.08;9888.4;449.2777138;466.5396068;448.33;2019-07-24 14:44:15;426.7979259;425.9
2019-07-24 15:32:00;9877.25;9875.7;9878.565;9877.171667;448.7479554;466.0098484;448.33;2019-07-24 14:44:15;426.2940673;425.9
2019-07-24 15:32:59;9869.5;9878.76;9871.265;9873.175;448.5593907;465.8212837;448.33;2019-07-24 14:44:15;426.1147214;425.9
2019-07-24 15:33:59;9866.5;9874.61;9871.73;9870.946667;448.4542569;465.7161499;448.33;2019-07-24 14:44:15;426.0147275;425.9
2019-07-24 15:34:59;9866.5;9873.38;9869.395;9869.758333;448.3981907;465.6600837;448.42;2019-07-24 14:44:15;425.9601808;425.98
2019-07-24 15:35:59;9866.5;9874.79;9869.67;9870.32;448.4246904;465.6865834;448.42;2019-07-24 14:44:15;425.9853848;425.98
2019-07-24 15:36:59;9866.5;9880.32;9871.66;9872.826667;448.5429562;465.8048492;448.42;2019-07-24 14:44:15;426.0978683;425.98
2019-07-24 15:37:59;9877.75;9877.44;9875.855;9877.015;448.7405638;466.0024568;448.42;2019-07-24 14:44:15;426.2858145;425.98
2019-07-24 15:38:59;9877.75;9869.55;9878.115;9875.138333;448.6520218;465.9139148;448.42;2019-07-24 14:44:15;426.2016015;425.98
2019-07-24 15:39:58;9877.75;9870.63;9875.765;9874.715;448.6320487;465.8939417;448.42;2019-07-24 14:44:15;426.1826049;425.98
2019-07-24 15:40:59;9877.75;9870.63;9875.755;9874.711667;448.6318914;465.8937844;448.42;2019-07-24 14:44:15;426.1824553;425.98
2019-07-24 15:41:59;9877.75;9874.72;9874.005;9875.491667;448.6686922;465.9305852;448.42;2019-07-24 14:44:15;426.2174568;425.98
2019-07-24 15:42:58;9879.5;9890.05;9882.825;9884.125;449.0760171;466.3379101;448.42;2019-07-24 14:44:15;426.6048668;425.98
2019-07-24 15:43:59;9879.5;9881.91;9886.04;9882.483333;448.9985625;466.2604555;448.42;2019-07-24 14:44:15;426.531199;425.98
2019-07-24 15:44:59;9879.5;9885.27;9886.005;9883.591667;449.0195922;466.3127472;449.13;2019-07-24 15:44:15;426.545969;426.65
2019-07-24 15:45:59;9879.25;9885.33;9883.965;9882.848333;448.9845214;466.2776764;449.13;2019-07-24 15:44:15;426.5126132;426.65
2019-07-24 15:46:59;9879.25;9889.25;9883.005;9883.835;449.0310728;466.3242278;449.13;2019-07-24 15:44:15;426.5568881;426.65
2019-07-24 15:47:58;9882.25;9892.01;9888.995;9887.751667;449.2158631;466.5090181;449.13;2019-07-24 15:44:15;426.7326415;426.65
2019-07-24 15:48:59;9887.25;9885.66;9893.77;9888.893333;449.2697275;466.5628825;449.13;2019-07-24 15:44:15;426.7838717;426.65
2019-07-24 15:49:59;9891.5;9881.97;9900.195;9891.221667;449.3795794;466.6727344;449.13;2019-07-24 15:44:15;426.8883514;426.65
2019-07-24 15:50:58;9880.25;9886.94;9885.595;9884.261667;449.0512031;466.3443581;449.13;2019-07-24 15:44:15;426.576034;426.65
2019-07-24 15:51:59;9880.25;9886.12;9883.775;9883.381667;449.0096843;466.3028393;449.13;2019-07-24 15:44:15;426.5365456;426.65
2019-07-24 15:52:59;9880.25;9895.54;9885.295;9887.028333;449.1817358;466.4748908;449.13;2019-07-24 15:44:15;426.7001832;426.65
2019-07-24 15:53:59;9896.75;9900.76;9899.175;9898.895;449.7416111;467.0347661;449.13;2019-07-24 15:44:15;427.2326784;426.65
2019-07-24 15:54:59;9900;9884.04;9897.855;9893.965;449.5090112;466.8021662;449.86;2019-07-24 15:44:15;427.0172609;427.35
2019-07-24 15:55:59;9891;9882.68;9884.005;9885.895;449.1282646;466.4214196;449.86;2019-07-24 15:44:15;426.6551295;427.35
2019-07-24 15:56:59;9886;9893.06;9889.87;9889.643333;449.3051128;466.5982678;449.86;2019-07-24 15:44:15;426.8233314;427.35
2019-07-24 15:57:59;9886;9892.79;9897.09;9891.96;449.4144143;466.7075693;449.86;2019-07-24 15:44:15;426.927289;427.35
2019-07-24 15:58:59;9889.5;9890.68;9896.115;9892.098333;449.420941;466.714096;449.86;2019-07-24 15:44:15;426.9334965;427.35
2019-07-24 15:59:58;9903;9900.99;9905.745;9903.245;449.9468462;467.2400012;449.86;2019-07-24 15:44:15;427.4336896;427.35
2019-07-24 16:00:58;9907;9901;9905.015;9904.338333;449.9984302;467.2915852;449.86;2019-07-24 15:44:15;427.4827516;427.35
2019-07-24 16:01:59;9900.5;9892.96;9897.285;9896.915;449.6481937;466.9413487;449.86;2019-07-24 15:44:15;427.1496386;427.35
2019-07-24 16:02:58;9884.75;9876.22;9892.695;9884.555;449.0650428;466.3581978;449.86;2019-07-24 15:44:15;426.5949987;427.35
2019-07-24 16:03:58;9884.75;9879.52;9875.18;9879.816667;448.8414858;466.1346408;449.86;2019-07-24 15:44:15;426.3823718;427.35
2019-07-24 16:04:58;9872;9876.87;9876.52;9875.13;448.6203666;465.9135216;448.88;2019-07-24 15:44:15;426.1663385;426.41
2019-07-24 16:05:59;9868;9858.84;9841.095;9855.978333;447.7167815;465.0099365;448.88;2019-07-24 15:44:15;425.306942;426.41
2019-07-24 16:06:59;9852.75;9850.51;9852.385;9851.881667;447.5234987;464.8166537;448.88;2019-07-24 15:44:15;425.1231114;426.41
2019-07-24 16:07:58;9848.25;9846.74;9841.58;9845.523333;447.2235094;464.5166644;448.88;2019-07-24 15:44:15;424.8377927;426.41
2019-07-24 16:08:59;9841;9842.23;9837.725;9840.318333;446.9779349;464.2710899;448.88;2019-07-24 15:44:15;424.6042277;426.41
2019-07-24 16:09:59;9842;9844.47;9842.815;9843.095;447.1089394;464.4020944;448.88;2019-07-24 15:44:15;424.7288256;426.41
2019-07-24 16:10:59;9837.75;9835.54;9838.42;9837.236667;446.8325404;464.1256954;448.88;2019-07-24 15:44:15;424.4659434;426.41
2019-07-24 16:11:59;9819;9818.26;9815.335;9817.531667;445.9028487;463.1960037;448.88;2019-07-24 15:44:15;423.5817171;426.41
2019-07-24 16:12:59;9825.25;9823.04;9823.895;9824.061667;446.2109373;463.5040923;448.88;2019-07-24 15:44:15;423.874739;426.41
2019-07-24 16:13:59;9823.25;9827.81;9821.065;9824.041667;446.2099937;463.5031487;448.88;2019-07-24 15:44:15;423.8738416;426.41
2019-07-24 16:14:58;9809.5;9812.12;9814.34;9811.986667;445.6412329;462.9343879;445.84;2019-07-24 15:44:15;423.3322807;423.52
2019-07-24 16:15:59;9765.25;9773.2;9784.005;9774.151667;443.8561588;461.1493138;445.84;2019-07-24 15:44:15;421.6345056;423.52
2019-07-24 16:16:59;9689.75;9670.77;9771.945;9710.821667;440.8682181;458.1613731;445.84;2019-07-24 15:44:15;418.7926899;423.52
2019-07-24 16:17:59;9689.5;9691.61;9681.135;9687.415;439.76388;457.057035;445.84;2019-07-24 15:44:15;417.7423593;423.52
2019-07-24 16:18:59;9698.75;9699.79;9689.105;9695.881667;440.1633415;457.4564965;445.84;2019-07-24 15:44:15;418.1222852;423.52
2019-07-24 16:19:59;9647.25;9639.05;9693.265;9659.855;438.4635855;455.7567405;445.84;2019-07-24 15:44:15;416.5056557;423.52
2019-07-24 16:20:59;9531.5;9562.6;9641.74;9578.613333;434.6305635;451.9237185;445.84;2019-07-24 15:44:15;412.8600873;423.52
2019-07-24 16:21:59;9599.25;9590.64;9554.205;9581.365;434.7603885;452.0535435;445.84;2019-07-24 15:44:15;412.9835632;423.52
2019-07-24 16:23:00;9586;9581.85;9581.165;9583.005;434.8377645;452.1309195;445.84;2019-07-24 15:44:15;413.0571552;423.52
2019-07-24 16:23:59;9574.5;9588.49;9594.99;9585.993333;434.9787555;452.2719105;445.84;2019-07-24 15:44:15;413.191251;423.52
2019-07-24 16:24:59;9592.5;9579.81;9586.87;9586.393333;434.3434043;451.6365593;433.66;2019-07-24 15:44:15;413.2285956;412.58
2019-07-24 16:25:59;9589.5;9593.09;9585.705;9589.431667;434.486547;451.779702;433.66;2019-07-24 15:44:15;413.3649413;412.58
2019-07-24 16:26:59;9607.25;9608.07;9587.885;9601.068333;435.0347766;452.3279316;433.66;2019-07-24 15:44:15;413.8871386;412.58
2019-07-24 16:27:59;9613;9603.32;9584.95;9600.423333;435.0043892;452.2975442;433.66;2019-07-24 15:44:15;413.8581941;412.58
2019-07-24 16:28:58;9594.75;9603.29;9597.695;9598.578333;434.9174671;452.2106221;433.66;2019-07-24 15:44:15;413.7753995;412.58
2019-07-24 16:30:59;9590;9598.57;9593.605;9594.058333;434.7045197;451.9976747;433.66;2019-07-24 15:44:15;413.5725637;412.58
2019-07-24 16:31:59;9590;9590.88;9587.57;9589.483333;434.4889812;451.7821362;433.66;2019-07-24 15:44:15;413.3672599;412.58
2019-07-24 16:32:58;9579;9585.1;9583.45;9582.516667;434.1607658;451.4539208;433.66;2019-07-24 15:44:15;413.0546296;412.58
2019-07-24 16:33:59;9560;9554.5;9573.075;9562.525;433.2189134;450.5120684;433.66;2019-07-24 15:44:15;412.1575004;412.58
2019-07-24 16:34:59;9569.5;9569.9;9564.31;9567.903333;433.4722988;450.7654538;433.39;2019-07-24 15:44:15;412.3800239;412.3
2019-07-24 16:35:59;9554;9550.21;9572.665;9558.958333;433.0508797;450.3440347;433.39;2019-07-24 15:44:15;411.9786332;412.3
2019-07-24 16:36:59;9563.75;9568.49;9557.265;9563.168333;433.2492223;450.5423773;433.39;2019-07-24 15:44:15;412.1675493;412.3
2019-07-24 16:37:58;9583.25;9574.56;9571.295;9576.368333;433.871104;451.164259;433.39;2019-07-24 15:44:15;412.7598754;412.3
2019-07-24 16:38:59;9570.25;9573.4;9584.01;9575.886667;433.8484116;451.1415666;433.39;2019-07-24 15:44:15;412.7382615;412.3
2019-07-24 16:39:58;9554.5;9559.34;9560.39;9558.076667;433.0093424;450.3024974;433.39;2019-07-24 15:44:15;411.93907;412.3
2019-07-24 16:40:59;9563.75;9571.48;9564.995;9566.741667;433.4175701;450.7107251;433.39;2019-07-24 15:44:15;412.3278962;412.3
2019-07-24 16:41:58;9583;9590.31;9570.605;9581.305;434.1036815;451.3968365;433.39;2019-07-24 15:44:15;412.9813994;412.3
2019-07-24 16:42:59;9583;9587.47;9580.725;9583.731667;434.2180072;451.5111622;433.39;2019-07-24 15:44:15;413.0902917;412.3
2019-07-24 16:43:59;9571.75;9579.03;9564.75;9571.843333;433.6579211;450.9510761;433.39;2019-07-24 15:44:15;412.5568242;412.3
2019-07-24 16:45:59;9569.75;9565.08;9566.005;9566.945;433.4271496;450.7203046;433.65;2019-07-24 16:44:15;412.3552726;412.57
2019-07-24 16:46:59;9581.75;9589.8;9586.995;9586.181667;434.3334322;451.6265872;433.65;2019-07-24 16:44:15;413.21852;412.57
2019-07-24 16:47:58;9583.25;9581.9;9590.005;9585.051667;434.2801954;451.5733504;433.65;2019-07-24 16:44:15;413.1678111;412.57
2019-07-24 16:48:59;9583.25;9585.6;9579.225;9582.691667;434.1690105;451.4621655;433.65;2019-07-24 16:44:15;413.0619059;412.57
2019-07-24 16:49:59;9583;9582.68;9585.6;9583.76;434.2193421;451.5124971;433.65;2019-07-24 16:44:15;413.1098474;412.57
2019-07-24 16:50:59;9579;9589.1;9578.27;9582.123333;434.142235;451.43539;433.65;2019-07-24 16:44:15;413.0364019;412.57
2019-07-24 16:51:59;9583;9585.66;9587.395;9585.351667;434.2943291;451.5874841;433.65;2019-07-24 16:44:15;413.1812736;412.57
2019-07-24 16:52:59;9583.75;9588.6;9585.255;9585.868333;434.3186704;451.6118254;433.65;2019-07-24 16:44:15;413.2044591;412.57
2019-07-24 16:53:59;9583.75;9591;9591.87;9588.873333;434.4602427;451.7533977;433.65;2019-07-24 16:44:15;413.3393088;412.57
2019-07-24 16:54:59;9589.25;9594.9;9592.935;9592.361667;434.6245859;451.9177409;434.53;2019-07-24 16:44:15;413.4925168;413.4
2019-07-24 16:55:59;9599;9596.6;9600.135;9598.578333;434.9174671;452.2106221;434.53;2019-07-24 16:44:15;413.7714882;413.4
2019-07-24 16:56:59;9596.25;9596.76;9597.615;9596.875;434.8372192;452.1303742;434.53;2019-07-24 16:44:15;413.6950515;413.4
2019-07-24 16:57:58;9589;9594.29;9595.795;9593.028333;434.6559941;451.9491491;434.53;2019-07-24 16:44:15;413.5224333;413.4
2019-07-24 16:58:59;9587;9583.9;9582.505;9584.468333;434.2527132;451.5458682;434.53;2019-07-24 16:44:15;413.1383054;413.4
2019-07-24 16:59:59;9570;9568.6;9581.5;9573.366667;433.7296887;451.0228437;434.53;2019-07-24 16:44:15;412.6401209;413.4
2019-07-24 17:00:59;9561;9553.18;9567.255;9560.478333;433.1224904;450.4156454;434.53;2019-07-24 16:44:15;412.0617601;413.4
2019-07-24 17:01:59;9554;9554.66;9555.82;9554.826667;432.8562276;450.1493826;434.53;2019-07-24 16:44:15;411.808143;413.4
2019-07-24 17:02:59;9555.75;9555.71;9559.935;9557.131667;432.9648214;450.2579764;434.53;2019-07-24 16:44:15;411.9115793;413.4
2019-07-24 17:03:58;9578;9576;9570.005;9574.668333;433.7910132;451.0841682;434.53;2019-07-24 16:44:15;412.6985328;413.4
2019-07-24 17:04:59;9578;9597.81;9589.425;9588.411667;434.4384925;451.7316475;434.18;2019-07-24 16:44:15;413.3168869;413.07
2019-07-24 17:05:59;9593;9593.36;9595.095;9593.818333;434.6932128;451.9863678;434.18;2019-07-24 16:44:15;413.5595106;413.07
2019-07-24 17:06:59;9594.25;9599.15;9589.645;9594.348333;434.7181823;452.0113373;434.18;2019-07-24 16:44:15;413.5832943;413.07
2019-07-24 17:08:59;9599;9603.12;9608.495;9603.538333;435.1511438;452.4442988;434.18;2019-07-24 16:44:15;413.9956948;413.07
2019-07-24 17:09:59;9628.75;9620.77;9616.65;9622.056667;436.0235842;453.3167392;434.18;2019-07-24 16:44:15;414.8267036;413.07
2019-07-24 17:10:59;9643;9640.49;9625.285;9636.258333;436.6926567;453.9858117;434.18;2019-07-24 16:44:15;415.4640023;413.07
2019-07-24 17:11:58;9642;9640.01;9635.495;9639.168333;436.8297533;454.1229083;434.18;2019-07-24 16:44:15;415.5945883;413.07
2019-07-24 17:12:59;9640;9632;9641.07;9637.69;436.7601057;454.0532607;434.18;2019-07-24 16:44:15;415.5282482;413.07
2019-07-24 17:13:59;9642.75;9651.55;9646.555;9646.951667;437.1964437;454.4895987;434.18;2019-07-24 16:44:15;415.9438648;413.07
2019-07-24 17:14:59;9647;9647.9;9643.44;9646.113333;437.2018023;454.4949573;437.25;2019-07-24 16:44:15;415.8857255;415.93
2019-07-24 17:15:59;9623;9617.66;9627.38;9622.68;436.0976963;453.3908513;437.25;2019-07-24 16:44:15;414.8342064;415.93
2019-07-24 17:16:59;9621.5;9626.19;9617.675;9621.788333;436.0556837;453.3488387;437.25;2019-07-24 16:44:15;414.7941948;415.93
2019-07-24 17:17:59;9610;9612.06;9613.705;9611.921667;435.590797;452.883952;437.25;2019-07-24 16:44:15;414.3514499;415.93
2019-07-24 17:19:02;9602.5;9601.7;9599.245;9601.148333;435.0831909;452.3763459;437.25;2019-07-24 16:44:15;413.8680203;415.93
2019-07-24 17:19:59;9617.75;9602.35;9618.875;9612.991667;435.6412121;452.9343671;437.25;2019-07-24 16:44:15;414.3994638;415.93
2019-07-24 17:20:59;9609.75;9621.4;9606.26;9612.47;435.6166327;452.9097877;437.25;2019-07-24 16:44:15;414.3760551;415.93
2019-07-24 17:21:59;9619.75;9624.69;9623.435;9622.625;436.0951049;453.3882599;437.25;2019-07-24 16:44:15;414.8317384;415.93
2019-07-24 17:22:59;9619.75;9624.98;9622.225;9622.318333;436.0806557;453.3738107;437.25;2019-07-24 16:44:15;414.8179774;415.93
2019-07-24 17:23:59;9619.75;9633.1;9620.885;9624.578333;436.1871399;453.4802949;437.25;2019-07-24 16:44:15;414.9193899;415.93
2019-07-24 17:24:59;9619.75;9629.14;9629.375;9626.088333;436.2582864;453.5514414;436.35;2019-07-24 16:44:15;414.9819756;415.07
2019-07-24 17:25:59;9631.5;9625;9619.015;9625.171667;436.2150959;453.5082509;436.35;2019-07-24 16:44:15;414.9408427;415.07
2019-07-24 17:26:59;9625;9629.6;9622.09;9625.563333;436.23355;453.526705;436.35;2019-07-24 16:44:15;414.9584177;415.07
2019-07-24 17:27:59;9625;9624.65;9620.98;9623.543333;436.1383739;453.4315289;436.35;2019-07-24 16:44:15;414.8677757;415.07
2019-07-24 17:28:59;9625;9632.98;9623.06;9627.013333;436.3018695;453.5950245;436.35;2019-07-24 16:44:15;415.0234824;415.07
2019-07-24 17:29:59;9628;9632.63;9621.275;9627.301667;436.3154549;453.6086099;436.35;2019-07-24 16:44:15;415.0364206;415.07
2019-07-24 17:30:58;9628;9623;9631.405;9627.468333;436.3233077;453.6164627;436.35;2019-07-24 16:44:15;415.0438993;415.07
2019-07-24 17:32:59;9628;9634;9630.415;9630.805;436.4805211;453.7736761;436.35;2019-07-24 16:44:15;415.1936231;415.07
2019-07-24 17:33:59;9631.25;9620.23;9631.09;9627.523333;436.3258991;453.6190541;436.35;2019-07-24 16:44:15;415.0463673;415.07
2019-07-24 17:34:59;9631.25;9626.56;9630.055;9629.288333;436.4090605;453.7022155;436.65;2019-07-24 16:44:15;415.1319708;415.36
2019-07-24 17:35:59;9620;9612.87;9615.385;9616.085;435.7869603;453.0801153;436.65;2019-07-24 16:44:15;414.5394986;415.36
2019-07-24 17:36:58;9616;9618.31;9616.145;9616.818333;435.8215127;453.1146677;436.65;2019-07-24 16:44:15;414.5724054;415.36
2019-07-24 17:37:59;9616;9626.55;9619.64;9620.73;436.0058183;453.2989733;436.65;2019-07-24 16:44:15;414.7479333;415.36
2019-07-24 17:38:59;9616;9624.62;9628.065;9622.895;436.1078264;453.4009814;436.65;2019-07-24 16:44:15;414.8450832;415.36
2019-07-24 17:39:59;9616;9626.52;9628.065;9623.528333;436.1376671;453.4308221;436.65;2019-07-24 16:44:15;414.8735027;415.36
2019-07-24 17:40:59;9620;9613.17;9617.275;9616.815;435.8213557;453.1145107;436.65;2019-07-24 16:44:15;414.5722559;415.36
2019-07-24 17:41:59;9600.25;9602.26;9605.885;9602.798333;435.1609338;452.4540888;436.65;2019-07-24 16:44:15;413.9432871;415.36
2019-07-24 17:42:59;9601;9607.51;9606.025;9604.845;435.2573664;452.5505214;436.65;2019-07-24 16:44:15;414.035127;415.36
2019-07-24 17:43:59;9604.75;9607.73;9610.125;9607.535;435.3841108;452.6772658;436.65;2019-07-24 16:44:15;414.1558351;415.36
2019-07-24 17:44:59;9600.5;9602.36;9602.695;9601.851667;435.1163298;452.4094848;435.27;2019-07-24 17:44:15;413.8960343;414.04
2019-07-24 17:45:59;9600.25;9605.31;9605.465;9603.675;435.2022396;452.4953946;435.27;2019-07-24 17:44:15;413.9778517;414.04
2019-07-24 17:46:59;9606;9601.66;9610.31;9605.99;435.3113152;452.6044702;435.27;2019-07-24 17:44:15;414.0817314;414.04
2019-07-24 17:47:59;9606;9607.8;9603.015;9605.605;435.2931752;452.5863302;435.27;2019-07-24 17:44:15;414.0644555;414.04
2019-07-24 17:48:59;9614.5;9610.85;9612.585;9612.645;435.6248782;452.9180332;435.27;2019-07-24 17:44:15;414.3803573;414.04
2019-07-24 17:49:59;9614.5;9624.9;9627.465;9622.288333;436.0792422;453.3723972;435.27;2019-07-24 17:44:15;414.8130771;414.04
2019-07-24 17:50:58;9626;9632.49;9630.905;9629.798333;436.4330901;453.7262451;435.27;2019-07-24 17:44:15;415.150069;414.04
2019-07-24 17:51:59;9626;9632.49;9630.905;9629.798333;436.4330901;453.7262451;435.27;2019-07-24 17:44:15;415.150069;414.04
2019-07-24 17:52:59;9626;9632.11;9630.905;9629.671667;436.427122;453.720277;435.27;2019-07-24 17:44:15;415.1443852;414.04
2019-07-24 17:53:59;9630.5;9628.14;9631.565;9630.068333;436.4458117;453.7389667;435.27;2019-07-24 17:44:15;415.1621846;414.04
2019-07-24 17:54:59;9630.5;9631.41;9631.535;9631.148333;436.4966979;453.7898529;436.27;2019-07-24 17:44:15;415.2126215;415
2019-07-24 17:55:59;9630.5;9630.29;9631.005;9630.598333;436.4707836;453.7639386;436.27;2019-07-24 17:44:15;415.1879415;415
2019-07-24 17:56:59;9630.5;9634.33;9627.925;9630.918333;436.485861;453.779016;436.27;2019-07-24 17:44:15;415.2023008;415
2019-07-24 17:57:59;9631;9619;9627.925;9625.975;436.2529465;453.5461015;436.27;2019-07-24 17:44:15;414.9804804;415
2019-07-24 17:58:59;9619;9618.38;9616.685;9618.021667;435.8782101;453.1713651;436.27;2019-07-24 17:44:15;414.6235934;415
2019-07-24 17:59:59;9608.25;9606.2;9615.645;9610.031667;435.501746;452.794901;436.27;2019-07-24 17:44:15;414.2650611;415
