2019-07-09 06:00:44;315.45;315.515;314.86;315.275;28.3653431;29.8360181;28.38;2019-07-09 06:00:33;26.66172471;26.68
2019-07-09 06:01:23;315.25;315.395;314.65;315.0983333;28.34862427;29.81929927;28.38;2019-07-09 06:00:33;26.64597527;26.68
2019-07-09 06:02:23;315.41;315.41;314.85;315.2233333;28.36045363;29.83112863;28.38;2019-07-09 06:00:33;26.65711874;26.68
2019-07-09 06:03:23;315.42;315.475;314.69;315.195;28.35777231;29.82844731;28.38;2019-07-09 06:00:33;26.65459289;26.68
2019-07-09 06:04:22;315.41;315.445;314.75;315.2016667;28.3584032;29.8290782;28.38;2019-07-09 06:00:33;26.65518721;26.68
2019-07-09 06:05:23;315.41;315.445;314.84;315.2316667;28.36124225;29.83191725;28.38;2019-07-09 06:00:33;26.65786164;26.68
2019-07-09 06:06:23;315.39;315.615;314.97;315.325;28.37007484;29.84074984;28.38;2019-07-09 06:00:33;26.6661821;26.68
2019-07-09 06:07:23;315.72;315.935;315.22;315.625;28.39846531;29.86914031;28.38;2019-07-09 06:00:33;26.69292643;26.68
2019-07-09 06:08:22;315.74;315.775;315.1;315.5383333;28.39026362;29.86093862;28.38;2019-07-09 06:00:33;26.68520029;26.68
2019-07-09 06:09:23;315.7;315.7;315.14;315.5133333;28.38789775;29.85857275;28.38;2019-07-09 06:00:33;26.68297159;26.68
2019-07-09 06:10:23;315.87;315.94;315.27;315.6933333;28.40493203;29.87560703;28.38;2019-07-09 06:00:33;26.69901819;26.68
2019-07-09 06:11:23;315.86;315.95;315.19;315.6666667;28.40240843;29.87308343;28.43;2019-07-09 06:10:31;26.69741528;26.72
2019-07-09 06:12:23;316;315.955;315.3;315.7516667;28.4104524;29.8811274;28.43;2019-07-09 06:10:31;26.70499305;26.72
2019-07-09 06:13:23;315.93;315.955;315.2;315.695;28.40508976;29.87576476;28.43;2019-07-09 06:10:31;26.6999412;26.72
2019-07-09 06:14:23;315.93;315.955;314.9;315.595;28.39562627;29.86630127;28.43;2019-07-09 06:10:31;26.69102618;26.72
2019-07-09 06:15:23;315.47;315.75;314.95;315.39;28.37622611;29.84690111;28.43;2019-07-09 06:10:31;26.67275039;26.72
2019-07-09 06:16:23;315.68;315.655;314.73;315.355;28.37291389;29.84358889;28.43;2019-07-09 06:10:31;26.66963013;26.72
2019-07-09 06:17:23;315.3;315.26;314.96;315.1733333;28.35572188;29.82639688;28.43;2019-07-09 06:10:31;26.65343451;26.72
2019-07-09 06:18:22;315.41;315.475;314.94;315.275;28.3653431;29.8360181;28.43;2019-07-09 06:10:31;26.66249811;26.72
2019-07-09 06:19:23;315.44;315.495;315;315.3116667;28.36881304;29.83948804;28.43;2019-07-09 06:10:31;26.66576695;26.72
2019-07-09 06:20:23;315.44;315.515;315.15;315.3683333;28.37417569;29.84485069;28.43;2019-07-09 06:10:31;26.6708188;26.72
2019-07-09 06:21:22;315.54;315.735;315.2;315.4916667;28.38584733;29.85652233;28.39;2019-07-09 06:20:31;26.67836578;26.68
2019-07-09 06:22:23;315.55;315.665;315;315.405;28.37764563;29.84832063;28.39;2019-07-09 06:20:31;26.67064038;26.68
2019-07-09 06:23:23;315.6;315.62;314.99;315.4033333;28.37748791;29.84816291;28.39;2019-07-09 06:20:31;26.67049181;26.68
2019-07-09 06:24:23;315.54;315.69;314.76;315.33;28.37054802;29.84122302;28.39;2019-07-09 06:20:31;26.66395493;26.68
2019-07-09 06:25:23;315.5;315.525;314.9;315.3083333;28.36849759;29.83917259;28.39;2019-07-09 06:20:31;26.66202358;26.68
2019-07-09 06:26:22;315.84;315.995;315.32;315.7183333;28.4072979;29.8779729;28.39;2019-07-09 06:20:31;26.69857068;26.68
2019-07-09 06:27:23;315.99;315.995;315.46;315.815;28.41644594;29.88712094;28.39;2019-07-09 06:20:31;26.70718748;26.68
2019-07-09 06:28:23;316;316.06;315.32;315.7933333;28.41439552;29.88507052;28.39;2019-07-09 06:20:31;26.70525613;26.68
2019-07-09 06:29:23;316.23;316.34;315.32;315.9633333;28.43048345;29.90115845;28.39;2019-07-09 06:20:31;26.72040981;26.68
2019-07-09 06:30:23;316.44;316.385;315.68;316.1683333;28.44988361;29.92055861;28.39;2019-07-09 06:20:31;26.73868336;26.68
2019-07-09 06:31:22;316.7;316.855;316.42;316.6583333;28.49625471;29.96692971;28.48;2019-07-09 06:30:31;26.78530384;26.77
2019-07-09 06:32:22;317.78;317.5;317.16;317.48;28.57401305;30.04468805;28.48;2019-07-09 06:30:31;26.85855425;26.77
2019-07-09 06:33:23;317.64;317.315;316.62;317.1916667;28.54672666;30.01740166;28.48;2019-07-09 06:30:31;26.83284975;26.77
2019-07-09 06:34:22;317.58;317.225;316.71;317.1716667;28.54483396;30.01550896;28.48;2019-07-09 06:30:31;26.83106678;26.77
2019-07-09 06:35:23;317.6;317.45;316.92;317.3233333;28.55918692;30.02986192;28.48;2019-07-09 06:30:31;26.84458764;26.77
2019-07-09 06:36:22;317.81;317.995;316.88;317.5616667;28.58174157;30.05241657;28.48;2019-07-09 06:30:31;26.86583472;26.77
2019-07-09 06:37:22;317.23;317.71;316.49;317.1433333;28.54215264;30.01282764;28.48;2019-07-09 06:30:31;26.8285409;26.77
2019-07-09 06:38:22;317.52;317.41;316.23;317.0533333;28.53363549;30.00431049;28.48;2019-07-09 06:30:31;26.82051753;26.77
2019-07-09 06:39:23;316.8;316.985;316.18;316.655;28.49593926;29.96661426;28.48;2019-07-09 06:30:31;26.78500668;26.77
2019-07-09 06:40:23;317.18;316.855;316.17;316.735;28.50351005;29.97418505;28.48;2019-07-09 06:30:31;26.79213856;26.77
2019-07-09 06:41:23;316.56;316.75;316;316.4366667;28.47527731;29.94595231;28.52;2019-07-09 06:40:32;26.766316;26.81
2019-07-09 06:42:23;316.8;316.65;316.08;316.51;28.4822172;29.9528922;28.52;2019-07-09 06:40:32;26.77285374;26.81
2019-07-09 06:43:23;316.8;316.875;315.96;316.545;28.48552942;29.95620442;28.52;2019-07-09 06:40:32;26.77597403;26.81
2019-07-09 06:44:22;316.96;316.785;316.09;316.6116667;28.49183841;29.96251341;28.52;2019-07-09 06:40:32;26.78191743;26.81
2019-07-09 06:45:23;316.84;316.785;315.97;316.5316667;28.48426762;29.95494262;28.52;2019-07-09 06:40:32;26.77478535;26.81
2019-07-09 06:46:22;317;317.125;316.35;316.825;28.51202719;29.98270219;28.52;2019-07-09 06:40:32;26.80093631;26.81
2019-07-09 06:47:23;317.06;317.085;316.31;316.8183333;28.51139629;29.98207129;28.52;2019-07-09 06:40:32;26.80034197;26.81
2019-07-09 06:48:23;317.12;317.05;316.14;316.77;28.50682227;29.97749727;28.52;2019-07-09 06:40:32;26.79603301;26.81
2019-07-09 06:49:23;317.14;317.135;316.36;316.8783333;28.51707439;29.98774939;28.52;2019-07-09 06:40:32;26.80569103;26.81
2019-07-09 06:50:23;317.23;317.215;316.09;316.845;28.51391989;29.98459489;28.52;2019-07-09 06:40:32;26.80271933;26.81
2019-07-09 06:51:23;317.22;317.11;316.11;316.8133333;28.51092312;29.98159812;28.55;2019-07-09 06:50:31;26.80166266;26.84
2019-07-09 06:52:23;317.21;316.965;315.88;316.685;28.49877831;29.96945331;28.55;2019-07-09 06:50:31;26.7902209;26.84
2019-07-09 06:53:23;316.81;316.83;315.82;316.4866667;28.48000905;29.95068405;28.55;2019-07-09 06:50:31;26.77253817;26.84
2019-07-09 06:54:23;316.88;316.985;315.78;316.5483333;28.48584487;29.95651987;28.55;2019-07-09 06:50:31;26.77803617;26.84
2019-07-09 06:55:22;317.01;316.955;316.43;316.7983333;28.5095036;29.9801786;28.55;2019-07-09 06:50:31;26.80032531;26.84
2019-07-09 06:56:23;317.35;317.245;316.16;316.9183333;28.52085978;29.99153478;28.55;2019-07-09 06:50:31;26.81102411;26.84
2019-07-09 06:57:23;317.37;317.785;316.58;317.245;28.55177385;30.02244885;28.55;2019-07-09 06:50:31;26.84014859;26.84
2019-07-09 06:58:22;317.39;317.475;316.3;317.055;28.53379322;30.00446822;28.55;2019-07-09 06:50:31;26.82320884;26.84
2019-07-09 06:59:22;317.42;317.435;316.29;317.0483333;28.53316232;30.00383732;28.55;2019-07-09 06:50:31;26.82261446;26.84
2019-07-09 07:00:22;317.06;317.165;316.54;316.9216667;28.52117523;29.99185023;28.55;2019-07-09 06:50:31;26.81132129;26.84
2019-07-09 07:01:23;317.48;317.435;316.72;317.2116667;28.55469713;30.02537213;28.56;2019-07-09 07:00:31;26.84212312;26.85
2019-07-09 07:02:23;317.54;317.475;316.85;317.2883333;28.56195394;30.03262894;28.56;2019-07-09 07:00:31;26.84895966;26.85
2019-07-09 07:03:23;317.43;317.73;316.64;317.2666667;28.5599031;30.0305781;28.56;2019-07-09 07:00:31;26.84702759;26.85
2019-07-09 07:04:23;317.16;317.165;316.56;316.9616667;28.53103361;30.00170861;28.56;2019-07-09 07:00:31;26.81983008;26.85
2019-07-09 07:05:23;317.1;317.215;316.29;316.8683333;28.52219924;29.99287424;28.56;2019-07-09 07:00:31;26.81150734;26.85
2019-07-09 07:06:23;316.91;317.16;315.81;316.6266667;28.4993245;29.9699995;28.56;2019-07-09 07:00:31;26.78995739;26.85
2019-07-09 07:07:23;316.55;316.815;316.12;316.495;28.48686172;29.95753672;28.56;2019-07-09 07:00:31;26.77821639;26.85
2019-07-09 07:08:22;316.37;316.125;315.77;316.0883333;28.44836907;29.91904407;28.56;2019-07-09 07:00:31;26.74195303;26.85
2019-07-09 07:09:22;316.41;316.41;316.04;316.2866667;28.46714212;29.93781712;28.56;2019-07-09 07:00:31;26.75963885;26.85
2019-07-09 07:10:23;315.91;316.135;315.35;315.7983333;28.42091939;29.89159439;28.56;2019-07-09 07:00:31;26.71609309;26.85
2019-07-09 07:12:13;315.36;315.75;315.35;315.4866667;28.39141888;29.86209388;28.43;2019-07-09 07:10:31;26.69313583;26.73
2019-07-09 07:12:22;315.31;315.765;315.17;315.415;28.38463533;29.85531033;28.43;2019-07-09 07:10:31;26.68674406;26.73
2019-07-09 07:13:23;315.5;315.765;315.13;315.465;28.38936804;29.86004304;28.43;2019-07-09 07:10:31;26.69120343;26.73
2019-07-09 07:14:23;314.42;315.775;315.1;315.0983333;28.35466155;29.82533655;28.43;2019-07-09 07:10:31;26.65850134;26.73
2019-07-09 07:15:22;315;315.5;314.63;315.0433333;28.34945558;29.82013058;28.43;2019-07-09 07:10:31;26.65359603;26.73
2019-07-09 07:16:22;314.74;315.085;314.34;314.7216667;28.31900852;29.78968352;28.43;2019-07-09 07:10:31;26.62490738;26.73
2019-07-09 07:17:23;314.69;315.075;314.51;314.7583333;28.32247917;29.79315417;28.43;2019-07-09 07:10:31;26.62817759;26.73
2019-07-09 07:18:23;314.7;315.19;314.73;314.8733333;28.33336439;29.80403939;28.43;2019-07-09 07:10:31;26.63843415;26.73
2019-07-09 07:19:23;315.3;315.225;315.02;315.1816667;28.36254939;29.83322439;28.43;2019-07-09 07:10:31;26.66593364;26.73
2019-07-09 07:20:23;315.44;315.86;315.05;315.45;28.38794823;29.85862323;28.43;2019-07-09 07:10:31;26.68986562;26.73
2019-07-09 07:21:23;315.25;315.995;315.17;315.4716667;28.38999906;29.86067406;28.41;2019-07-09 07:20:31;26.6902312;26.71
2019-07-09 07:22:22;315.5210303;315.995;314.92;315.4786768;28.3906626;29.8613376;28.41;2019-07-09 07:20:31;26.69085638;26.71
2019-07-09 07:23:22;315.4;315.705;314.83;315.3116667;28.37485442;29.84552942;28.41;2019-07-09 07:20:31;26.67596199;26.71
2019-07-09 07:24:23;315.1;315.445;314.61;315.0516667;28.35024436;29.82091936;28.41;2019-07-09 07:20:31;26.65277453;26.71
2019-07-09 07:25:22;314.77;315.12;314.4;314.7633333;28.32295244;29.79362744;28.41;2019-07-09 07:20:31;26.62706023;26.71
2019-07-09 07:26:23;314.87;315.245;314.8;314.9716667;28.34267203;29.81334703;28.41;2019-07-09 07:20:31;26.64563993;26.71
2019-07-09 07:27:23;315.03;315.415;314.85;315.0983333;28.35466155;29.82533655;28.41;2019-07-09 07:20:31;26.65693638;26.71
2019-07-09 07:28:22;314.87;315.375;314.58;314.9416667;28.33983241;29.81050741;28.41;2019-07-09 07:20:31;26.64296445;26.71
2019-07-09 07:29:22;314.94;315.065;314.73;314.9116667;28.33699279;29.80766779;28.41;2019-07-09 07:20:31;26.64028897;26.71
2019-07-09 07:30:22;314.8;315.055;314.58;314.8116667;28.32752739;29.79820239;28.41;2019-07-09 07:20:31;26.63137072;26.71
2019-07-09 07:31:23;314.73;315.005;314.61;314.7816667;28.32468776;29.79536276;28.35;2019-07-09 07:30:31;26.6308243;26.65
2019-07-09 07:32:22;314.41;315.005;314.36;314.5916667;28.30670349;29.77737849;28.35;2019-07-09 07:30:31;26.61387833;26.65
2019-07-09 07:33:23;314.37;314.83;314.35;314.5166667;28.29960444;29.77027944;28.35;2019-07-09 07:30:31;26.60718913;26.65
2019-07-09 07:34:22;314.36;314.82;314.44;314.54;28.30181303;29.77248803;28.35;2019-07-09 07:30:31;26.60927021;26.65
2019-07-09 07:35:23;314.61;314.88;314.47;314.6533333;28.31254049;29.78321549;28.35;2019-07-09 07:30:31;26.61937834;26.65
2019-07-09 07:36:23;314.67;314.975;314.55;314.7316667;28.31995506;29.79063006;28.35;2019-07-09 07:30:31;26.62636483;26.65
2019-07-09 07:37:22;314.67;314.9;314.34;314.6366667;28.31096292;29.78163792;28.35;2019-07-09 07:30:31;26.61789185;26.65
2019-07-09 07:38:23;314.63;314.955;314.43;314.6716667;28.31427582;29.78495082;28.35;2019-07-09 07:30:31;26.62101347;26.65
2019-07-09 07:39:23;314.63;314.83;314.31;314.59;28.30654574;29.77722074;28.35;2019-07-09 07:30:31;26.61372968;26.65
2019-07-09 07:40:23;314.62;314.83;314.34;314.5966667;28.30717676;29.77785176;28.35;2019-07-09 07:30:31;26.61432428;26.65
2019-07-09 07:41:22;314.63;314.855;314.32;314.6016667;28.30765003;29.77832503;28.33;2019-07-09 07:40:32;26.61814599;26.64
2019-07-09 07:42:23;314.62;314.835;314.25;314.5683333;28.3044949;29.7751699;28.33;2019-07-09 07:40:32;26.61517265;26.64
2019-07-09 07:43:23;314.36;314.775;314.41;314.515;28.29944668;29.77012168;28.33;2019-07-09 07:40:32;26.61041532;26.64
2019-07-09 07:44:23;314.36;314.785;314.38;314.5083333;28.29881565;29.76949065;28.33;2019-07-09 07:40:32;26.60982065;26.64
2019-07-09 07:45:23;314.5;314.605;313.93;314.345;28.28335549;29.75403049;28.33;2019-07-09 07:40:32;26.59525131;26.64
2019-07-09 07:46:23;314.33;314.355;313.98;314.2216667;28.27168149;29.74235649;28.33;2019-07-09 07:40:32;26.58424997;26.64
2019-07-09 07:47:23;314.13;314.29;313.84;314.0866667;28.25890319;29.72957819;28.33;2019-07-09 07:40:32;26.57220797;26.64
2019-07-09 07:48:22;314.08;314.095;313.78;313.985;28.24928003;29.71995503;28.33;2019-07-09 07:40:32;26.5631393;26.64
2019-07-09 07:49:23;313.64;314.095;313.7;313.8116667;28.23287333;29.70354833;28.33;2019-07-09 07:40:32;26.54767796;26.64
2019-07-09 07:50:22;311.85;312.89;311.85;312.1966667;28.08000702;29.55068202;28.33;2019-07-09 07:40:32;26.40361989;26.64
2019-07-09 07:51:22;310.58;310.025;311.31;310.6383333;27.92335304;29.39402804;27.98;2019-07-09 07:50:31;26.25961108;26.31
2019-07-09 07:52:23;311.58;311.36;311.61;311.5166667;28.00646498;29.47713998;27.98;2019-07-09 07:50:31;26.3379443;26.31
2019-07-09 07:53:23;312.65;311.77;311.93;312.1166667;28.06323974;29.53391474;27.98;2019-07-09 07:50:31;26.39145466;26.31
2019-07-09 07:54:23;312;312.185;312.5;312.2283333;28.07380615;29.54448115;27.98;2019-07-09 07:50:31;26.40141353;26.31
2019-07-09 07:55:23;312.04;312.285;312.26;312.195;28.070652;29.541327;27.98;2019-07-09 07:50:31;26.39844073;26.31
2019-07-09 07:56:23;311.93;312.165;311.81;311.9683333;28.04920375;29.51987875;27.98;2019-07-09 07:50:31;26.37822571;26.31
2019-07-09 07:57:23;311.82;311.825;311.28;311.6416667;28.01829305;29.48896805;27.98;2019-07-09 07:50:31;26.34909229;26.31
2019-07-09 07:58:23;311.97;311.91;311.72;311.8666667;28.03958359;29.51025859;27.98;2019-07-09 07:50:31;26.36915867;26.31
2019-07-09 07:59:22;311.93;312.27;311.57;311.9233333;28.04494565;29.51562065;27.98;2019-07-09 07:50:31;26.37421243;26.31
2019-07-09 08:00:23;311.52;312.44;311.48;311.8133333;28.03453694;29.50521194;27.98;2019-07-09 07:50:31;26.3644022;26.31
2019-07-09 08:01:23;311.71;312.145;311.74;311.865;28.03942588;29.51010088;28.04;2019-07-09 08:00:31;26.37133787;26.37
2019-07-09 08:02:23;312.18;312.945;312.17;312.4316667;28.09304649;29.56372149;28.04;2019-07-09 08:00:31;26.42187966;26.37
2019-07-09 08:03:23;312.12;312.745;312.39;312.4183333;28.09178482;29.56245982;28.04;2019-07-09 08:00:31;26.42069044;26.37
2019-07-09 08:04:23;312.54;313.14;312.64;312.7733333;28.12537656;29.59605156;28.04;2019-07-09 08:00:31;26.45235339;26.37
2019-07-09 08:05:23;313;313.685;312.74;313.1416667;28.16022995;29.63090495;28.04;2019-07-09 08:00:31;26.48520555;26.37
2019-07-09 08:06:23;312.32;313.065;312.09;312.4916667;28.09872396;29.56939896;28.04;2019-07-09 08:00:31;26.42723114;26.37
2019-07-09 08:07:22;312.16;313.105;312.03;312.4316667;28.09304649;29.56372149;28.04;2019-07-09 08:00:31;26.42187966;26.37
2019-07-09 08:08:22;312.45;313.17;312.2;312.6066667;28.10960579;29.58028079;28.04;2019-07-09 08:00:31;26.43748815;26.37
2019-07-09 08:09:23;312.48;313.2;312.24;312.64;28.11275994;29.58343494;28.04;2019-07-09 08:00:31;26.4404612;26.37
2019-07-09 08:10:23;312.92;313.16;312.17;312.75;28.12316865;29.59384365;28.04;2019-07-09 08:00:31;26.45027225;26.37
2019-07-09 08:11:23;312.48;312.95;311.97;312.4666667;28.09635835;29.56703335;28.16;2019-07-09 08:10:32;26.43201101;26.49
2019-07-09 08:12:23;312.3;312.985;311.9;312.395;28.08957692;29.56025192;28.16;2019-07-09 08:10:32;26.42561736;26.49
2019-07-09 08:13:23;312.28;312.905;311.91;312.365;28.08673818;29.55741318;28.16;2019-07-09 08:10:32;26.42294094;26.49
2019-07-09 08:14:23;312.31;312.815;311.95;312.3583333;28.08610735;29.55678235;28.16;2019-07-09 08:10:32;26.42234618;26.49
2019-07-09 08:15:22;312.2;312.705;311.8;312.235;28.07443698;29.54511198;28.16;2019-07-09 08:10:32;26.41134314;26.49
2019-07-09 08:16:23;312.14;312.355;311.82;312.105;28.06213578;29.53281078;28.16;2019-07-09 08:10:32;26.39974535;26.49
2019-07-09 08:17:23;312.21;312.56;311.58;312.1166667;28.06323974;29.53391474;28.16;2019-07-09 08:10:32;26.40078617;26.49
2019-07-09 08:18:23;312.18;312.345;311.52;312.015;28.05361957;29.52429457;28.16;2019-07-09 08:10:32;26.3917161;26.49
2019-07-09 08:19:22;312.15;312.345;311.65;312.0483333;28.05677372;29.52744872;28.16;2019-07-09 08:10:32;26.3946899;26.49
2019-07-09 08:20:23;312.17;312.455;311.58;312.0683333;28.05866621;29.52934121;28.16;2019-07-09 08:10:32;26.39647417;26.49
2019-07-09 08:21:23;312.1;312.39;311.93;312.14;28.06544764;29.53612264;28.08;2019-07-09 08:20:32;26.39899849;26.41
2019-07-09 08:22:22;312.5;312.75;312.28;312.51;28.10045875;29.57113375;28.08;2019-07-09 08:20:32;26.43200302;26.41
2019-07-09 08:23:22;312.75;313.005;312.65;312.8016667;28.12805759;29.59873259;28.08;2019-07-09 08:20:32;26.4580201;26.41
2019-07-09 08:24:23;313;313.285;312.67;312.985;28.14540543;29.61608043;28.08;2019-07-09 08:20:32;26.4743737;26.41
2019-07-09 08:25:22;312.84;313.205;312.71;312.9183333;28.13909712;29.60977212;28.08;2019-07-09 08:20:32;26.46842694;26.41
2019-07-09 08:26:22;313;313.53;313.07;313.2;28.16574972;29.63642472;28.08;2019-07-09 08:20:32;26.49355201;26.41
2019-07-09 08:27:23;313.19;313.78;313.1;313.3566667;28.18057424;29.65124924;28.08;2019-07-09 08:20:32;26.5075269;26.41
2019-07-09 08:28:23;313.19;313.645;312.9;313.245;28.17000783;29.64068283;28.08;2019-07-09 08:20:32;26.49756607;26.41
2019-07-09 08:29:23;313.4;313.725;313.34;313.4883333;28.19303315;29.66370815;28.08;2019-07-09 08:20:32;26.51927175;26.41
2019-07-09 08:30:23;313.41;313.715;313.03;313.385;28.18325527;29.65393027;28.08;2019-07-09 08:20:32;26.51005427;26.41
2019-07-09 08:31:23;313.06;313.47;312.93;313.1533333;28.16133391;29.63200891;28.2;2019-07-09 08:30:32;26.48610744;26.52
2019-07-09 08:32:23;313.1524712;313.475;312.91;313.1791571;28.16377747;29.63445247;28.2;2019-07-09 08:30:32;26.48841068;26.52
2019-07-09 08:33:23;313.09;313.475;313.03;313.1983333;28.16559201;29.63626701;28.2;2019-07-09 08:30:32;26.49012103;26.52
2019-07-09 08:34:23;313.09;313.635;313.03;313.2516667;28.17063866;29.64131366;28.2;2019-07-09 08:30:32;26.49487788;26.52
2019-07-09 08:35:22;312.99;313.545;312.78;313.105;28.15676038;29.62743538;28.2;2019-07-09 08:30:32;26.48179654;26.52
2019-07-09 08:36:23;313.12;313.315;312.94;313.125;28.15865288;29.62932788;28.2;2019-07-09 08:30:32;26.48358036;26.52
2019-07-09 08:37:23;313.09;313.445;313.17;313.235;28.16906158;29.63973658;28.2;2019-07-09 08:30:32;26.49339137;26.52
2019-07-09 08:38:23;313.34;313.995;313.46;313.5983333;28.20344185;29.67411685;28.2;2019-07-09 08:30:32;26.52579741;26.52
2019-07-09 08:39:23;313.44;314.025;313.29;313.585;28.20218019;29.67285519;28.2;2019-07-09 08:30:32;26.5246082;26.52
2019-07-09 08:40:22;313.5;314.14;313.54;313.7266667;28.21558534;29.68626034;28.2;2019-07-09 08:30:32;26.53724358;26.52
2019-07-09 08:41:22;313.5;314.105;313.3;313.635;28.20691142;29.67758642;28.23;2019-07-09 08:40:31;26.53635824;26.56
2019-07-09 08:42:23;313.5;313.975;313.33;313.6016667;28.20375727;29.67443227;28.23;2019-07-09 08:40:31;26.53338443;26.56
2019-07-09 08:43:23;313.45;314.05;313.27;313.59;28.20265331;29.67332831;28.23;2019-07-09 08:40:31;26.5323436;26.56
2019-07-09 08:44:22;313.63;314.025;313.25;313.635;28.20691142;29.67758642;28.23;2019-07-09 08:40:31;26.53635824;26.56
2019-07-09 08:45:23;313.55;314.02;313.07;313.5466667;28.19855291;29.66922791;28.23;2019-07-09 08:40:31;26.52847765;26.56
2019-07-09 08:46:23;313.43;313.855;313.12;313.4683333;28.19114065;29.66181565;28.23;2019-07-09 08:40:31;26.52148921;26.56
2019-07-09 08:47:23;313.4922629;313.85;312.91;313.417421;28.18632309;29.65699809;28.23;2019-07-09 08:40:31;26.5169471;26.56
2019-07-09 08:48:23;313.13;313.475;312.84;313.1483333;28.16086078;29.63153578;28.23;2019-07-09 08:40:31;26.49294066;26.56
2019-07-09 08:49:23;312.76;313.255;312.54;312.8516667;28.13278882;29.60346382;28.23;2019-07-09 08:40:31;26.46647378;26.56
2019-07-09 08:50:23;313.06;313.495;312.69;313.0816667;28.15455248;29.62522748;28.23;2019-07-09 08:40:31;26.48699305;26.56
2019-07-09 08:51:23;313.09;313.445;312.89;313.1416667;28.21055182;29.68122682;28.23;2019-07-09 08:50:32;26.51812235;26.54
2019-07-09 08:52:23;313;313.85;312.64;313.1633333;28.2126055;29.6832805;28.23;2019-07-09 08:50:32;26.52005711;26.54
2019-07-09 08:53:23;313.02;313.455;312.67;313.0483333;28.20170519;29.67238019;28.23;2019-07-09 08:50:32;26.50978801;26.54
2019-07-09 08:54:22;313;313.675;312.44;313.0383333;28.20075734;29.67143234;28.23;2019-07-09 08:50:32;26.50889505;26.54
2019-07-09 08:55:23;313;313.455;312.32;312.925;28.190015;29.66069;28.23;2019-07-09 08:50:32;26.49877478;26.54
2019-07-09 08:56:23;312.78;313.455;312.37;312.8683333;28.18464384;29.65531884;28.23;2019-07-09 08:50:32;26.49371464;26.54
2019-07-09 08:57:23;312.83;313.56;312.44;312.9433333;28.19175273;29.66242773;28.23;2019-07-09 08:50:32;26.50041188;26.54
2019-07-09 08:58:23;313.21;313.56;312.54;313.1033333;28.20691838;29.67759338;28.23;2019-07-09 08:50:32;26.51469932;26.54
2019-07-09 08:59:22;312.97;313.69;312.61;313.09;28.20565458;29.67632958;28.23;2019-07-09 08:50:32;26.5135087;26.54
2019-07-09 09:00:23;313.12;313.795;312.71;313.2083333;28.21687084;29.68754584;28.23;2019-07-09 08:50:32;26.52407546;26.54
2019-07-09 09:01:23;313.14;313.835;312.55;313.175;28.21371133;29.68438633;28.25;2019-07-09 09:00:32;26.51651929;26.55
2019-07-09 09:02:23;313.14;313.755;312.5;313.1316667;28.20960396;29.68027896;28.25;2019-07-09 09:00:32;26.51265041;26.55
2019-07-09 09:03:22;313.14;313.64;312.53;313.1033333;28.20691838;29.67759338;28.25;2019-07-09 09:00:32;26.51012076;26.55
2019-07-09 09:04:23;313.15;313.665;312.56;313.125;28.20897206;29.67964706;28.25;2019-07-09 09:00:32;26.5120552;26.55
2019-07-09 09:05:22;312.74;313.555;312.32;312.8716667;28.18495979;29.65563479;28.25;2019-07-09 09:00:32;26.48943712;26.55
2019-07-09 09:06:23;312.77;313.515;312.33;312.8716667;28.18495979;29.65563479;28.25;2019-07-09 09:00:32;26.48943712;26.55
2019-07-09 09:07:23;312.98;313.475;312.43;312.9616667;28.19349046;29.66416546;28.25;2019-07-09 09:00:32;26.49747249;26.55
2019-07-09 09:08:22;312.82;313.515;312.28;312.8716667;28.18495979;29.65563479;28.25;2019-07-09 09:00:32;26.48943712;26.55
2019-07-09 09:09:23;312.92;313.455;312.39;312.9216667;28.18969905;29.66037405;28.25;2019-07-09 09:00:32;26.49390121;26.55
2019-07-09 09:10:23;312.89;313.47;312.47;312.9433333;28.19175273;29.66242773;28.25;2019-07-09 09:00:32;26.49583565;26.55
2019-07-09 09:11:22;312.83;313.455;312.51;312.9316667;28.1906469;29.6613219;28.22;2019-07-09 09:10:32;26.49889558;26.53
2019-07-09 09:12:23;312.85;313.475;312.33;312.885;28.18622359;29.65689859;28.22;2019-07-09 09:10:32;26.49472848;26.53
2019-07-09 09:13:23;312.8;313.455;312.27;312.8416667;28.18211623;29.65279123;28.22;2019-07-09 09:10:32;26.49085903;26.53
2019-07-09 09:14:23;312.66;313.455;312.13;312.7483333;28.1732696;29.6439446;28.22;2019-07-09 09:10:32;26.48252483;26.53
2019-07-09 09:15:23;312.36;313.145;312.11;312.5383333;28.15336469;29.62403969;28.22;2019-07-09 09:10:32;26.46377288;26.53
2019-07-09 09:16:23;312.51;313.145;312.23;312.6283333;28.16189536;29.63257036;28.22;2019-07-09 09:10:32;26.47180943;26.53
2019-07-09 09:17:23;312.52;313.02;312.22;312.5866667;28.15794598;29.62862098;28.22;2019-07-09 09:10:32;26.4680888;26.53
2019-07-09 09:18:23;312.71;313.115;312.28;312.7016667;28.16884629;29.63952129;28.22;2019-07-09 09:10:32;26.47835773;26.53
2019-07-09 09:19:23;312.68;313.375;312.38;312.8116667;28.17927267;29.64994767;28.22;2019-07-09 09:10:32;26.48818018;26.53
2019-07-09 09:20:23;312.9009506;313.5;312.77;313.0569835;28.2025251;29.6732001;28.22;2019-07-09 09:10:32;26.51008575;26.53
2019-07-09 09:21:23;313.09;313.725;312.74;313.185;28.21465918;29.68533418;28.24;2019-07-09 09:20:32;26.52047636;26.54
2019-07-09 09:22:23;313.09;313.495;312.34;312.975;28.19475427;29.66542927;28.24;2019-07-09 09:20:32;26.50172511;26.54
2019-07-09 09:23:22;313.05;313.665;312.64;313.1183333;28.20834016;29.67901516;28.24;2019-07-09 09:20:32;26.51452358;26.54
2019-07-09 09:24:23;313.18;313.725;312.8;313.235;28.21939845;29.69007345;28.24;2019-07-09 09:20:32;26.52494094;26.54
2019-07-09 09:25:23;313.23;313.725;312.61;313.1883333;28.21497513;29.68565013;28.24;2019-07-09 09:20:32;26.520774;26.54
2019-07-09 09:26:23;313.18;313.725;312.48;313.1283333;28.20928801;29.67996301;28.24;2019-07-09 09:20:32;26.5154165;26.54
2019-07-09 09:28:22;313.05;314.005;312.68;313.245;28.2203463;29.6910213;28.24;2019-07-09 09:20:32;26.52583386;26.54
2019-07-09 09:29:23;313.05;314.005;312.61;313.2216667;28.21813464;29.68880964;28.24;2019-07-09 09:20:32;26.52375038;26.54
2019-07-09 09:30:23;313.04418;314.005;312.74;313.26306;28.22205812;29.69273312;28.24;2019-07-09 09:20:32;26.52744647;26.54
2019-07-09 09:31:22;313.44;314.075;312.89;313.4683333;28.24151502;29.71219002;28.26;2019-07-09 09:30:32;26.54187096;26.56
2019-07-09 09:32:23;313.44;314.215;312.87;313.5083333;28.24530643;29.71598143;28.26;2019-07-09 09:30:32;26.54544213;26.56
2019-07-09 09:33:23;313.2456645;314.33;312.83;313.4685548;28.24153601;29.71221101;28.26;2019-07-09 09:30:32;26.54189074;26.56
2019-07-09 09:34:23;313.2;314.085;312.83;313.3716667;28.23235244;29.70302744;28.26;2019-07-09 09:30:32;26.53324064;26.56
2019-07-09 09:35:23;313.44;314.065;312.83;313.445;28.23930336;29.70997836;28.26;2019-07-09 09:30:32;26.53978778;26.56
2019-07-09 09:37:22;313.56;314.255;312.88;313.565;28.25067759;29.72135259;28.26;2019-07-09 09:30:32;26.55050129;26.56
2019-07-09 09:38:22;313.69;314.165;313.06;313.6383333;28.25762852;29.72830352;28.26;2019-07-09 09:30:32;26.55704843;26.56
2019-07-09 09:39:23;313.94;314.51;313.2;313.8833333;28.28085092;29.75152592;28.26;2019-07-09 09:30:32;26.57892184;26.56
2019-07-09 09:40:23;313.94;314.46;312.94;313.78;28.27105643;29.74173143;28.26;2019-07-09 09:30:32;26.56969632;26.56
2019-07-09 09:41:23;313.96;314.415;313.14;313.8383333;28.32479114;29.79546614;28.35;2019-07-09 09:40:32;26.57574509;26.6
2019-07-09 09:42:23;314.29;315.005;313.59;314.295;28.36814658;29.83882158;28.35;2019-07-09 09:40:32;26.61651715;26.6
2019-07-09 09:43:23;314.45;315.045;313.75;314.415;28.37953924;29.85021424;28.35;2019-07-09 09:40:32;26.62723098;26.6
2019-07-09 09:44:22;314.81;315.29;313.58;314.56;28.39330538;29.86398038;28.35;2019-07-09 09:40:32;26.64017685;26.6
2019-07-09 09:45:23;314.4;315.09;313.64;314.3766667;28.37589992;29.84657492;28.35;2019-07-09 09:40:32;26.62380851;26.6
2019-07-09 09:46:23;314.32;314.97;313.72;314.3366667;28.37210236;29.84277736;28.35;2019-07-09 09:40:32;26.62023723;26.6
2019-07-09 09:47:23;314.34;314.985;313.5;314.275;28.3662478;29.8369228;28.35;2019-07-09 09:40:32;26.61473151;26.6
2019-07-09 09:48:23;314.47;314.835;313.56;314.2883333;28.36751365;29.83818865;28.35;2019-07-09 09:40:32;26.61592194;26.6
2019-07-09 09:49:23;314.45;314.755;313.5;314.235;28.36245024;29.83312524;28.35;2019-07-09 09:40:32;26.61116024;26.6
2019-07-09 09:50:23;314.43;314.815;313.6;314.2816667;28.36688072;29.83755572;28.35;2019-07-09 09:40:32;26.61532673;26.6
2019-07-09 09:51:23;314.61;315.28;313.75;314.5466667;28.39203953;29.86271453;28.41;2019-07-09 09:50:32;26.64243907;26.66
2019-07-09 09:52:23;314.62;315.25;313.92;314.5966667;28.39678648;29.86746148;28.41;2019-07-09 09:50:32;26.64690371;26.66
2019-07-09 09:53:23;314.61;315.27;313.83;314.57;28.39425477;29.86492977;28.41;2019-07-09 09:50:32;26.64452257;26.66
2019-07-09 09:54:23;314.62;315.255;313.77;314.5483333;28.39219776;29.86287276;28.41;2019-07-09 09:50:32;26.64258789;26.66
2019-07-09 09:55:23;314.62;315.11;313.78;314.5033333;28.38792551;29.85860051;28.41;2019-07-09 09:50:32;26.63856971;26.66
2019-07-09 09:56:22;314.74;315;313.78;314.5066667;28.38824198;29.85891698;28.41;2019-07-09 09:50:32;26.63886735;26.66
2019-07-09 09:57:23;314.7;315.115;313.6;314.4716667;28.38491911;29.85559411;28.41;2019-07-09 09:50:32;26.6357421;26.66
2019-07-09 09:58:22;314.2;315.005;313.57;314.2583333;28.36466548;29.83534048;28.41;2019-07-09 09:50:32;26.61669296;26.66
2019-07-09 09:59:23;314.25;315.005;313.87;314.375;28.37574169;29.84641669;28.41;2019-07-09 09:50:32;26.62711046;26.66
2019-07-09 10:00:23;314.37;315.005;313.65;314.3416667;28.37257706;29.84325206;28.41;2019-07-09 09:50:32;26.62413403;26.66
2019-07-09 10:01:22;314.15;315.005;313.4;314.185;28.3577033;29.8283783;28.4;2019-07-09 10:00:32;26.60699543;26.65
2019-07-09 10:02:23;314.030075;314.535;313.47;314.0116917;28.3412496;29.8119246;28.4;2019-07-09 10:00:32;26.59152197;26.65
2019-07-09 10:03:23;314.15;314.62;313.16;313.9766667;28.33792436;29.80859936;28.4;2019-07-09 10:00:32;26.58839484;26.65
2019-07-09 10:04:23;314.04;314.535;312.96;313.845;28.32542407;29.79609907;28.4;2019-07-09 10:00:32;26.57663926;26.65
2019-07-09 10:05:22;313.86;314.445;312.83;313.7116667;28.31276555;29.78344055;28.4;2019-07-09 10:00:32;26.56473488;26.65
2019-07-09 10:06:23;313.8;314.295;312.52;313.5383333;28.29630947;29.76698447;28.4;2019-07-09 10:00:32;26.54925919;26.65
2019-07-09 10:07:22;313.7623928;314.335;312.39;313.4957976;28.29227118;29.76294618;28.4;2019-07-09 10:00:32;26.54546148;26.65
2019-07-09 10:08:23;313.4;314.045;312;313.1483333;28.2592833;29.7299583;28.4;2019-07-09 10:00:32;26.51443888;26.65
2019-07-09 10:09:23;313.21;314.005;311.82;313.0116667;28.24630832;29.71698332;28.4;2019-07-09 10:00:32;26.50223689;26.65
2019-07-09 10:10:23;312.87;313.84;311.67;312.7933333;28.22557999;29.69625499;28.4;2019-07-09 10:00:32;26.48274347;26.65
2019-07-09 10:11:22;312.88;313.745;311.68;312.7683333;28.22320652;29.69388152;28.29;2019-07-09 10:10:33;26.48704087;26.55
2019-07-09 10:12:23;312.88;313.395;311.33;312.535;28.20105411;29.67172911;28.29;2019-07-09 10:10:33;26.46620334;26.55
2019-07-09 10:13:23;311.26;313.11;308.72;311.03;28.05817107;29.52884607;28.29;2019-07-09 10:10:33;26.33180123;26.55
2019-07-09 10:14:23;310.36;310.52;308.69;309.8566667;27.94677609;29.41745109;28.29;2019-07-09 10:10:33;26.2270182;26.55
2019-07-09 10:15:23;310.21;310.355;309.39;309.985;27.95895992;29.42963492;28.29;2019-07-09 10:10:33;26.23847884;26.55
2019-07-09 10:16:23;311.07;311.485;308.74;310.4316667;28.00136596;29.47204096;28.29;2019-07-09 10:10:33;26.27836784;26.55
2019-07-09 10:17:23;310.62;311.155;308.47;310.0816667;27.96813734;29.43881234;28.29;2019-07-09 10:10:33;26.24711154;26.55
2019-07-09 10:18:22;310.42;311.115;307.72;309.7516667;27.93680751;29.40748251;28.29;2019-07-09 10:10:33;26.21764131;26.55
2019-07-09 10:19:23;310.91;311.405;307.86;310.0583333;27.9659221;29.4365971;28.29;2019-07-09 10:10:33;26.24502778;26.55
2019-07-09 10:20:23;311.25;311.535;307.97;310.2516667;27.98427696;29.45495196;28.29;2019-07-09 10:10:33;26.26229317;26.55
2019-07-09 10:21:23;311.25;311.945;307.65;310.2816667;27.98712512;29.45780012;28.12;2019-07-09 10:20:32;26.25872313;26.38
2019-07-09 10:22:22;311.49;312.08;307.87;310.48;28.00595467;29.47662967;28.12;2019-07-09 10:20:32;26.27643104;26.38
2019-07-09 10:23:23;311.87;312.31;307.39;310.5233333;28.01006869;29.48074369;28.12;2019-07-09 10:20:32;26.2803;26.38
2019-07-09 10:24:23;311.74;312.34;307.64;310.5733333;28.01481564;29.48549064;28.12;2019-07-09 10:20:32;26.28476418;26.38
2019-07-09 10:25:22;311.48;311.775;307.8;310.3516667;27.99377085;29.46444585;28.12;2019-07-09 10:20:32;26.26497298;26.38
2019-07-09 10:26:23;310.98;311.495;307.17;309.8816667;27.94914956;29.41982456;28.12;2019-07-09 10:20:32;26.2230097;26.38
2019-07-09 10:27:23;310.94;311.155;307.17;309.755;27.93712397;29.40779897;28.12;2019-07-09 10:20:32;26.21170044;26.38
2019-07-09 10:28:23;310.84;310.985;307.05;309.625;27.92478191;29.39545691;28.12;2019-07-09 10:20:32;26.20009358;26.38
2019-07-09 10:29:22;310.64;310.885;307.07;309.5316667;27.91592095;29.38659595;28.12;2019-07-09 10:20:32;26.19176044;26.38
2019-07-09 10:30:23;310.85;311.04;306.79;309.56;27.91861088;29.38928588;28.12;2019-07-09 10:20:32;26.19429015;26.38
2019-07-09 10:31:23;311.19;311.505;306.52;309.7383333;27.93554165;29.40621665;28.06;2019-07-09 10:30:32;26.21613903;26.33
2019-07-09 10:32:22;311.68;311.36;307.08;310.04;27.96418156;29.43485656;28.06;2019-07-09 10:30:32;26.24307869;26.33
2019-07-09 10:33:22;312.08;312.185;306.85;310.3716667;27.99566962;29.46634462;28.06;2019-07-09 10:30:32;26.27269742;26.33
2019-07-09 10:34:23;311.59;311.995;306.38;309.9883333;27.95927638;29.42995138;28.06;2019-07-09 10:30:32;26.23846471;26.33
2019-07-09 10:35:23;311.74;311.65;306.46;309.95;27.95563706;29.42631206;28.06;2019-07-09 10:30:32;26.23504144;26.33
2019-07-09 10:36:23;311.91;311.8;306.62;310.11;27.97082728;29.44150228;28.06;2019-07-09 10:30:32;26.24932988;26.33
2019-07-09 10:37:22;312.59;312.065;307.9;310.8516667;28.0412403;29.5119153;28.06;2019-07-09 10:30:32;26.31556273;26.33
2019-07-09 10:38:23;311.94;311.9;308.83;310.89;28.04487962;29.51555462;28.06;2019-07-09 10:30:32;26.318986;26.33
2019-07-09 10:40:22;311.58;311.845;308.46;310.6283333;28.02003728;29.49071228;28.06;2019-07-09 10:30:32;26.29561845;26.33
2019-07-09 10:41:23;311.45;312.04;308.84;310.7766667;28.01873643;29.48941143;28.12;2019-07-09 10:40:33;26.289273;26.38
2019-07-09 10:42:23;311.64;311.825;309.08;310.8483333;28.02553684;29.49621184;28.12;2019-07-09 10:40:33;26.29566851;26.38
2019-07-09 10:43:23;310.57;311.695;307.66;309.975;27.94266677;29.41334177;28.12;2019-07-09 10:40:33;26.21773252;26.38
2019-07-09 10:44:23;310.77;311.67;308.57;310.3366667;27.9769851;29.4476601;28.12;2019-07-09 10:40:33;26.25000754;26.38
2019-07-09 10:45:22;311.25;311.905;308.95;310.7016667;28.01161973;29.48229473;28.12;2019-07-09 10:40:33;26.28258002;26.38
2019-07-09 10:46:23;311.17;311.955;308.89;310.6716667;28.00877305;29.47944805;28.12;2019-07-09 10:40:33;26.27990283;26.38
2019-07-09 10:47:23;310.77;311.93;308.72;310.4733333;27.98995332;29.46062832;28.12;2019-07-09 10:40:33;26.26220363;26.38
2019-07-09 10:48:23;311.24;311.73;309.42;310.7966667;28.02063422;29.49130922;28.12;2019-07-09 10:40:33;26.29105779;26.38
2019-07-09 10:49:23;311.35;312.185;309.53;311.0216667;28.04198434;29.51265934;28.12;2019-07-09 10:40:33;26.31113672;26.38
2019-07-09 10:50:23;311.26;312.25;309.57;311.0266667;28.04245878;29.51313378;28.12;2019-07-09 10:40:33;26.31158292;26.38
2019-07-09 10:51:23;311.16;312.165;309.8;311.0416667;28.04388213;29.51455713;28.13;2019-07-09 10:50:32;26.30954535;26.39
2019-07-09 10:52:23;311.17;312.085;309.72;310.9916667;28.03913766;29.50981266;28.13;2019-07-09 10:50:32;26.3050839;26.39
2019-07-09 10:53:23;311.17;312.03;309.53;310.91;28.03138835;29.50206335;28.13;2019-07-09 10:50:32;26.29779688;26.39
2019-07-09 10:54:22;311.17;311.82;309.63;310.8733333;28.02790908;29.49858408;28.13;2019-07-09 10:50:32;26.29452516;26.39
2019-07-09 10:55:23;310.7754535;311.675;309.68;310.7101512;28.01242482;29.48309982;28.13;2019-07-09 10:50:32;26.27996461;26.39
2019-07-09 10:56:23;310.77;311.745;309.67;310.7283333;28.01415011;29.48482511;28.13;2019-07-09 10:50:32;26.28158698;26.39
2019-07-09 10:57:23;311.76;312.005;309.77;311.1783333;28.05685034;29.52752534;28.13;2019-07-09 10:50:32;26.32173995;26.39
2019-07-09 10:58:23;311.85;311.885;309.9;311.2116667;28.06001332;29.53068832;28.13;2019-07-09 10:50:32;26.32471425;26.39
2019-07-09 11:00:23;311.13;311.55;309.09;310.59;28.00102375;29.47169875;28.13;2019-07-09 10:50:32;26.26924366;26.39
2019-07-09 11:01:23;310.78;311.31;309;310.3633333;27.97951548;29.45019048;28.08;2019-07-09 11:00:32;26.24513333;26.34
2019-07-09 11:02:22;311.19;311.23;309.71;310.71;28.01241047;29.48308547;28.08;2019-07-09 11:00:32;26.27606165;26.34
2019-07-09 11:03:23;311.21;311.34;309.65;310.7333333;28.01462456;29.48529956;28.08;2019-07-09 11:00:32;26.27814336;26.34
2019-07-09 11:04:23;311.49;311.565;309.58;310.8783333;28.02838352;29.49905852;28.08;2019-07-09 11:00:32;26.29107973;26.34
2019-07-09 11:05:23;311.52;311.72;309.72;310.9866667;28.03866321;29.50933821;28.08;2019-07-09 11:00:32;26.30074483;26.34
2019-07-09 11:06:23;311.67;311.88;309.83;311.1266667;28.05194772;29.52262272;28.08;2019-07-09 11:00:32;26.31323511;26.34
2019-07-09 11:07:23;311.87;311.975;310.05;311.2983333;28.06823707;29.53891207;28.08;2019-07-09 11:00:32;26.32855057;26.34
2019-07-09 11:08:23;312.01;312.14;310.16;311.4366667;28.08136344;29.55203844;28.08;2019-07-09 11:00:32;26.34089216;26.34
2019-07-09 11:09:22;312.15;312.465;310.32;311.645;28.10113206;29.57180706;28.08;2019-07-09 11:00:32;26.35947889;26.34
2019-07-09 11:10:23;312.27;312.555;310.34;311.7216667;28.10840692;29.57908192;28.08;2019-07-09 11:00:32;26.36631881;26.34
2019-07-09 11:11:23;312.31;312.34;310.08;311.5766667;28.09464795;29.56532295;28.17;2019-07-09 11:10:33;26.35772351;26.43
2019-07-09 11:12:23;311.66;311.9;309.93;311.1633333;28.055427;29.526102;28.17;2019-07-09 11:10:33;26.32084168;26.43
2019-07-09 11:13:23;311.83;312.12;310.03;311.3266667;28.0709256;29.5416006;28.17;2019-07-09 11:10:33;26.33541595;26.43
2019-07-09 11:14:23;311.82;312.08;310.12;311.34;28.0721908;29.5428658;28.17;2019-07-09 11:10:33;26.33660569;26.43
2019-07-09 11:15:23;311.91;312.105;310;311.3383333;28.07203265;29.54270765;28.17;2019-07-09 11:10:33;26.33645697;26.43
2019-07-09 11:16:23;311.82;312.01;310;311.2766667;28.06618113;29.53685613;28.17;2019-07-09 11:10:33;26.33095444;26.43
2019-07-09 11:17:23;311.82;312.065;310.1;311.3283333;28.07108375;29.54175875;28.17;2019-07-09 11:10:33;26.33556467;26.43
2019-07-09 11:18:22;312;312.205;310.28;311.495;28.08689865;29.55757365;28.17;2019-07-09 11:10:33;26.35043637;26.43
2019-07-09 11:19:23;311.89;312.265;310.16;311.4383333;28.08152159;29.55219659;28.17;2019-07-09 11:10:33;26.34537999;26.43
2019-07-09 11:20:22;312;312.185;310;311.395;28.07740971;29.54808471;28.17;2019-07-09 11:10:33;26.34151335;26.43
2019-07-09 11:21:23;311.79;312.125;310.06;311.325;28.07076746;29.54144246;28.14;2019-07-09 11:20:33;26.33560473;26.4
2019-07-09 11:22:23;311.89;312.035;310.16;311.3616667;28.07424673;29.54492173;28.14;2019-07-09 11:20:33;26.33887655;26.4
2019-07-09 11:23:23;311.89;311.995;310.22;311.3683333;28.07487933;29.54555433;28.14;2019-07-09 11:20:33;26.33947142;26.4
2019-07-09 11:24:22;312;311.94;310.27;311.4033333;28.07820046;29.54887546;28.14;2019-07-09 11:20:33;26.34259452;26.4
2019-07-09 11:25:22;311.8;311.82;310.01;311.21;28.05985517;29.53053017;28.14;2019-07-09 11:20:33;26.32534313;26.4
2019-07-09 11:26:23;311.6;311.77;310.3;311.2233333;28.06112037;29.53179537;28.14;2019-07-09 11:20:33;26.32653288;26.4
2019-07-09 11:27:23;311.69;311.845;310.15;311.2283333;28.06159481;29.53226981;28.14;2019-07-09 11:20:33;26.32697904;26.4
2019-07-09 11:28:22;311.69;312.03;310.2;311.3066667;28.06902782;29.53970282;28.14;2019-07-09 11:20:33;26.33396882;26.4
2019-07-09 11:29:23;311.69;311.925;309.99;311.2016667;28.05906443;29.52973943;28.14;2019-07-09 11:20:33;26.32459953;26.4
2019-07-09 11:30:23;311.68;311.855;310.04;311.1916667;28.05811554;29.52879054;28.14;2019-07-09 11:20:33;26.32370722;26.4
2019-07-09 11:31:23;311.64;311.865;310.11;311.205;28.07942233;29.55009733;28.14;2019-07-09 11:30:33;26.3356965;26.39
2019-07-09 11:32:23;311.77;311.88;310.11;311.2533333;28.08401176;29.55468676;28.14;2019-07-09 11:30:33;26.34001103;26.39
2019-07-09 11:33:22;311.77;311.855;310.19;311.2716667;28.08575258;29.55642758;28.14;2019-07-09 11:30:33;26.34164757;26.39
2019-07-09 11:34:23;311.77;311.835;310.05;311.2183333;28.08068838;29.55136338;28.14;2019-07-09 11:30:33;26.33688672;26.39
2019-07-09 11:35:23;311.77;311.79;310.16;311.24;28.08274571;29.55342071;28.14;2019-07-09 11:30:33;26.33882081;26.39
2019-07-09 11:36:23;311.69;311.92;309.92;311.1766667;28.07673197;29.54740697;28.14;2019-07-09 11:30:33;26.3331673;26.39
2019-07-09 11:37:23;310.91;311.355;309.69;310.6516667;28.02688123;29.49755623;28.14;2019-07-09 11:30:33;26.28630264;26.39
2019-07-09 11:38:23;310.98;311.48;309.71;310.7233333;28.03368625;29.50436125;28.14;2019-07-09 11:30:33;26.29270004;26.39
2019-07-09 11:39:23;311.01;311.365;309.68;310.685;28.03004635;29.50072135;28.14;2019-07-09 11:30:33;26.28927817;26.39
2019-07-09 11:40:23;311.11;311.22;309.59;310.64;28.02577343;29.49644843;28.14;2019-07-09 11:30:33;26.2852612;26.39
2019-07-09 11:41:22;311.15;311.23;309.59;310.6566667;28.027356;29.498031;28.08;2019-07-09 11:40:33;26.28673796;26.34
2019-07-09 11:42:23;311.1;311.165;309.46;310.575;28.01960144;29.49027644;28.08;2019-07-09 11:40:33;26.27944791;26.34
2019-07-09 11:43:22;311.1;311.055;309.48;310.545;28.01675282;29.48742782;28.08;2019-07-09 11:40:33;26.27676993;26.34
2019-07-09 11:44:23;311.19;311.135;309.6;310.6416667;28.02593169;29.49660669;28.08;2019-07-09 11:40:33;26.28539897;26.34
2019-07-09 11:45:23;311.11;311.56;309.71;310.7933333;28.04033301;29.51100801;28.08;2019-07-09 11:40:33;26.29893765;26.34
2019-07-09 11:46:22;311.13;311.48;309.69;310.7666667;28.03780091;29.50847591;28.08;2019-07-09 11:40:33;26.29655722;26.34
2019-07-09 11:47:23;311.25;311.385;309.49;310.7083333;28.03226194;29.50293694;28.08;2019-07-09 11:40:33;26.29135004;26.34
2019-07-09 11:48:23;311.23;311.285;309.84;310.785;28.03954173;29.51021673;28.08;2019-07-09 11:40:33;26.29819376;26.34
2019-07-09 11:49:23;311.31;311.585;309.81;310.9016667;28.05061968;29.52129468;28.08;2019-07-09 11:40:33;26.30860813;26.34
2019-07-09 11:50:23;311.39;311.29;309.88;310.8533333;28.04603024;29.51670524;28.08;2019-07-09 11:40:33;26.30429361;26.34
2019-07-09 11:51:23;311.39;311.495;309.85;310.9116667;28.05156921;29.52224421;28.11;2019-07-09 11:50:33;26.31627852;26.37
2019-07-09 11:52:23;311.38;311.42;309.76;310.8533333;28.04603024;29.51670524;28.11;2019-07-09 11:50:33;26.31107006;26.37
2019-07-09 11:53:22;311.21;311.335;309.68;310.7416667;28.03542707;29.50610207;28.11;2019-07-09 11:50:33;26.30109959;26.37
2019-07-09 11:54:23;311.2;311.375;309.68;310.7516667;28.03637661;29.50705161;28.11;2019-07-09 11:50:33;26.30199247;26.37
2019-07-09 11:55:23;311.19;311.315;309.79;310.765;28.03764266;29.50831766;28.11;2019-07-09 11:50:33;26.30318297;26.37
2019-07-09 11:56:23;311.11;311.335;309.7;310.715;28.03289497;29.50356997;28.11;2019-07-09 11:50:33;26.29871858;26.37
2019-07-09 11:57:23;311.11;311.13;309.62;310.62;28.02387436;29.49454936;28.11;2019-07-09 11:50:33;26.29023624;26.37
2019-07-09 11:58:23;311.15;311.18;309.52;310.6166667;28.02355784;29.49423284;28.11;2019-07-09 11:50:33;26.28993862;26.37
2019-07-09 11:59:22;311.16;311.105;309.8;310.6883333;28.03036287;29.50103787;28.11;2019-07-09 11:50:33;26.29633758;26.37
2019-07-09 12:00:23;311.36;311.355;309.87;310.8616667;28.04682152;29.51749652;28.11;2019-07-09 11:50:33;26.31181413;26.37
2019-07-09 12:01:23;311.36;311.28;309.74;310.7933333;28.04033301;29.51100801;28.09;2019-07-09 12:00:33;26.30743684;26.35
2019-07-09 12:02:23;311.35;311.23;309.9;310.8266667;28.04349814;29.51417314;28.09;2019-07-09 12:00:33;26.31041329;26.35
2019-07-09 12:03:23;311.35;311.215;309.91;310.825;28.04333989;29.51401489;28.09;2019-07-09 12:00:33;26.31026447;26.35
2019-07-09 12:04:23;311.35;311.21;309.9;310.82;28.04286512;29.51354012;28.09;2019-07-09 12:00:33;26.309818;26.35
2019-07-09 12:05:23;311.36;311.265;309.92;310.8483333;28.04555547;29.51623047;28.09;2019-07-09 12:00:33;26.31234798;26.35
2019-07-09 12:06:23;311.35;311.265;309.86;310.825;28.04333989;29.51401489;28.09;2019-07-09 12:00:33;26.31026447;26.35
2019-07-09 12:07:23;311.35;311.135;309.78;310.755;28.03669312;29.50736812;28.09;2019-07-09 12:00:33;26.30401393;26.35
2019-07-09 12:08:23;311.35;311.14;309.56;310.6833333;28.0298881;29.5005631;28.09;2019-07-09 12:00:33;26.29761458;26.35
2019-07-09 12:09:23;311.36;311.055;309.8;310.7383333;28.03511056;29.50578556;28.09;2019-07-09 12:00:33;26.30252571;26.35
2019-07-09 12:10:23;311.18;311.18;309.8;310.72;28.03336974;29.50404474;28.09;2019-07-09 12:00:33;26.30088867;26.35
2019-07-09 12:11:23;311.17;311.155;309.84;310.7216667;28.03352799;29.50420299;28.09;2019-07-09 12:10:33;26.29925488;26.35
2019-07-09 12:12:23;311.17;311.105;309.76;310.6783333;28.02941333;29.50008833;28.09;2019-07-09 12:10:33;26.29538575;26.35
2019-07-09 12:13:23;311.0112725;310.86;309.59;310.4870908;28.01125413;29.48192913;28.09;2019-07-09 12:10:33;26.27831017;26.35
2019-07-09 12:14:23;311.2;311.105;309.84;310.715;28.03289497;29.50356997;28.09;2019-07-09 12:10:33;26.29865963;26.35
2019-07-09 12:15:23;311.02;310.985;309.77;310.5916667;28.021184;29.491859;28.09;2019-07-09 12:10:33;26.28764749;26.35
2019-07-09 12:16:23;311.25;311.095;309.78;310.7083333;28.03226194;29.50293694;28.09;2019-07-09 12:10:33;26.29806438;26.35
2019-07-09 12:17:23;311.15;311.095;309.8;310.6816667;28.02972984;29.50040484;28.09;2019-07-09 12:10:33;26.29568338;26.35
2019-07-09 12:18:23;311.23;311.095;309.93;310.7516667;28.03637661;29.50705161;28.09;2019-07-09 12:10:33;26.30193351;26.35
2019-07-09 12:19:23;311.37;311.255;309.86;310.8283333;28.0436564;29.5143314;28.09;2019-07-09 12:10:33;26.30877889;26.35
2019-07-09 12:20:24;311.6;311.375;310.16;311.045;28.06422972;29.53490472;28.09;2019-07-09 12:10:33;26.32812454;26.35
2019-07-09 12:21:23;312.05;311.665;310.59;311.435;28.1012617;29.5719367;28.12;2019-07-09 12:20:34;26.3561638;26.37
2019-07-09 12:22:23;311.81;311.875;310.55;311.4116667;28.09904611;29.56972111;28.12;2019-07-09 12:20:34;26.35408093;26.37
2019-07-09 12:23:23;311.99;311.89;310.57;311.4833333;28.10585114;29.57652614;28.12;2019-07-09 12:20:34;26.36047831;26.37
2019-07-09 12:24:23;312.31;312.04;310.63;311.66;28.12262631;29.59330131;28.12;2019-07-09 12:20:34;26.37624861;26.37
2019-07-09 12:25:23;311.94;312.13;310.1;311.39;28.09698878;29.56766378;28.12;2019-07-09 12:20:34;26.35214684;26.37
2019-07-09 12:26:23;311.99;311.81;310.52;311.44;28.10173647;29.57241147;28.12;2019-07-09 12:20:34;26.35661013;26.37
2019-07-09 12:27:23;311.85;311.785;310.41;311.3483333;28.09303237;29.56370737;28.12;2019-07-09 12:20:34;26.34842743;26.37
2019-07-09 12:28:23;311.91;311.86;310.33;311.3666667;28.09477319;29.56544819;28.12;2019-07-09 12:20:34;26.35006397;26.37
2019-07-09 12:29:23;312;311.835;310.57;311.4683333;28.10442683;29.57510183;28.12;2019-07-09 12:20:34;26.35913933;26.37
2019-07-09 12:30:23;312.01;312.025;310.58;311.5383333;28.1110736;29.5817486;28.12;2019-07-09 12:20:34;26.36538793;26.37
2019-07-09 12:31:23;312;312.02;310.6;311.54;28.09397254;29.56464754;28.15;2019-07-09 12:30:34;26.36970605;26.42
2019-07-09 12:32:23;311.97;312.02;310.44;311.4766667;28.0879623;29.5586373;28.15;2019-07-09 12:30:34;26.3640517;26.42
2019-07-09 12:33:22;312.05;311.91;310.59;311.5166667;28.09175824;29.56243324;28.15;2019-07-09 12:30:34;26.36762287;26.42
2019-07-09 12:34:23;312.04;311.915;310.54;311.4983333;28.09001844;29.56069344;28.15;2019-07-09 12:30:34;26.36598608;26.42
2019-07-09 12:35:23;311.96;311.875;310.35;311.395;28.08021227;29.55088727;28.15;2019-07-09 12:30:34;26.35676057;26.42
2019-07-09 12:36:23;311.96;311.805;310.34;311.3683333;28.07768164;29.54835664;28.15;2019-07-09 12:30:34;26.35437979;26.42
2019-07-09 12:37:23;311.96;311.805;310.36;311.375;28.0783143;29.5489893;28.15;2019-07-09 12:30:34;26.35497498;26.42
2019-07-09 12:38:23;311.9690697;311.605;310.35;311.3080232;28.07195831;29.54263331;28.15;2019-07-09 12:30:34;26.34899535;26.42
2019-07-09 12:39:23;311.96;311.68;310.34;311.3266667;28.07372754;29.54440254;28.15;2019-07-09 12:30:34;26.35065982;26.42
2019-07-09 12:40:23;311.96;311.64;310.36;311.32;28.07309489;29.54376989;28.15;2019-07-09 12:30:34;26.35006463;26.42
2019-07-09 12:41:23;311.96;311.675;310.47;311.3683333;28.07768164;29.54835664;28.13;2019-07-09 12:40:34;26.35372471;26.4
2019-07-09 12:42:23;311.96;311.705;310.3;311.3216667;28.07325305;29.54392805;28.13;2019-07-09 12:40:34;26.34955844;26.4
2019-07-09 12:43:23;311.96;311.715;310.32;311.3316667;28.07420204;29.54487704;28.13;2019-07-09 12:40:34;26.35045121;26.4
2019-07-09 12:44:23;311.9;311.705;310.22;311.275;28.06882446;29.53949946;28.13;2019-07-09 12:40:34;26.34539218;26.4
2019-07-09 12:45:22;311.9;311.705;310.05;311.2183333;28.06344688;29.53412188;28.13;2019-07-09 12:40:34;26.34033314;26.4
2019-07-09 12:46:23;311.71;311.705;310.14;311.185;28.0602836;29.5309586;28.13;2019-07-09 12:40:34;26.33735724;26.4
2019-07-09 12:47:23;311.64;311.705;310.16;311.1683333;28.05870196;29.52937696;28.13;2019-07-09 12:40:34;26.33586929;26.4
2019-07-09 12:48:23;311.65;311.705;310.6;311.3183333;28.07293672;29.54361172;28.13;2019-07-09 12:40:34;26.34926085;26.4
2019-07-09 12:49:23;311.92;312.025;310.7;311.5483333;28.09476336;29.56543836;28.13;2019-07-09 12:40:34;26.36979458;26.4
2019-07-09 12:50:23;311.96;312.025;310.72;311.5683333;28.09666132;29.56733632;28.13;2019-07-09 12:40:34;26.37158012;26.4
2019-07-09 12:51:23;311.94;312.025;310.73;311.565;28.096345;29.56702;28.12;2019-07-09 12:50:34;26.37021101;26.39
2019-07-09 12:52:23;311.94;312.025;310.81;311.5916667;28.09887562;29.56955062;28.12;2019-07-09 12:50:34;26.37259164;26.39
2019-07-09 12:53:23;311.95;312.025;310.59;311.5216667;28.09223273;29.56290773;28.12;2019-07-09 12:50:34;26.36634248;26.39
2019-07-09 12:54:23;311.65;311.93;310.63;311.4033333;28.08100309;29.55167809;28.12;2019-07-09 12:50:34;26.35577843;26.39
2019-07-09 12:55:23;311.87;311.865;310.91;311.5483333;28.09476336;29.56543836;28.12;2019-07-09 12:50:34;26.36872311;26.39
2019-07-09 12:56:23;311.87;312.105;310.81;311.595;28.09919195;29.56986695;28.12;2019-07-09 12:50:34;26.37288922;26.39
2019-07-09 12:57:22;312.08;312.105;310.83;311.6716667;28.10646749;29.57714249;28.12;2019-07-09 12:50:34;26.37973353;26.39
2019-07-09 12:58:23;312.28;312.105;311.09;311.825;28.12101858;29.59169358;28.12;2019-07-09 12:50:34;26.39342216;26.39
2019-07-09 12:59:23;312.45;312.605;310.96;312.005;28.13810029;29.60877529;28.12;2019-07-09 12:50:34;26.40949142;26.39
2019-07-09 13:00:23;312.15;312.47;311.14;311.92;28.13003393;29.60070893;28.12;2019-07-09 12:50:34;26.40190315;26.39
2019-07-09 13:01:23;312.43;312.575;311.1;312.035;28.14094724;29.61162224;28.18;2019-07-09 13:00:34;26.41503089;26.45
2019-07-09 13:02:23;312.43;312.575;311.05;312.0183333;28.1393656;29.6100406;28.18;2019-07-09 13:00:34;26.41354285;26.45
2019-07-09 13:03:23;312.28;312.565;311.01;311.9516667;28.13303904;29.60371404;28.18;2019-07-09 13:00:34;26.40759066;26.45
2019-07-09 13:04:23;312.1;312.38;311;311.8266667;28.12117674;29.59185174;28.18;2019-07-09 13:00:34;26.3964303;26.45
2019-07-09 13:05:23;312.24;312.32;311.03;311.8633333;28.12465635;29.59533135;28.18;2019-07-09 13:00:34;26.39970401;26.45
2019-07-09 13:06:23;312.21;312.31;311.02;311.8466667;28.12307471;29.59374971;28.18;2019-07-09 13:00:34;26.39821596;26.45
2019-07-09 13:07:23;312.04;312.33;310.98;311.7833333;28.11706448;29.58773948;28.18;2019-07-09 13:00:34;26.39256138;26.45
2019-07-09 13:08:23;312.04;312.285;311.38;311.9016667;28.12829412;29.59896912;28.18;2019-07-09 13:00:34;26.40312652;26.45
2019-07-09 13:09:23;312.77;312.665;311.47;312.3016667;28.16625348;29.63692848;28.18;2019-07-09 13:00:34;26.43883965;26.45
2019-07-09 13:10:23;312.75;312.95;311.7;312.4666667;28.18191172;29.65258672;28.18;2019-07-09 13:00:34;26.45357131;26.45
2019-07-09 13:11:23;312.92;312.75;311.62;312.43;28.17843211;29.64910711;28.22;2019-07-09 13:10:34;26.4474462;26.49
2019-07-09 13:12:23;312.46;312.78;311.27;312.17;28.15375853;29.62443353;28.22;2019-07-09 13:10:34;26.42423504;26.49
2019-07-09 13:13:23;312.24;312.445;311.29;311.9916667;28.13683498;29.60750998;28.22;2019-07-09 13:10:34;26.40831456;26.49
2019-07-09 13:14:23;312.76;312.64;311.52;312.3066667;28.16672798;29.63740298;28.22;2019-07-09 13:10:34;26.43643578;26.49
2019-07-09 13:15:23;312.7766637;312.86;311.55;312.3955546;28.1751633;29.6458383;28.22;2019-07-09 13:10:34;26.44437113;26.49
2019-07-09 13:16:23;312.51;312.795;311.37;312.225;28.15897794;29.62965294;28.22;2019-07-09 13:10:34;26.42914509;26.49
2019-07-09 13:17:23;312.51;312.535;311.31;312.1183333;28.14885544;29.61953044;28.22;2019-07-09 13:10:34;26.41962257;26.49
2019-07-09 13:18:24;312.44;312.63;311.28;312.1166667;28.14869728;29.61937228;28.22;2019-07-09 13:10:34;26.41947378;26.49
2019-07-09 13:19:36;312.87;312.455;311.17;312.165;28.15328404;29.62395904;28.22;2019-07-09 13:10:34;26.42378867;26.49
2019-07-09 13:20:22;312.87;312.305;311.09;312.0883333;28.14600849;29.61668349;28.22;2019-07-09 13:10:34;26.41694436;26.49
2019-07-09 13:21:23;312.36;312.21;311.1;311.89;28.13068014;29.60135514;28.19;2019-07-09 13:20:34;26.38378878;26.44
2019-07-09 13:22:23;312.28;312.205;311;311.8283333;28.12482739;29.59550239;28.19;2019-07-09 13:20:34;26.37828662;26.44
2019-07-09 13:23:23;312.06;312.025;310.54;311.5416667;28.09761997;29.56829497;28.19;2019-07-09 13:20:34;26.35270903;26.44
2019-07-09 13:24:23;311.81;311.835;310.66;311.435;28.08749628;29.55817128;28.19;2019-07-09 13:20:34;26.34319178;26.44
2019-07-09 13:25:23;311.82;311.795;310.64;311.4183333;28.08591445;29.55658945;28.19;2019-07-09 13:20:34;26.34170471;26.44
2019-07-09 13:26:23;311.78;311.815;310.69;311.4283333;28.08686355;29.55753855;28.19;2019-07-09 13:20:34;26.34259695;26.44
2019-07-09 13:27:23;311.64;311.76;310.73;311.3766667;28.08195988;29.55263488;28.19;2019-07-09 13:20:34;26.33798704;26.44
2019-07-09 13:28:23;311.64;311.705;310.74;311.3616667;28.08053624;29.55121124;28.19;2019-07-09 13:20:34;26.33664868;26.44
2019-07-09 13:29:23;311.65;311.725;310.65;311.3416667;28.07863805;29.54931305;28.19;2019-07-09 13:20:34;26.33486419;26.44
2019-07-09 13:30:23;311.65;311.685;310.72;311.3516667;28.07958714;29.55026214;28.19;2019-07-09 13:20:34;26.33575643;26.44
2019-07-09 13:31:23;311.6446711;311.655;310.7;311.3332237;28.07783673;29.54851173;28.11;2019-07-09 13:30:34;26.33786518;26.37
2019-07-09 13:32:23;311.65;311.615;310.64;311.3016667;28.07484166;29.54551666;28.11;2019-07-09 13:30:34;26.33504915;26.37
2019-07-09 13:32:23;311.65;311.615;310.64;311.3016667;28.07484166;29.54551666;28.11;2019-07-09 13:30:34;26.33504915;26.37
2019-07-09 13:33:27;311.44;311.575;310.41;311.1416667;28.05965613;29.53033113;28.11;2019-07-09 13:30:34;26.32077135;26.37
2019-07-09 13:34:23;311.56;311.48;310.51;311.1833333;28.06361069;29.53428569;28.11;2019-07-09 13:30:34;26.32448953;26.37
2019-07-09 13:35:23;311.57;311.505;310.37;311.1483333;28.06028886;29.53096386;28.11;2019-07-09 13:30:34;26.32136626;26.37
2019-07-09 13:36:31;311.33;311.4;310.26;310.9966667;28.04589423;29.51656923;28.11;2019-07-09 13:30:34;26.3078321;26.37
2019-07-09 13:37:23;311.33;311.385;310.27;310.995;28.04573605;29.51641105;28.11;2019-07-09 13:30:34;26.30768337;26.37
2019-07-09 13:38:23;311.33;311.445;310.47;311.0816667;28.05396155;29.52463655;28.11;2019-07-09 13:30:34;26.31541718;26.37
2019-07-09 13:39:23;311.3357684;311.585;310.52;311.1469228;28.06015499;29.53082999;28.11;2019-07-09 13:30:34;26.32124039;26.37
2019-07-09 13:40:22;311.3357684;311.605;310.42;311.1202561;28.05762406;29.52829906;28.11;2019-07-09 13:30:34;26.31886076;26.37
2019-07-09 13:41:23;311.33;311.655;310.32;311.1016667;28.05585974;29.52653474;28.1;2019-07-09 13:40:34;26.31714384;26.36
2019-07-09 13:42:23;311.19;311.4;310.21;310.9333333;28.03988329;29.51055829;28.1;2019-07-09 13:40:34;26.30212245;26.36
2019-07-09 13:43:23;311.08;311.325;310;310.8016667;28.02738686;29.49806186;28.1;2019-07-09 13:40:34;26.29037303;26.36
2019-07-09 13:44:23;311.1;311.39;309.89;310.7933333;28.02659595;29.49727095;28.1;2019-07-09 13:40:34;26.2896294;26.36
2019-07-09 13:45:23;311.06;311.23;309.83;310.7066667;28.01837045;29.48904545;28.1;2019-07-09 13:40:34;26.28189561;26.36
2019-07-09 13:46:28;310.08;311.115;309.63;310.275;27.97740114;29.44807614;28.1;2019-07-09 13:40:34;26.24337539;26.36
2019-07-09 13:47:23;310.67;310.975;309.83;310.4916667;27.99796489;29.46863989;28.1;2019-07-09 13:40:34;26.26270986;26.36
2019-07-09 13:48:23;310.79;311.115;309.8;310.5683333;28.00524129;29.47591629;28.1;2019-07-09 13:40:34;26.26955129;26.36
2019-07-09 13:49:23;310.79;311.16;309.81;310.5866667;28.0069813;29.4776563;28.1;2019-07-09 13:40:34;26.27118729;26.36
2019-07-09 13:50:23;310.78;311.275;309.91;310.655;28.01346679;29.48414179;28.1;2019-07-09 13:40:34;26.27728508;26.36
2019-07-09 13:51:23;311.02;311.275;310.07;310.7883333;28.0261214;29.4967964;28.06;2019-07-09 13:50:34;26.28594556;26.32
2019-07-09 13:52:23;311.0555831;311.48;310.02;310.851861;28.03215079;29.50282579;28.06;2019-07-09 13:50:34;26.29161385;26.32
2019-07-09 13:53:23;311.56;311.785;310.27;311.205;28.06566707;29.53634207;28.06;2019-07-09 13:50:34;26.3231229;26.32
2019-07-09 13:54:23;311.6;311.595;310.17;311.1216667;28.05775793;29.52843293;28.06;2019-07-09 13:50:34;26.31568743;26.32
2019-07-09 13:55:23;311.3723469;311.535;310.2;311.0357823;28.04960668;29.52028168;28.06;2019-07-09 13:50:34;26.30802434;26.32
2019-07-09 13:56:29;311.3723469;311.59;310.38;311.1141156;28.05704127;29.52771627;28.06;2019-07-09 13:50:34;26.31501368;26.32
2019-07-09 13:57:23;311.45;311.665;310.16;311.0916667;28.05491065;29.52558565;28.06;2019-07-09 13:50:34;26.31301066;26.32
2019-07-09 13:58:23;311.42;311.615;310.25;311.095;28.05522701;29.52590201;28.06;2019-07-09 13:50:34;26.31330808;26.32
2019-07-09 13:59:23;311.42;311.53;310.44;311.13;28.05854885;29.52922385;28.06;2019-07-09 13:50:34;26.31643098;26.32
2019-07-09 14:00:23;311.4283793;311.67;310.49;311.1961264;28.06482488;29.53549988;28.06;2019-07-09 13:50:34;26.32233115;26.32
2019-07-09 14:01:23;312.19;312.155;311.27;311.8716667;28.12894013;29.59961513;28.13;2019-07-09 14:00:35;26.39044625;26.39
2019-07-09 14:02:23;312.61;312.745;311.41;312.255;28.16532215;29.63599715;28.13;2019-07-09 14:00:35;26.42465904;26.39
2019-07-09 14:03:23;312.91;313.045;311.44;312.465;28.18525316;29.65592816;28.13;2019-07-09 14:00:35;26.4434017;26.39
2019-07-09 14:04:23;312.3585181;312.48;310.93;311.9228394;28.13379691;29.60447191;28.13;2019-07-09 14:00:35;26.39501346;26.39
2019-07-09 14:05:23;312.15;312.415;310.94;311.835;28.12546012;29.59613512;28.13;2019-07-09 14:00:35;26.38717373;26.39
2019-07-09 14:06:38;312.22;312.555;310.89;311.8883333;28.13052196;29.60119696;28.13;2019-07-09 14:00:35;26.39193377;26.39
2019-07-09 14:07:24;312.1;312.415;310.94;311.8183333;28.12387829;29.59455329;28.13;2019-07-09 14:00:35;26.38568621;26.39
2019-07-09 14:08:23;312.16;312.435;311.02;311.8716667;28.12894013;29.59961513;28.13;2019-07-09 14:00:35;26.39044625;26.39
2019-07-09 14:09:24;312.16;312.475;310.96;311.865;28.1283074;29.5989824;28.13;2019-07-09 14:00:35;26.38985125;26.39
2019-07-09 14:10:23;312.16;312.495;310.93;311.8616667;28.12799104;29.59866604;28.13;2019-07-09 14:00:35;26.38955375;26.39
2019-07-09 14:11:23;312.15;312.395;310.81;311.785;28.12071464;29.59138964;28.18;2019-07-09 14:10:35;26.37542259;26.43
2019-07-09 14:12:23;312.08;312.245;310.73;311.685;28.11122368;29.58189868;28.18;2019-07-09 14:10:35;26.36649985;26.43
2019-07-09 14:13:22;312.01;311.935;310.86;311.6016667;28.10331454;29.57398954;28.18;2019-07-09 14:10:35;26.35906423;26.43
2019-07-09 14:14:23;312;312.19;310.75;311.6466667;28.10758547;29.57826047;28.18;2019-07-09 14:10:35;26.36307947;26.43
2019-07-09 14:15:23;312;312.175;310.68;311.6183333;28.10489637;29.57557137;28.18;2019-07-09 14:10:35;26.36055136;26.43
2019-07-09 14:16:24;312;311.995;310.38;311.4583333;28.08971083;29.56038583;28.18;2019-07-09 14:10:35;26.34627498;26.43
2019-07-09 14:17:23;311.59;311.71;310.24;311.18;28.06329433;29.53396933;28.18;2019-07-09 14:10:35;26.32144002;26.43
2019-07-09 14:18:23;311.6;311.55;310.07;311.0733333;28.05317064;29.52384564;28.18;2019-07-09 14:10:35;26.31192243;26.43
2019-07-09 14:19:23;311.24;311.38;310.55;311.0566667;28.05158881;29.52226381;28.18;2019-07-09 14:10:35;26.31043531;26.43
2019-07-09 14:20:23;311.61;311.765;310.7;311.3583333;28.08021987;29.55089487;28.18;2019-07-09 14:10:35;26.33735224;26.43
2019-07-09 14:21:23;311.47;311.99;310.26;311.24;28.03330835;29.50398335;28.1;2019-07-09 14:20:35;26.31815493;26.38
2019-07-09 14:22:23;311.4;311.615;310.26;311.0916667;28.0192471;29.4899221;28.1;2019-07-09 14:20:35;26.30492365;26.38
2019-07-09 14:23:23;311.29;311.505;310.01;310.935;28.00439589;29.47507089;28.1;2019-07-09 14:20:35;26.29094904;26.38
2019-07-09 14:24:23;311.24;311.435;309.99;310.8883333;27.99997212;29.47064712;28.1;2019-07-09 14:20:35;26.28678639;26.38
2019-07-09 14:25:23;311.38;311.415;310.03;310.9416667;28.00502785;29.47570285;28.1;2019-07-09 14:20:35;26.29154371;26.38
2019-07-09 14:26:38;311.4;311.435;310.04;310.9583333;28.00660777;29.47728277;28.1;2019-07-09 14:20:35;26.29303037;26.38
2019-07-09 14:27:24;311.39;311.465;310.09;310.9816667;28.00881965;29.47949465;28.1;2019-07-09 14:20:35;26.29511169;26.38
2019-07-09 14:28:23;311.39;311.475;310.09;310.985;28.00913564;29.47981064;28.1;2019-07-09 14:20:35;26.29540902;26.38
2019-07-09 14:29:23;311.38;311.37;309.74;310.83;27.99444242;29.46511742;28.1;2019-07-09 14:20:35;26.28158308;26.38
2019-07-09 14:30:23;311.2864875;310.975;309.86;310.7071625;27.98279804;29.45347304;28.1;2019-07-09 14:20:35;26.27062602;26.38
2019-07-09 14:31:23;311.36;311.2;310;310.8533333;27.9966543;29.4673293;28.03;2019-07-09 14:30:35;26.28234943;26.31
2019-07-09 14:32:23;311.29;311.26;310;310.85;27.99633832;29.46701332;28.03;2019-07-09 14:30:35;26.28205211;26.31
2019-07-09 14:33:23;311.25;311.15;309.9;310.7666667;27.98843874;29.45911374;28.03;2019-07-09 14:30:35;26.27461916;26.31
2019-07-09 14:34:23;311.25;311.175;309.96;310.795;27.99112459;29.46179959;28.03;2019-07-09 14:30:35;26.27714636;26.31
2019-07-09 14:35:23;311.25;310.945;309.95;310.715;27.983541;29.454216;28.03;2019-07-09 14:30:35;26.27001073;26.31
2019-07-09 14:36:30;311.26;311.205;309.76;310.7416667;27.98606886;29.45674386;28.03;2019-07-09 14:30:35;26.27238928;26.31
2019-07-09 14:37:23;311.26;311.025;309.78;310.6883333;27.98101313;29.45168813;28.03;2019-07-09 14:30:35;26.26763219;26.31
2019-07-09 14:38:23;311.26;311.075;309.77;310.7016667;27.98227706;29.45295206;28.03;2019-07-09 14:30:35;26.26882146;26.31
2019-07-09 14:39:23;311.25;311.065;309.87;310.7283333;27.98480493;29.45547993;28.03;2019-07-09 14:30:35;26.2712;26.31
2019-07-09 14:40:23;311.25;311.115;309.65;310.6716667;27.97943321;29.45010821;28.03;2019-07-09 14:30:35;26.2661456;26.31
2019-07-09 14:41:23;311.25;311.045;309.36;310.5516667;27.96805782;29.43873282;28.03;2019-07-09 14:40:35;26.2548487;26.31
2019-07-09 14:42:23;311.2;310.76;309.4;310.4533333;27.95873632;29.42941132;28.03;2019-07-09 14:40:35;26.246078;26.31
2019-07-09 14:43:23;311;310.805;309.29;310.365;27.95036276;29.42103776;28.03;2019-07-09 14:40:35;26.23819925;26.31
2019-07-09 14:44:23;310.68;310.835;309.52;310.345;27.94846686;29.41914186;28.03;2019-07-09 14:40:35;26.23641538;26.31
2019-07-09 14:45:23;310.73;310.71;309.53;310.3233333;27.94641297;29.41708797;28.03;2019-07-09 14:40:35;26.23448285;26.31
2019-07-09 14:46:23;310.35;310.545;308.96;309.9516667;27.91118084;29.38185584;28.03;2019-07-09 14:40:35;26.20133261;26.31
2019-07-09 14:47:23;310.32;310.315;308.86;309.8316667;27.89980545;29.37048045;28.03;2019-07-09 14:40:35;26.19062939;26.31
2019-07-09 14:48:23;310.6;310.16;309.18;309.98;27.9138667;29.3845417;28.03;2019-07-09 14:40:35;26.20385976;26.31
2019-07-09 14:49:22;310.3;310.48;308.98;309.92;27.908179;29.378854;28.03;2019-07-09 14:40:35;26.19850815;26.31
2019-07-09 14:50:23;310.31;310.12;309.13;309.8533333;27.90185934;29.37253434;28.03;2019-07-09 14:40:35;26.19256191;26.31
2019-07-09 14:51:23;310.31;310.285;308.56;309.7183333;27.88906202;29.35973702;27.95;2019-07-09 14:50:35;26.18246615;26.24
2019-07-09 14:52:23;309.61;309.755;307.81;309.0583333;27.82649735;29.29717235;27.95;2019-07-09 14:50:35;26.12359431;26.24
2019-07-09 14:53:22;309.16;309.445;307.97;308.8583333;27.80753835;29.27821335;27.95;2019-07-09 14:50:35;26.10575436;26.24
2019-07-09 14:54:23;309.1355103;309.345;308.13;308.8701701;27.80866042;29.27933542;27.95;2019-07-09 14:50:35;26.10681019;26.24
2019-07-09 14:55:23;309.13;309.185;308.01;308.775;27.79963877;29.27031377;27.95;2019-07-09 14:50:35;26.09832104;26.24
2019-07-09 14:56:23;309.13;309.115;307.67;308.6383333;27.78668346;29.25735846;27.95;2019-07-09 14:50:35;26.08613041;26.24
2019-07-09 14:57:23;308.5;308.505;307.37;308.125;27.73802205;29.20869705;27.95;2019-07-09 14:50:35;26.0403412;26.24
2019-07-09 14:58:23;308.5;308.415;307.48;308.1316667;27.73865402;29.20932902;27.95;2019-07-09 14:50:35;26.04093586;26.24
2019-07-09 14:59:23;308.6;308.675;307.48;308.2516667;27.75002941;29.22070441;27.95;2019-07-09 14:50:35;26.05163983;26.24
2019-07-09 15:00:23;308.42;308.64;307.25;308.1033333;27.73596816;29.20664316;27.95;2019-07-09 14:50:35;26.03840853;26.24
2019-07-09 15:01:23;308.4421034;308.285;307.05;307.9257011;27.71912952;29.18980452;27.79;2019-07-09 15:00:35;26.02182655;26.09
2019-07-09 15:02:23;308.42;308.255;306.7;307.7916667;27.70642373;29.17709873;27.79;2019-07-09 15:00:35;26.00987103;26.09
2019-07-09 15:03:23;307.5009796;307.46;306.52;307.1603265;27.64657587;29.11725087;27.79;2019-07-09 15:00:35;25.95355715;26.09
2019-07-09 15:04:23;307.39;307.175;306.25;306.9383333;27.62553203;29.09620703;27.79;2019-07-09 15:00:35;25.93375594;26.09
2019-07-09 15:05:23;307.44;307.09;306.18;306.9033333;27.62221421;29.09288921;27.79;2019-07-09 15:00:35;25.93063403;26.09
2019-07-09 15:06:23;307.57;306.995;306.01;306.8583333;27.61794843;29.08862343;27.79;2019-07-09 15:00:35;25.92662015;26.09
2019-07-09 15:07:23;307.46;306.805;305.84;306.7016667;27.60309722;29.07377222;27.79;2019-07-09 15:00:35;25.9126459;26.09
2019-07-09 15:08:24;307.45;306.825;305.91;306.7283333;27.60562509;29.07630009;27.79;2019-07-09 15:00:35;25.91502449;26.09
2019-07-09 15:09:27;307.6;307.045;306.04;306.895;27.62142425;29.09209925;27.79;2019-07-09 15:00:35;25.92989072;26.09
2019-07-09 15:10:23;307.48;307.105;305.88;306.8216667;27.61447262;29.08514762;27.79;2019-07-09 15:00:35;25.92334958;26.09
2019-07-09 15:11:23;307.52;307.1;306.18;306.9333333;27.61552471;29.08619971;27.64;2019-07-09 15:10:35;25.93769708;25.96
2019-07-09 15:12:23;307.94;307.495;306.3;307.245;27.64505946;29.11573446;27.64;2019-07-09 15:10:35;25.96550139;25.96
2019-07-09 15:13:23;307.96;307.56;306.85;307.4566667;27.66511781;29.13579281;27.64;2019-07-09 15:10:35;25.98438452;25.96
2019-07-09 15:14:23;308.82;308.425;307.26;308.1683333;27.73255812;29.20323312;27.64;2019-07-09 15:10:35;26.04787349;25.96
2019-07-09 15:15:23;308.97;308.615;307.35;308.3116667;27.74614095;29.21681595;27.64;2019-07-09 15:10:35;26.06066049;25.96
2019-07-09 15:16:23;308.88;308.5;307.3;308.2266667;27.73808602;29.20876102;27.64;2019-07-09 15:10:35;26.0530775;25.96
2019-07-09 15:17:23;309.21;308.465;307.68;308.4516667;27.75940789;29.23008289;27.64;2019-07-09 15:10:35;26.07315013;25.96
2019-07-09 15:18:23;309.29;308.84;307.53;308.5533333;27.76904222;29.23971722;27.64;2019-07-09 15:10:35;26.08221998;25.96
2019-07-09 15:19:23;309.29;308.89;307.76;308.6466667;27.77788686;29.24856186;27.64;2019-07-09 15:10:35;26.0905464;25.96
2019-07-09 15:20:23;309.29;308.85;307.58;308.5733333;27.7709375;29.2416125;27.64;2019-07-09 15:10:35;26.08400421;25.96
2019-07-09 15:21:25;309.29;308.815;307.59;308.565;27.7701478;29.2408228;27.81;2019-07-09 15:20:35;26.08821169;26.13
2019-07-09 15:22:23;309.28;308.84;307.87;308.6633333;27.77946625;29.25014125;27.81;2019-07-09 15:20:35;26.09698575;26.13
2019-07-09 15:23:23;309.2614802;308.955;307.59;308.6021601;27.77366924;29.24434424;27.81;2019-07-09 15:20:35;26.0915274;26.13
2019-07-09 15:24:23;309.28;308.89;307.82;308.6633333;27.77946625;29.25014125;27.81;2019-07-09 15:20:35;26.09698575;26.13
2019-07-09 15:25:23;309.59;308.945;307.97;308.835;27.79573406;29.26640906;27.81;2019-07-09 15:20:35;26.11230317;26.13
2019-07-09 15:26:23;309.42;308.755;307.94;308.705;27.78341475;29.25408975;27.81;2019-07-09 15:20:35;26.10070357;26.13
2019-07-09 15:27:23;309.7546487;309.145;308.08;308.9932162;27.81072725;29.28140225;27.81;2019-07-09 15:20:35;26.12642044;26.13
2019-07-09 15:28:23;309.732232;309.125;308.03;308.9624107;27.80780799;29.27848299;27.81;2019-07-09 15:20:35;26.12367173;26.13
2019-07-09 15:29:22;309.732232;309.065;307.7;308.8324107;27.79548868;29.26616368;27.81;2019-07-09 15:20:35;26.11207213;26.13
2019-07-09 15:30:23;309.25;308.86;307.48;308.53;27.76683107;29.23750607;27.81;2019-07-09 15:20:35;26.08508872;26.13
2019-07-09 15:31:23;309.2390635;308.845;307.7;308.5946878;27.77296114;29.24363614;27.82;2019-07-09 15:30:35;26.08996969;26.13
2019-07-09 15:32:23;309.35;308.785;307.82;308.6516667;27.77836067;29.24903567;27.82;2019-07-09 15:30:35;26.09505361;26.13
2019-07-09 15:33:23;309.4520226;309.085;308.03;308.8556742;27.79769322;29.26836822;27.82;2019-07-09 15:30:35;26.11325615;26.13
2019-07-09 15:34:23;309.75;309.275;308.1;309.0416667;27.8153186;29.2859936;27.82;2019-07-09 15:30:35;26.12985129;26.13
2019-07-09 15:35:23;309.73;309.235;307.92;308.9616667;27.80773748;29.27841248;27.82;2019-07-09 15:30:35;26.12271331;26.13
2019-07-09 15:36:23;309.53;308.975;307.84;308.7816667;27.79067998;29.26135498;27.82;2019-07-09 15:30:35;26.10665284;26.13
2019-07-09 15:37:23;309.7;309.065;307.95;308.905;27.80236753;29.27304253;27.82;2019-07-09 15:30:35;26.11765723;26.13
2019-07-09 15:38:23;309.72;309.18;308.22;309.04;27.81516066;29.28583566;27.82;2019-07-09 15:30:35;26.12970258;26.13
2019-07-09 15:39:23;309.89;309.31;308.33;309.1766667;27.82811172;29.29878672;27.82;2019-07-09 15:30:35;26.14189664;26.13
2019-07-09 15:40:23;309.9;309.36;308.24;309.1666667;27.82716408;29.29783908;27.82;2019-07-09 15:30:35;26.14100439;26.13
2019-07-09 15:41:23;309.63;309.225;308.1;308.985;27.80994864;29.28062364;27.85;2019-07-09 15:40:35;26.12000449;26.16
2019-07-09 15:42:23;309.6;309.16;308.17;308.9766667;27.80915894;29.27983394;27.85;2019-07-09 15:40:35;26.11926108;26.16
2019-07-09 15:43:23;309.66;309.335;308.15;309.0483333;27.81595036;29.28662536;27.85;2019-07-09 15:40:35;26.12565441;26.16
2019-07-09 15:44:22;309.53;309.265;308.08;308.9583333;27.8074216;29.2780966;27.85;2019-07-09 15:40:35;26.11762557;26.16
2019-07-09 15:45:23;309.21;309.12;307.95;308.76;27.78862676;29.25930176;27.85;2019-07-09 15:40:35;26.09993239;26.16
2019-07-09 15:46:23;309.54;309.285;308.16;308.995;27.81089628;29.28157128;27.85;2019-07-09 15:40:35;26.12089658;26.16
2019-07-09 15:47:23;309.53;309.285;308.08;308.965;27.80805336;29.27872836;27.85;2019-07-09 15:40:35;26.1182203;26.16
2019-07-09 15:48:23;309.53;309.195;308.09;308.9383333;27.80552633;29.27620133;27.85;2019-07-09 15:40:35;26.11584139;26.16
2019-07-09 15:49:23;309.53;309.18;308.13;308.9466667;27.80631603;29.27699103;27.85;2019-07-09 15:40:35;26.1165848;26.16
2019-07-09 15:50:23;309.53;309.27;308.09;308.9633333;27.80789542;29.27857042;27.85;2019-07-09 15:40:35;26.11807162;26.16
2019-07-09 15:51:23;309.55;309.675;308.47;309.2316667;27.83332374;29.30399874;27.85;2019-07-09 15:50:36;26.14052368;26.16
2019-07-09 15:52:23;310.02;309.575;308.44;309.345;27.84406365;29.31473865;27.85;2019-07-09 15:50:36;26.15063353;26.16
2019-07-09 15:53:23;309.5823255;309.785;308.51;309.2924418;27.83908303;29.30975803;27.85;2019-07-09 15:50:36;26.1459451;26.16
2019-07-09 15:54:23;309.82;309.755;308.62;309.3983333;27.84911772;29.31979272;27.85;2019-07-09 15:50:36;26.1553911;26.16
2019-07-09 15:55:23;309.82;309.7;308.68;309.4;27.84927566;29.31995066;27.85;2019-07-09 15:50:36;26.15553977;26.16
2019-07-09 15:56:23;309.77;309.585;308.33;309.2283333;27.83300786;29.30368286;27.85;2019-07-09 15:50:36;26.14022633;26.16
2019-07-09 15:57:23;309.55;309.315;308.59;309.1516667;27.82574262;29.29641762;27.85;2019-07-09 15:50:36;26.13338732;26.16
2019-07-09 15:58:23;309.67;309.355;308.47;309.165;27.82700614;29.29768114;27.85;2019-07-09 15:50:36;26.13457671;26.16
2019-07-09 15:59:23;309.67;309.255;308.08;309.0016667;27.81152804;29.28220304;27.85;2019-07-09 15:50:36;26.12000664;26.16
2019-07-09 16:00:23;309.18;308.905;307.84;308.6416667;27.77741304;29.24808804;27.85;2019-07-09 15:50:36;26.08789302;26.16
2019-07-09 16:01:23;309.1553015;308.905;307.85;308.6367672;27.77493774;29.24762374;27.83;2019-07-09 16:00:35;26.08470387;26.14
2019-07-09 16:02:23;309.48;308.995;308.59;309.0216667;27.81141232;29.28409832;27.83;2019-07-09 16:00:35;26.11903759;26.14
2019-07-09 16:03:23;309.69;309.665;308.45;309.2683333;27.83478741;29.30747341;27.83;2019-07-09 16:00:35;26.14104069;26.14
2019-07-09 16:04:23;310.13;309.955;309.16;309.7483333;27.88027409;29.35296009;27.83;2019-07-09 16:00:35;26.18385753;26.14
2019-07-09 16:05:23;310.64;310.52;309.45;310.2033333;27.92339166;29.39607766;27.83;2019-07-09 16:00:35;26.22444433;26.14
2019-07-09 16:06:23;310.4409306;310.415;309.23;310.0286435;27.90683737;29.37952337;27.83;2019-07-09 16:00:35;26.2088617;26.14
2019-07-09 16:07:23;310.44;310.465;309.24;310.0483333;27.90870326;29.38138926;27.83;2019-07-09 16:00:35;26.21061806;26.14
2019-07-09 16:08:23;310.48;310.155;309.5;310.045;27.90838738;29.38107338;27.83;2019-07-09 16:00:35;26.21032072;26.14
2019-07-09 16:09:23;310.62;310.305;309.56;310.1616667;27.91944316;29.39212916;27.83;2019-07-09 16:00:35;26.22072759;26.14
2019-07-09 16:10:23;310.7247749;310.575;309.27;310.189925;27.92212103;29.39480703;27.83;2019-07-09 16:00:35;26.22324828;26.14
2019-07-09 16:11:23;310.57;310.565;309.54;310.225;27.91716187;29.38984787;27.94;2019-07-09 16:10:35;26.22754994;26.25
2019-07-09 16:12:40;310.7;310.29;309.51;310.1666667;27.91163553;29.38432153;27.94;2019-07-09 16:10:35;26.22234628;26.25
2019-07-09 16:13:23;310.63;310.32;309.6;310.1833333;27.91321449;29.38590049;27.94;2019-07-09 16:10:35;26.22383304;26.25
2019-07-09 16:14:23;310.49;310.33;309.26;310.0266667;27.89837233;29.37105833;27.94;2019-07-09 16:10:35;26.20985751;26.25
2019-07-09 16:15:23;310.4;310.1;309.37;309.9566667;27.89174072;29.36442672;27.94;2019-07-09 16:10:35;26.20361312;26.25
2019-07-09 16:16:23;310.27;310.225;309.29;309.9283333;27.8890565;29.3617425;27.94;2019-07-09 16:10:35;26.20108563;26.25
2019-07-09 16:17:23;310.2009972;310.05;309.6;309.9503324;27.89114063;29.36382663;27.94;2019-07-09 16:10:35;26.20304807;26.25
2019-07-09 16:18:23;310.24;310.395;309.56;310.065;27.90200392;29.37468992;27.94;2019-07-09 16:10:35;26.21327705;26.25
2019-07-09 16:19:23;310.14;310.215;309.54;309.965;27.8925302;29.3652162;27.94;2019-07-09 16:10:35;26.2043565;26.25
2019-07-09 16:20:22;310.21;310.505;309.82;310.1783333;27.9127408;29.3854268;27.94;2019-07-09 16:10:35;26.22338701;26.25
2019-07-09 16:21:23;310.24;310.44;309.58;310.0866667;27.90405656;29.37674256;27.94;2019-07-09 16:20:35;26.21313115;26.25
2019-07-09 16:22:23;310.22;310.4;309.73;310.1166667;27.90689867;29.37958467;27.94;2019-07-09 16:20:35;26.21580711;26.25
2019-07-09 16:23:23;310.22;310.525;309.79;310.1783333;27.9127408;29.3854268;27.94;2019-07-09 16:20:35;26.22130771;26.25
2019-07-09 16:24:23;310.28;310.395;309.77;310.1483333;27.90989868;29.38258468;27.94;2019-07-09 16:20:35;26.21863174;26.25
2019-07-09 16:25:23;310.32;310.39;309.81;310.1733333;27.91226711;29.38495311;27.94;2019-07-09 16:20:35;26.22086171;26.25
2019-07-09 16:26:23;310;310.36;309.23;309.8633333;27.88289858;29.35558458;27.94;2019-07-09 16:20:35;26.19321007;26.25
2019-07-09 16:27:23;310;309.55;308.84;309.4633333;27.8450037;29.3176897;27.94;2019-07-09 16:20:35;26.15753054;26.25
2019-07-09 16:28:23;309.76;309.57;309.22;309.5166667;27.85005635;29.32274235;27.94;2019-07-09 16:20:35;26.16228781;26.25
2019-07-09 16:29:22;309.94;309.87;309.22;309.6766667;27.86521431;29.33790031;27.94;2019-07-09 16:20:35;26.17655962;26.25
2019-07-09 16:30:23;309.95;309.815;309.37;309.7116667;27.86853011;29.34121611;27.94;2019-07-09 16:20:35;26.17968158;26.25
2019-07-09 16:31:23;310.29;310.375;309.67;310.1116667;27.90642499;29.37911099;27.91;2019-07-09 16:30:36;26.22133827;26.22
2019-07-09 16:32:23;310.22;310.065;309.34;309.875;27.88400385;29.35668985;27.91;2019-07-09 16:30:36;26.20022332;26.22
2019-07-09 16:33:23;310.37;310.065;309.72;310.0516667;27.90074076;29.37342676;27.91;2019-07-09 16:30:36;26.21598518;26.22
2019-07-09 16:34:23;310.37;310.525;309.81;310.235;27.91810924;29.39079524;27.91;2019-07-09 16:30:36;26.23234184;26.22
2019-07-09 16:35:23;310.73;310.525;309.83;310.3616667;27.93010929;29.40279529;27.91;2019-07-09 16:30:36;26.2436428;26.22
2019-07-09 16:36:23;310.44;310.565;309.53;310.1783333;27.9127408;29.3854268;27.91;2019-07-09 16:30:36;26.22728615;26.22
2019-07-09 16:37:23;310.56;310.375;309.63;310.1883333;27.91368817;29.38637417;27.91;2019-07-09 16:30:36;26.22817833;26.22
2019-07-09 16:38:23;310.37;310.49;309.72;310.1933333;27.91416186;29.38684786;27.91;2019-07-09 16:30:36;26.22862442;26.22
2019-07-09 16:39:23;310.63;310.6;309.67;310.3;27.92426716;29.39695316;27.91;2019-07-09 16:30:36;26.23814102;26.22
2019-07-09 16:40:23;310.41;310.245;309.39;310.015;27.89726706;29.36995306;27.91;2019-07-09 16:30:36;26.21271385;26.22
2019-07-09 16:41:23;310.41;310.29;309.32;310.0066667;27.89647758;29.36916358;27.93;2019-07-09 16:40:36;26.2140127;26.25
2019-07-09 16:42:23;310.41;310.285;309.34;310.0116667;27.89695127;29.36963727;27.93;2019-07-09 16:40:36;26.21445883;26.25
2019-07-09 16:43:23;310.37;310.275;309.48;310.0416667;27.89979338;29.37247938;27.93;2019-07-09 16:40:36;26.21713557;26.25
2019-07-09 16:44:23;310.2200812;310.005;309.02;309.7483604;27.87200637;29.34469237;27.93;2019-07-09 16:40:36;26.19096541;26.25
2019-07-09 16:45:23;310;309.965;309.04;309.6683333;27.86442483;29.33711083;27.93;2019-07-09 16:40:36;26.18382501;26.25
2019-07-09 16:46:23;310;309.925;309.23;309.7183333;27.86916169;29.34184769;27.93;2019-07-09 16:40:36;26.18828625;26.25
2019-07-09 16:47:23;310.18;310.195;309.22;309.865;27.88305648;29.35574248;27.93;2019-07-09 16:40:36;26.20137254;26.25
2019-07-09 16:48:23;310.13;310.14;309.03;309.7666667;27.87374065;29.34642665;27.93;2019-07-09 16:40:36;26.19259878;26.25
2019-07-09 16:49:22;310.1194812;310.07;309.17;309.7864937;27.87561901;29.34830501;27.93;2019-07-09 16:40:36;26.19436784;26.25
2019-07-09 16:50:23;310.12;310.155;309.12;309.7983333;27.87674066;29.34942666;27.93;2019-07-09 16:40:36;26.19542423;26.25
2019-07-09 16:51:23;310.11;309.99;308.97;309.69;27.86647747;29.33916347;27.9;2019-07-09 16:50:36;26.18234376;26.21
2019-07-09 16:52:23;310.07;309.975;308.94;309.6616667;27.86379325;29.33647925;27.9;2019-07-09 16:50:36;26.17981604;26.21
2019-07-09 16:53:23;309.99;309.865;309.13;309.6616667;27.86379325;29.33647925;27.9;2019-07-09 16:50:36;26.17981604;26.21
2019-07-09 16:54:23;310;309.875;309.13;309.6683333;27.86442483;29.33711083;27.9;2019-07-09 16:50:36;26.1804108;26.21
2019-07-09 16:55:23;310.07;310.045;309.1;309.7383333;27.87105643;29.34374243;27.9;2019-07-09 16:50:36;26.18665576;26.21
2019-07-09 16:56:23;310.07;309.88;309.02;309.6566667;27.86331956;29.33600556;27.9;2019-07-09 16:50:36;26.17936997;26.21
2019-07-09 16:57:23;309.93;309.9;308.95;309.5933333;27.85731954;29.33000554;27.9;2019-07-09 16:50:36;26.17371977;26.21
2019-07-09 16:58:23;309.8849146;309.87;308.73;309.4949715;27.84800102;29.32068702;27.9;2019-07-09 16:50:36;26.16494456;26.21
2019-07-09 16:59:23;309.52;309.575;308.46;309.185;27.81863518;29.29132118;27.9;2019-07-09 16:50:36;26.13729086;26.21
2019-07-09 17:00:22;309.83;309.42;308.85;309.3666667;27.83584577;29.30853177;27.9;2019-07-09 16:50:36;26.15349801;26.21
2019-07-09 17:01:23;309.89;309.735;308.83;309.485;27.84439477;29.31708077;27.87;2019-07-09 17:00:36;26.16903101;26.19
2019-07-09 17:02:23;309.8625006;309.865;308.97;309.5658335;27.85205202;29.32473802;27.87;2019-07-09 17:00:36;26.17624376;26.19
2019-07-09 17:03:23;309.66;309.73;308.94;309.4433333;27.84044775;29.31313375;27.87;2019-07-09 17:00:36;26.1653131;26.19
2019-07-09 17:04:23;309.66;309.93;309.04;309.5433333;27.84992061;29.32260661;27.87;2019-07-09 17:00:36;26.17423608;26.19
2019-07-09 17:05:23;309.7;309.855;309;309.5183333;27.84755239;29.32023839;27.87;2019-07-09 17:00:36;26.17200533;26.19
2019-07-09 17:06:23;309.7;309.79;308.95;309.48;27.84392113;29.31660713;27.87;2019-07-09 17:00:36;26.16858486;26.19
2019-07-09 17:07:22;309.7;309.885;309.05;309.545;27.85007849;29.32276449;27.87;2019-07-09 17:00:36;26.17438479;26.19
2019-07-09 17:08:23;309.6;309.69;308.73;309.34;27.83065912;29.30334512;27.87;2019-07-09 17:00:36;26.15609269;26.19
2019-07-09 17:09:23;309.49;309.615;308.7;309.2683333;27.82387024;29.29655624;27.87;2019-07-09 17:00:36;26.1496979;26.19
2019-07-09 17:10:23;309.5;309.525;308.39;309.1383333;27.81155552;29.28424152;27.87;2019-07-09 17:00:36;26.13809803;26.19
2019-07-09 17:11:23;309.3;309.215;308.76;309.0916667;27.80713486;29.27982086;27.85;2019-07-09 17:10:36;26.13148591;26.17
2019-07-09 17:12:23;309.51;309.535;308.82;309.2883333;27.82576481;29.29845081;27.85;2019-07-09 17:10:36;26.14903287;26.17
2019-07-09 17:13:23;309.57;309.765;308.87;309.4016667;27.83650072;29.30918672;27.85;2019-07-09 17:10:36;26.15914468;26.17
2019-07-09 17:14:22;309.56;309.765;308.86;309.395;27.8358692;29.3085552;27.85;2019-07-09 17:10:36;26.15854986;26.17
2019-07-09 17:15:24;309.57;309.765;308.75;309.3616667;27.83271158;29.30539758;27.85;2019-07-09 17:10:36;26.1555758;26.17
2019-07-09 17:16:23;309.57;309.755;308.71;309.345;27.83113277;29.30381877;27.85;2019-07-09 17:10:36;26.15408877;26.17
2019-07-09 17:17:23;309.55;309.785;308.72;309.3516667;27.83176429;29.30445029;27.85;2019-07-09 17:10:36;26.15468359;26.17
2019-07-09 17:18:23;309.56;309.715;308.77;309.3483333;27.83144853;29.30413453;27.85;2019-07-09 17:10:36;26.15438618;26.17
2019-07-09 17:19:23;309.55;309.72;308.67;309.3133333;27.82813303;29.30081903;27.85;2019-07-09 17:10:36;26.15126342;26.17
2019-07-09 17:20:23;309.54;309.595;308.94;309.3583333;27.83239582;29.30508182;27.85;2019-07-09 17:10:36;26.1552784;26.17
2019-07-09 17:21:23;309.57;309.8;309;309.4566667;27.84171079;29.31439679;27.87;2019-07-09 17:20:36;26.16382847;26.19
2019-07-09 17:22:23;309.76;309.915;309.03;309.5683333;27.85228882;29.32497482;27.87;2019-07-09 17:20:36;26.1737915;26.19
2019-07-09 17:23:23;309.76;309.765;308.96;309.495;27.84534206;29.31802806;27.87;2019-07-09 17:20:36;26.16724862;26.19
2019-07-09 17:24:23;309.76;309.86;309.19;309.6033333;27.85560432;29.32829032;27.87;2019-07-09 17:20:36;26.17691424;26.19
2019-07-09 17:25:30;309.76;309.915;309.29;309.655;27.86049863;29.33318463;27.87;2019-07-09 17:20:36;26.18152399;26.19
2019-07-09 17:26:23;309.75;309.945;309.19;309.6283333;27.85797254;29.33065854;27.87;2019-07-09 17:20:36;26.17914476;26.19
2019-07-09 17:27:23;309.75;309.885;309.19;309.6083333;27.85607797;29.32876397;27.87;2019-07-09 17:20:36;26.17736034;26.19
2019-07-09 17:28:23;309.75;309.885;309.2;309.6116667;27.85639373;29.32907973;27.87;2019-07-09 17:20:36;26.17765775;26.19
2019-07-09 17:29:23;309.7677074;309.985;309.26;309.6709025;27.86200505;29.33469105;27.87;2019-07-09 17:20:36;26.18294283;26.19
2019-07-09 17:30:23;309.9;310.005;309.2;309.7016667;27.8649193;29.3376053;27.87;2019-07-09 17:20:36;26.18568765;26.19
2019-07-09 17:31:23;309.81;309.975;309.13;309.6383333;27.85891982;29.33160582;27.89;2019-07-09 17:30:39;26.17951669;26.21
2019-07-09 17:32:23;309.83;309.975;309.1;309.635;27.85860406;29.33129006;27.89;2019-07-09 17:30:39;26.1792193;26.21
2019-07-09 17:33:23;309.73;309.625;309.01;309.455;27.84155291;29.31423891;27.89;2019-07-09 17:30:39;26.1631598;26.21
2019-07-09 17:34:23;309.7;309.765;308.86;309.4416667;27.84028987;29.31297587;27.89;2019-07-09 17:30:39;26.16197021;26.21
2019-07-09 17:35:23;309.66;309.66;308.75;309.3566667;27.83223793;29.30492393;27.89;2019-07-09 17:30:39;26.15438656;26.21
2019-07-09 17:36:23;309.58;309.375;309.04;309.3316667;27.82986972;29.30255572;27.89;2019-07-09 17:30:39;26.15215607;26.21
2019-07-09 17:37:23;309.94;309.92;309.18;309.68;27.86286685;29.33555285;27.89;2019-07-09 17:30:39;26.18323417;26.21
2019-07-09 17:38:23;310.16;309.955;309.49;309.8683333;27.8807074;29.3533934;27.89;2019-07-09 17:30:39;26.20003716;26.21
2019-07-09 17:39:23;310.52;310.375;309.69;310.195;27.91165208;29.38433808;27.89;2019-07-09 17:30:39;26.22918218;26.21
2019-07-09 17:40:23;310.51;310.355;309.42;310.095;27.90217922;29.37486522;27.89;2019-07-09 17:30:39;26.22026023;26.21
2019-07-09 17:41:23;310.5;310.445;309.71;310.2183333;27.91386241;29.38654841;27.94;2019-07-09 17:40:36;26.2330837;26.26
2019-07-09 17:42:23;310.82;310.545;309.66;310.3416667;27.92554561;29.39823161;27.94;2019-07-09 17:40:36;26.24408816;26.26
2019-07-09 17:43:23;310.5;310.52;309.57;310.1966667;27.91180996;29.38449596;27.94;2019-07-09 17:40:36;26.23115049;26.26
2019-07-09 17:44:23;310.5;310.325;309.54;310.1216667;27.90470531;29.37739131;27.94;2019-07-09 17:40:36;26.22445859;26.26
2019-07-09 17:45:23;310.4118385;310.385;309.86;310.2189462;27.91392046;29.38660646;27.94;2019-07-09 17:40:36;26.23313838;26.26
2019-07-09 17:46:23;310.4118385;310.605;309.98;310.3322795;27.92465637;29.39734237;27.94;2019-07-09 17:40:36;26.24325058;26.26
2019-07-09 17:47:22;310.68;310.695;309.73;310.3683333;27.9280717;29.4007577;27.94;2019-07-09 17:40:36;26.2464675;26.26
2019-07-09 17:48:23;310.58;310.575;309.77;310.3083333;27.92238799;29.39507399;27.94;2019-07-09 17:40:36;26.24111398;26.26
2019-07-09 17:49:23;310.53;310.475;309.75;310.2516667;27.91702003;29.38970603;27.94;2019-07-09 17:40:36;26.23605788;26.26
2019-07-09 17:50:23;310.53;310.475;309.56;310.1883333;27.91102055;29.38370655;27.94;2019-07-09 17:40:36;26.23040694;26.26
2019-07-09 17:51:23;310.32;310.505;309.53;310.1183333;27.90438955;29.37707555;27.94;2019-07-09 17:50:36;26.2232701;26.26
2019-07-09 17:52:23;310.18;310.325;309.48;309.995;27.89270636;29.36539236;27.94;2019-07-09 17:50:36;26.212266;26.26
2019-07-09 17:53:23;310.1763552;310.36;309.28;309.9387851;27.88738119;29.36006719;27.94;2019-07-09 17:50:36;26.20725037;26.26
2019-07-09 17:54:23;310.15;310.375;309.39;309.9716667;27.89049602;29.36318202;27.94;2019-07-09 17:50:36;26.21018415;26.26
2019-07-09 17:55:23;310.15;310.48;309.63;310.0866667;27.90138981;29.37407581;27.94;2019-07-09 17:50:36;26.22044473;26.26
2019-07-09 17:56:23;310.15;310.685;309.48;310.105;27.9031265;29.3758125;27.94;2019-07-09 17:50:36;26.22208047;26.26
2019-07-09 17:57:23;310.16;310.315;309.5;309.9916667;27.8923906;29.3650766;27.94;2019-07-09 17:50:36;26.2119686;26.26
2019-07-09 17:58:23;310.16;310.375;309.51;310.015;27.89460093;29.36728693;27.94;2019-07-09 17:50:36;26.21405045;26.26
2019-07-09 17:59:23;310.16;310.355;309.33;309.9483333;27.88828569;29.36097169;27.94;2019-07-09 17:50:36;26.20810229;26.26
