2019-07-09 06:00:12;122.8;122.62;122.81;122.7433333;57.73747831;58.07292731;57.74;2019-07-09 05:59:13;54.42851352;54.43
2019-07-09 06:01:08;122.64;122.58;122.74;122.6533333;57.70098067;58.03642967;57.7;2019-07-09 06:00:33;54.37148602;54.37
2019-07-09 06:02:08;122.64;122.58;122.73;122.65;57.69940343;58.03485243;57.7;2019-07-09 06:00:33;54.37;54.37
2019-07-09 06:03:09;122.59;122.58;122.78;122.65;57.69940343;58.03485243;57.7;2019-07-09 06:00:33;54.37;54.37
2019-07-09 06:04:08;122.63;122.59;122.82;122.68;57.71359866;58.04904766;57.7;2019-07-09 06:00:33;54.38337421;54.37
2019-07-09 06:05:09;122.635;122.56;122.82;122.6716667;57.70965554;58.04510454;57.7;2019-07-09 06:00:33;54.37965915;54.37
2019-07-09 06:06:08;122.635;122.56;122.83;122.675;57.71123279;58.04668179;57.7;2019-07-09 06:00:33;54.38114517;54.37
2019-07-09 06:07:08;122.66;122.56;122.83;122.6833333;57.71517591;58.05062491;57.7;2019-07-09 06:00:33;54.38486023;54.37
2019-07-09 06:08:09;122.82;122.71;122.83;122.7866667;57.76407061;58.09951961;57.7;2019-07-09 06:00:33;54.43092694;54.37
2019-07-09 06:09:08;122.81;122.71;122.83;122.7833333;57.76249336;58.09794236;57.7;2019-07-09 06:00:33;54.42944092;54.37
2019-07-09 06:10:08;122.81;122.68;122.67;122.72;57.73252564;58.06797464;57.7;2019-07-09 06:00:33;54.40120648;54.37
2019-07-09 06:11:08;122.795;122.81;122.67;122.7583333;57.750664;58.086113;57.76;2019-07-09 06:10:31;54.42034049;54.43
2019-07-09 06:12:09;123.035;122.94;122.67;122.8816667;57.80902218;58.14447118;57.76;2019-07-09 06:10:31;54.47532539;54.43
2019-07-09 06:13:08;123.005;122.84;122.67;122.8383333;57.78851796;58.12396696;57.76;2019-07-09 06:10:31;54.45600637;54.43
2019-07-09 06:14:09;123.01;122.84;122.67;122.84;57.78930658;58.12475558;57.76;2019-07-09 06:10:31;54.45674941;54.43
2019-07-09 06:15:08;122.955;122.8;122.67;122.8083333;57.77432272;58.10977172;57.76;2019-07-09 06:10:31;54.44263167;54.43
2019-07-09 06:16:09;122.945;122.8;122.67;122.805;57.77274547;58.10819447;57.76;2019-07-09 06:10:31;54.44114559;54.43
2019-07-09 06:17:08;122.97;122.73;122.88;122.86;57.79877007;58.13421907;57.76;2019-07-09 06:10:31;54.46566588;54.43
2019-07-09 06:18:08;122.67;122.66;122.86;122.73;57.73725739;58.07270639;57.76;2019-07-09 06:10:31;54.40770882;54.43
2019-07-09 06:19:09;122.685;122.67;122.7;122.685;57.71596453;58.05141353;57.76;2019-07-09 06:10:31;54.38764676;54.43
2019-07-09 06:20:09;122.85;122.67;122.7;122.74;57.74198913;58.07743813;57.76;2019-07-09 06:10:31;54.41216706;54.43
2019-07-09 06:21:08;122.825;122.67;122.7;122.7316667;57.73804601;58.07349501;57.75;2019-07-09 06:20:31;54.40182756;54.41
2019-07-09 06:22:08;122.925;122.83;122.7;122.8183333;57.77905447;58.11450347;57.75;2019-07-09 06:20:31;54.44046092;54.41
2019-07-09 06:23:08;122.835;122.83;122.7;122.7883333;57.76485923;58.10030823;57.75;2019-07-09 06:20:31;54.42708783;54.41
2019-07-09 06:24:09;122.835;122.83;122.89;122.8516667;57.79482695;58.13027595;57.75;2019-07-09 06:20:31;54.4553199;54.41
2019-07-09 06:25:08;122.775;122.83;122.86;122.8216667;57.78063171;58.11608071;57.75;2019-07-09 06:20:31;54.44194682;54.41
2019-07-09 06:26:08;122.775;122.71;122.86;122.7816667;57.76170473;58.09715373;57.75;2019-07-09 06:20:31;54.42411604;54.41
2019-07-09 06:27:08;122.87;122.71;123.01;122.8633333;57.80034732;58.13579632;57.75;2019-07-09 06:20:31;54.46052055;54.41
2019-07-09 06:28:09;122.99;122.75;123.01;122.9166667;57.82558329;58.16103229;57.75;2019-07-09 06:20:31;54.48429493;54.41
2019-07-09 06:29:09;122.935;122.75;123.01;122.8983333;57.81690843;58.15235743;57.75;2019-07-09 06:20:31;54.47612248;54.41
2019-07-09 06:30:08;122.955;122.75;122.97;122.8916667;57.81375393;58.14920293;57.75;2019-07-09 06:20:31;54.47315069;54.41
2019-07-09 06:31:08;122.965;122.76;122.97;122.8983333;57.81690843;58.15235743;57.82;2019-07-09 06:30:31;54.48074301;54.48
2019-07-09 06:32:08;122.965;122.89;123.24;123.0316667;57.87999836;58.21544736;57.82;2019-07-09 06:30:31;54.54018397;54.48
2019-07-09 06:33:09;123.065;122.81;123.24;123.0383333;57.88315286;58.21860186;57.82;2019-07-09 06:30:31;54.54315601;54.48
2019-07-09 06:34:09;123.065;123.03;123.07;123.055;57.8910391;58.2264881;57.82;2019-07-09 06:30:31;54.55058613;54.48
2019-07-09 06:35:09;123.085;123.03;123.2;123.105;57.91469782;58.25014682;57.82;2019-07-09 06:30:31;54.57287649;54.48
2019-07-09 06:36:09;123.19;123.27;123.39;123.2833333;57.99908061;58.33452961;57.82;2019-07-09 06:30:31;54.65237877;54.48
2019-07-09 06:37:08;123.295;123.27;123.34;123.3016667;58.00775547;58.34320447;57.82;2019-07-09 06:30:31;54.6605519;54.48
2019-07-09 06:38:09;123.23;123.09;123.3;123.2066667;57.9628039;58.2982529;57.82;2019-07-09 06:30:31;54.61820022;54.48
2019-07-09 06:39:09;123.145;123.07;123.13;123.115;57.91942957;58.25487857;57.82;2019-07-09 06:30:31;54.57733456;54.48
2019-07-09 06:40:09;123.145;123.03;123.13;123.1016667;57.91312057;58.24856957;57.82;2019-07-09 06:30:31;54.57139047;54.48
2019-07-09 06:41:08;122.91;122.89;122.92;122.9066667;57.82085155;58.15630055;57.86;2019-07-09 06:40:32;54.48433551;54.52
2019-07-09 06:42:09;123.075;123.02;123.16;123.085;57.90523433;58.24068333;57.86;2019-07-09 06:40:32;54.56383761;54.52
2019-07-09 06:43:09;123.195;122.99;123.21;123.1316667;57.92731581;58.26276481;57.86;2019-07-09 06:40:32;54.58464189;54.52
2019-07-09 06:44:08;123.125;122.95;123.21;123.095;57.90996608;58.24541508;57.86;2019-07-09 06:40:32;54.56829567;54.52
2019-07-09 06:45:08;123.095;123.07;123.21;123.125;57.92416131;58.25961031;57.86;2019-07-09 06:40:32;54.58166985;54.52
2019-07-09 06:46:09;123.095;123.01;123.21;123.105;57.91469782;58.25014682;57.86;2019-07-09 06:40:32;54.57275373;54.52
2019-07-09 06:47:09;123.085;123.02;123.21;123.105;57.91469782;58.25014682;57.86;2019-07-09 06:40:32;54.57275373;54.52
2019-07-09 06:48:08;123.065;123.04;123.21;123.105;57.91469782;58.25014682;57.86;2019-07-09 06:40:32;54.57275373;54.52
2019-07-09 06:49:09;123.165;123.18;123.21;123.185;57.95255178;58.28800078;57.86;2019-07-09 06:40:32;54.60841822;54.52
2019-07-09 06:50:08;123.21;123.11;123.33;123.2166667;57.96753564;58.30298464;57.86;2019-07-09 06:40:32;54.62253542;54.52
2019-07-09 06:51:09;123.21;123.11;123.33;123.2166667;57.96753564;58.30298464;57.95;2019-07-09 06:50:31;54.62634736;54.61
2019-07-09 06:52:08;123.175;123.11;123.33;123.205;57.96201527;58.29746427;57.95;2019-07-09 06:50:31;54.62114593;54.61
2019-07-09 06:53:08;123.2;123.11;123.33;123.2133333;57.96595839;58.30140739;57.95;2019-07-09 06:50:31;54.62486124;54.61
2019-07-09 06:54:09;123.175;123.11;123.3;123.195;57.95728353;58.29273253;57.95;2019-07-09 06:50:31;54.61668756;54.61
2019-07-09 06:55:09;123.2;123.23;123.3;123.2433333;57.98015363;58.31560263;57.95;2019-07-09 06:50:31;54.63823635;54.61
2019-07-09 06:56:08;123.32;123.15;123.35;123.2733333;57.99434886;58.32979786;57.95;2019-07-09 06:50:31;54.65161146;54.61
2019-07-09 06:57:09;123.265;123.25;123.35;123.2883333;58.00144648;58.33689548;57.95;2019-07-09 06:50:31;54.65829902;54.61
2019-07-09 06:58:08;123.31;123.24;123.37;123.3066667;58.01012135;58.34557035;57.95;2019-07-09 06:50:31;54.6664727;54.61
2019-07-09 06:59:08;123.185;123.26;123.42;123.2883333;58.00144648;58.33689548;57.95;2019-07-09 06:50:31;54.65829902;54.61
2019-07-09 07:00:09;123.315;123.33;123.42;123.355;58.03299145;58.36844045;57.95;2019-07-09 06:50:31;54.68802149;54.61
2019-07-09 07:01:08;123.275;123.2;123.13;123.2016667;57.97224074;58.30768974;57.98;2019-07-09 07:00:31;54.62885221;54.64
2019-07-09 07:02:09;123.205;123.11;123.13;123.1483333;57.94699966;58.28244866;57.98;2019-07-09 07:00:31;54.60507025;54.64
2019-07-09 07:03:09;123.075;122.98;122.92;122.9916667;57.87285398;58.20830298;57.98;2019-07-09 07:00:31;54.53521075;54.64
2019-07-09 07:04:08;122.975;122.89;122.92;122.9283333;57.8428802;58.1783292;57.98;2019-07-09 07:00:31;54.50696967;54.64
2019-07-09 07:05:08;123.015;122.96;123.32;123.0983333;57.92333615;58.25878515;57.98;2019-07-09 07:00:31;54.58277466;54.64
2019-07-09 07:06:09;123.015;122.46;122.48;122.6516667;57.71194208;58.04739108;57.98;2019-07-09 07:00:31;54.38360077;54.64
2019-07-09 07:07:09;122.485;122.45;122.67;122.535;57.65672721;57.99217621;57.98;2019-07-09 07:00:31;54.33157774;54.64
2019-07-09 07:08:09;122.55;122.42;122.67;122.5466667;57.6622487;57.9976977;57.98;2019-07-09 07:00:31;54.33678004;54.64
2019-07-09 07:09:08;122.475;122.44;122.35;122.4216667;57.60308991;57.93853891;57.98;2019-07-09 07:00:31;54.28104108;54.64
2019-07-09 07:10:09;122.495;122.36;122.22;122.3583333;57.57311612;57.90856512;57.98;2019-07-09 07:00:31;54.2528;54.64
2019-07-09 07:11:08;122.155;122.16;122.28;122.1983333;57.49739288;57.83284188;57.46;2019-07-09 07:10:31;54.18493198;54.15
2019-07-09 07:12:08;122.225;122.36;122.24;122.275;57.53367693;57.86912593;57.46;2019-07-09 07:10:31;54.21912073;54.15
2019-07-09 07:13:08;122.3;122.5;122.59;122.4633333;57.62280951;57.95825851;57.46;2019-07-09 07:10:31;54.30310612;54.15
2019-07-09 07:14:09;122.475;122.45;122.31;122.4116667;57.59835721;57.93380621;57.46;2019-07-09 07:10:31;54.28006588;54.15
2019-07-09 07:15:08;122.385;122.37;122.31;122.355;57.57153856;57.90698756;57.46;2019-07-09 07:10:31;54.25479594;54.15
2019-07-09 07:16:09;122.395;122.29;122.31;122.3316667;57.56049558;57.89594458;57.46;2019-07-09 07:10:31;54.24439067;54.15
2019-07-09 07:17:09;122.29;122.22;122.44;122.3166667;57.55339653;57.88884553;57.46;2019-07-09 07:10:31;54.23770157;54.15
2019-07-09 07:18:09;122.31;122.22;122.44;122.3233333;57.55655166;57.89200066;57.46;2019-07-09 07:10:31;54.2406745;54.15
2019-07-09 07:19:08;122.355;122.24;122.44;122.345;57.56680585;57.90225485;57.46;2019-07-09 07:10:31;54.25033654;54.15
2019-07-09 07:20:09;122.315;122.36;122.35;122.3416667;57.56522829;57.90067729;57.46;2019-07-09 07:10:31;54.24885007;54.15
2019-07-09 07:21:09;122.485;122.54;122.35;122.4583333;57.62044315;57.95589215;57.59;2019-07-09 07:20:31;54.30047235;54.27
2019-07-09 07:22:09;122.695;122.52;122.35;122.5216667;57.65041694;57.98586594;57.59;2019-07-09 07:20:31;54.32871502;54.27
2019-07-09 07:23:08;122.545;122.51;122.44;122.4983333;57.63937397;57.97482297;57.59;2019-07-09 07:20:31;54.31830983;54.27
2019-07-09 07:24:09;122.59;122.22;122.43;122.4133333;57.59914599;57.93459499;57.59;2019-07-09 07:20:31;54.28040519;54.27
2019-07-09 07:25:08;122.585;122.3;122.43;122.4383333;57.61097775;57.94642675;57.59;2019-07-09 07:20:31;54.29155362;54.27
2019-07-09 07:26:08;122.41;122.27;122.43;122.37;57.57863761;57.91408661;57.59;2019-07-09 07:20:31;54.26108126;54.27
2019-07-09 07:27:08;122.485;122.23;122.33;122.3483333;57.56838342;57.90383242;57.59;2019-07-09 07:20:31;54.2514193;54.27
2019-07-09 07:28:08;122.47;122.18;122.33;122.3266667;57.55812923;57.89357823;57.59;2019-07-09 07:20:31;54.24175733;54.27
2019-07-09 07:29:08;122.45;122.18;122.33;122.32;57.5549741;57.8904231;57.59;2019-07-09 07:20:31;54.23878442;54.27
2019-07-09 07:30:08;122.44;122.29;122.33;122.3533333;57.57074977;57.90619877;57.59;2019-07-09 07:20:31;54.25364898;54.27
2019-07-09 07:31:09;122.415;122.28;122.27;122.3216667;57.55576288;57.89121188;57.59;2019-07-09 07:30:31;54.24357912;54.28
2019-07-09 07:32:08;122.425;122.3;122.27;122.3316667;57.56049558;57.89594458;57.59;2019-07-09 07:30:31;54.24803882;54.28
2019-07-09 07:33:08;122.525;122.35;122.27;122.3816667;57.5841591;57.9196081;57.59;2019-07-09 07:30:31;54.27033732;54.28
2019-07-09 07:34:08;122.465;122.35;122.27;122.3616667;57.57469369;57.91014269;57.59;2019-07-09 07:30:31;54.26141792;54.28
2019-07-09 07:35:08;122.395;122.35;122.27;122.3383333;57.56365072;57.89909972;57.59;2019-07-09 07:30:31;54.25101195;54.28
2019-07-09 07:36:08;122.455;122.31;122.53;122.4316667;57.60782261;57.94327161;57.59;2019-07-09 07:30:31;54.29263582;54.28
2019-07-09 07:37:09;122.435;122.31;122.53;122.425;57.60466748;57.94011648;57.59;2019-07-09 07:30:31;54.28966268;54.28
2019-07-09 07:38:08;122.48;122.34;122.3;122.3733333;57.58021518;57.91566418;57.59;2019-07-09 07:30:31;54.2666209;54.28
2019-07-09 07:39:09;122.465;122.3;122.3;122.355;57.57153856;57.90698756;57.59;2019-07-09 07:30:31;54.25844478;54.28
2019-07-09 07:40:08;122.445;122.3;122.3;122.3483333;57.56838342;57.90383242;57.59;2019-07-09 07:30:31;54.25547165;54.28
2019-07-09 07:41:09;122.355;122.2;122.54;122.365;57.57627126;57.91172026;57.6;2019-07-09 07:40:32;54.26141842;54.28
2019-07-09 07:42:08;122.36;122.2;122.54;122.3666667;57.57706004;57.91250904;57.6;2019-07-09 07:40:32;54.26216169;54.28
2019-07-09 07:43:09;122.39;122.21;122.54;122.38;57.58337031;57.91881931;57.6;2019-07-09 07:40:32;54.26810779;54.28
2019-07-09 07:44:08;122.355;122.22;122.27;122.2816667;57.53683207;57.87228107;57.6;2019-07-09 07:40:32;54.22425527;54.28
2019-07-09 07:45:09;122.3;122.25;122.42;122.3233333;57.55655166;57.89200066;57.6;2019-07-09 07:40:32;54.24283685;54.28
2019-07-09 07:46:09;122.165;122.03;122.01;122.0683333;57.43586774;57.77131674;57.6;2019-07-09 07:40:32;54.1291176;54.28
2019-07-09 07:47:08;122.055;122.04;122.01;122.035;57.42009206;57.75554106;57.6;2019-07-09 07:40:32;54.11425234;54.28
2019-07-09 07:48:08;122.06;122.01;122.01;122.0266667;57.41614814;57.75159714;57.6;2019-07-09 07:40:32;54.11053602;54.28
2019-07-09 07:49:08;122.035;122.02;122;122.0183333;57.41220422;57.74765322;57.6;2019-07-09 07:40:32;54.1068197;54.28
2019-07-09 07:50:08;121.805;121.89;121.75;121.815;57.31597259;57.65142159;57.6;2019-07-09 07:40:32;54.01614161;54.28
2019-07-09 07:51:09;121.59;121.36;120.32;121.09;56.95501507;57.29046407;57.29;2019-07-09 07:50:31;53.69780073;54.01
2019-07-09 07:52:08;120.845;120.82;120.78;120.815;56.82490625;57.16035525;57.29;2019-07-09 07:50:31;53.57515102;54.01
2019-07-09 07:53:09;120.99;120.78;121.09;120.9533333;56.89035493;57.22580393;57.29;2019-07-09 07:50:31;53.63684754;54.01
2019-07-09 07:54:08;120.905;120.92;121;120.9416667;56.88483516;57.22028416;57.29;2019-07-09 07:50:31;53.63164422;54.01
2019-07-09 07:55:09;120.935;120.8;121;120.9116667;56.87064147;57.20609047;57.29;2019-07-09 07:50:31;53.61826425;54.01
2019-07-09 07:56:08;120.775;120.25;120.67;120.565;56.7066255;57.0420745;57.29;2019-07-09 07:50:31;53.46365128;54.01
2019-07-09 07:57:08;120.69;120.53;120.46;120.56;56.70425988;57.03970888;57.29;2019-07-09 07:50:31;53.46142128;54.01
2019-07-09 07:58:08;120.62;120.31;120.46;120.4633333;56.65852466;56.99397366;57.29;2019-07-09 07:50:31;53.41830805;54.01
2019-07-09 07:59:08;120.565;120.08;120.46;120.3683333;56.61357797;56.94902697;57.29;2019-07-09 07:50:31;53.37593815;54.01
2019-07-09 08:00:08;120.315;120.14;120.46;120.305;56.58361352;56.91906252;57.29;2019-07-09 07:50:31;53.34769155;54.01
2019-07-09 08:01:08;120.405;120.25;120.55;120.4016667;56.62934874;56.96479774;56.58;2019-07-09 08:00:31;53.39534706;53.35
2019-07-09 08:02:09;120.505;120.36;120.64;120.5016667;56.67666104;57.01211004;56.58;2019-07-09 08:00:31;53.43995073;53.35
2019-07-09 08:03:09;120.495;120.37;120.7;120.5216667;56.6861235;57.0215725;56.58;2019-07-09 08:00:31;53.44887146;53.35
2019-07-09 08:04:09;120.575;120.26;120.4;120.4116667;56.63407997;56.96952897;56.58;2019-07-09 08:00:31;53.39980743;53.35
2019-07-09 08:05:08;120.715;120.52;120.93;120.7216667;56.7807481;57.1161971;56.58;2019-07-09 08:00:31;53.5380788;53.35
2019-07-09 08:06:08;121.04;120.62;120.79;120.8166667;56.82569478;57.16114378;56.58;2019-07-09 08:00:31;53.58045229;53.35
2019-07-09 08:07:09;120.92;120.64;121.03;120.8633333;56.84777386;57.18322286;56.58;2019-07-09 08:00:31;53.60126733;53.35
2019-07-09 08:08:09;120.82;120.67;120.84;120.7766667;56.80676986;57.14221886;56.58;2019-07-09 08:00:31;53.56261082;53.35
2019-07-09 08:09:08;120.83;120.48;120.84;120.7166667;56.77838248;57.11383148;56.58;2019-07-09 08:00:31;53.53584862;53.35
2019-07-09 08:10:09;120.835;120.44;120.84;120.705;56.77286272;57.10831172;56.58;2019-07-09 08:00:31;53.53064486;53.35
2019-07-09 08:11:09;120.72;120.37;120.84;120.6433333;56.7436868;57.0791358;56.78;2019-07-09 08:10:32;53.49432291;53.53
2019-07-09 08:12:09;120.705;120.41;120.84;120.6516667;56.74762949;57.08307849;56.78;2019-07-09 08:10:32;53.49803927;53.53
2019-07-09 08:13:08;120.705;120.48;120.85;120.6783333;56.7602461;57.0956951;56.78;2019-07-09 08:10:32;53.50993164;53.53
2019-07-09 08:14:08;120.745;120.48;120.85;120.6916667;56.76655441;57.10200341;56.78;2019-07-09 08:10:32;53.51587782;53.53
2019-07-09 08:15:08;120.725;120.4;120.65;120.5916667;56.71924211;57.05469111;56.78;2019-07-09 08:10:32;53.47128146;53.53
2019-07-09 08:16:09;120.705;120.26;120.55;120.505;56.67823812;57.01368712;56.78;2019-07-09 08:10:32;53.43263128;53.53
2019-07-09 08:17:08;120.415;120.33;120.55;120.4316667;56.64354243;56.97899143;56.78;2019-07-09 08:10:32;53.39992728;53.53
2019-07-09 08:18:09;120.455;120.17;120.5;120.375;56.61673213;56.95218113;56.78;2019-07-09 08:10:32;53.37465601;53.53
2019-07-09 08:19:08;120.475;120.29;120.6;120.455;56.65458197;56.99003097;56.78;2019-07-09 08:10:32;53.4103331;53.53
2019-07-09 08:20:09;120.475;120.28;120.6;120.4516667;56.65300489;56.98845389;56.78;2019-07-09 08:10:32;53.40884655;53.53
2019-07-09 08:21:09;120.525;120.39;120.6;120.505;56.67823812;57.01368712;56.69;2019-07-09 08:20:32;53.43331046;53.44
2019-07-09 08:22:09;120.725;120.58;120.87;120.725;56.78232518;57.11777418;56.69;2019-07-09 08:20:32;53.53142369;53.44
2019-07-09 08:23:08;120.73;120.61;120.87;120.7366667;56.78784494;57.12329394;56.69;2019-07-09 08:20:32;53.53662667;53.44
2019-07-09 08:24:08;120.72;120.72;120.98;120.8066667;56.82096355;57.15641255;56.69;2019-07-09 08:20:32;53.56784452;53.44
2019-07-09 08:25:09;120.75;120.7;120.98;120.81;56.82254063;57.15798963;56.69;2019-07-09 08:20:32;53.56933108;53.44
2019-07-09 08:26:09;120.795;120.68;120.98;120.8183333;56.82648332;57.16193232;56.69;2019-07-09 08:20:32;53.57304749;53.44
2019-07-09 08:27:09;120.885;120.79;120.98;120.885;56.85802486;57.19347386;56.69;2019-07-09 08:20:32;53.60277877;53.44
2019-07-09 08:28:08;120.945;120.76;120.98;120.895;56.86275609;57.19820509;56.69;2019-07-09 08:20:32;53.60723847;53.44
2019-07-09 08:29:08;120.92;120.77;121.16;120.95;56.88877785;57.22422685;56.69;2019-07-09 08:20:32;53.63176677;53.44
2019-07-09 08:30:09;120.92;120.78;121.16;120.9533333;56.89035493;57.22580393;56.69;2019-07-09 08:20:32;53.63325334;53.44
2019-07-09 08:31:09;120.92;120.73;121.16;120.9366667;56.88246954;57.21791854;56.83;2019-07-09 08:30:32;53.63758042;53.59
2019-07-09 08:32:08;120.84;120.73;121.16;120.91;56.86985293;57.20530193;56.83;2019-07-09 08:30:32;53.62568532;53.59
2019-07-09 08:33:08;120.91;120.73;121.06;120.9;56.8651217;57.2005707;56.83;2019-07-09 08:30:32;53.62122465;53.59
2019-07-09 08:34:10;121.1;120.83;121.06;120.9966667;56.91085692;57.24630592;56.83;2019-07-09 08:30:32;53.66434441;53.59
2019-07-09 08:35:08;121.085;120.83;120.91;120.9416667;56.88483516;57.22028416;56.83;2019-07-09 08:30:32;53.63981076;53.59
2019-07-09 08:36:09;120.95;120.81;120.91;120.89;56.86039047;57.19583947;56.83;2019-07-09 08:30:32;53.61676399;53.59
2019-07-09 08:37:08;121.035;120.81;120.88;120.9083333;56.86906439;57.20451339;56.83;2019-07-09 08:30:32;53.62494187;53.59
2019-07-09 08:38:09;121.17;120.88;120.88;120.9766667;56.90139446;57.23684346;56.83;2019-07-09 08:30:32;53.65542308;53.59
2019-07-09 08:39:09;121.23;120.88;120.88;120.9966667;56.91085692;57.24630592;56.83;2019-07-09 08:30:32;53.66434441;53.59
2019-07-09 08:40:09;121.135;120.96;121.03;121.0416667;56.93214746;57.26759646;56.83;2019-07-09 08:30:32;53.68441741;53.59
2019-07-09 08:41:09;121.195;120.97;121.33;121.165;56.9904993;57.3259483;56.95;2019-07-09 08:40:31;53.7249325;53.69
2019-07-09 08:42:09;121.28;120.85;121.22;121.1166667;56.96763168;57.30308068;56.95;2019-07-09 08:40:31;53.7033784;53.69
2019-07-09 08:43:08;121.14;120.85;121.22;121.07;56.94555261;57.28100161;56.95;2019-07-09 08:40:31;53.68256755;53.69
2019-07-09 08:44:16;121.105;120.85;121.25;121.0683333;56.94476407;57.28021307;56.95;2019-07-09 08:40:31;53.68182431;53.69
2019-07-09 08:45:09;121.175;120.89;120.99;121.0183333;56.92110792;57.25655692;56.95;2019-07-09 08:40:31;53.65952697;53.69
2019-07-09 08:46:09;121.175;120.88;121.22;121.0916667;56.95580361;57.29125261;56.95;2019-07-09 08:40:31;53.69222973;53.69
2019-07-09 08:47:08;121.095;120.89;120.86;120.9483333;56.88798931;57.22343831;56.95;2019-07-09 08:40:31;53.62831069;53.69
2019-07-09 08:48:09;120.885;120.7;120.72;120.7683333;56.80282717;57.13827617;56.95;2019-07-09 08:40:31;53.54804026;53.69
2019-07-09 08:49:08;120.885;120.59;120.65;120.7083333;56.77443979;57.10988879;56.95;2019-07-09 08:40:31;53.52128346;53.69
2019-07-09 08:50:08;120.865;120.53;120.94;120.7783333;56.8075584;57.1430074;56.95;2019-07-09 08:40:31;53.55249973;53.69
2019-07-09 08:51:09;120.835;120.53;120.94;120.7683333;56.89986453;57.23531353;56.93;2019-07-09 08:50:32;53.60544678;53.63
2019-07-09 08:52:08;120.855;120.54;120.71;120.7016667;56.86826943;57.20371843;56.93;2019-07-09 08:50:32;53.5756853;53.63
2019-07-09 08:53:08;120.8;120.53;120.71;120.68;56.85800102;57.19345002;56.93;2019-07-09 08:50:32;53.56601282;53.63
2019-07-09 08:54:08;120.83;120.68;120.97;120.8266667;56.92751024;57.26295924;56.93;2019-07-09 08:50:32;53.63148807;53.63
2019-07-09 08:55:08;120.845;120.58;120.98;120.8016667;56.91566208;57.25111108;56.93;2019-07-09 08:50:32;53.62032752;53.63
2019-07-09 08:56:09;120.795;120.58;120.98;120.785;56.9077633;57.2432123;56.93;2019-07-09 08:50:32;53.61288715;53.63
2019-07-09 08:57:09;120.81;120.6;120.97;120.7933333;56.91171269;57.24716169;56.93;2019-07-09 08:50:32;53.61660734;53.63
2019-07-09 08:58:09;120.895;120.67;120.85;120.805;56.91724183;57.25269083;56.93;2019-07-09 08:50:32;53.62181559;53.63
2019-07-09 08:59:08;120.885;120.63;121.07;120.8616667;56.94409767;57.27954667;56.93;2019-07-09 08:50:32;53.64711285;53.63
2019-07-09 09:00:09;120.97;120.63;121.07;120.89;56.95752559;57.29297459;56.93;2019-07-09 08:50:32;53.65976148;53.63
2019-07-09 09:01:09;120.915;120.53;120.95;120.7983333;56.91408232;57.24953132;56.95;2019-07-09 09:00:32;53.61800691;53.65
2019-07-09 09:02:09;120.85;120.39;120.95;120.73;56.88169735;57.21714635;56.95;2019-07-09 09:00:32;53.58750186;53.65
2019-07-09 09:03:09;120.84;120.39;120.83;120.6866667;56.86116053;57.19660953;56.95;2019-07-09 09:00:32;53.5681572;53.65
2019-07-09 09:04:09;120.755;120.61;120.76;120.7083333;56.87142894;57.20687794;56.95;2019-07-09 09:00:32;53.57782953;53.65
2019-07-09 09:05:08;120.865;120.44;120.76;120.6883333;56.86195041;57.19739941;56.95;2019-07-09 09:00:32;53.56890123;53.65
2019-07-09 09:06:08;120.79;120.47;120.76;120.6733333;56.85484151;57.19029051;56.95;2019-07-09 09:00:32;53.562205;53.65
2019-07-09 09:07:08;120.78;120.48;120.96;120.74;56.88643661;57.22188561;56.95;2019-07-09 09:00:32;53.59196602;53.65
2019-07-09 09:08:09;120.82;120.55;120.98;120.7833333;56.90697343;57.24242243;56.95;2019-07-09 09:00:32;53.61131068;53.65
2019-07-09 09:09:09;120.815;120.55;120.98;120.7816667;56.90618355;57.24163255;56.95;2019-07-09 09:00:32;53.61056665;53.65
2019-07-09 09:10:09;120.765;120.49;120.92;120.725;56.87932771;57.21477671;56.95;2019-07-09 09:00:32;53.58526979;53.65
2019-07-09 09:11:09;120.735;120.49;120.76;120.6616667;56.84931237;57.18476137;56.92;2019-07-09 09:10:32;53.55378568;53.62
2019-07-09 09:12:09;120.735;120.49;120.92;120.715;56.87458845;57.21003745;56.92;2019-07-09 09:10:32;53.57759308;53.62
2019-07-09 09:13:09;120.735;120.49;120.76;120.6616667;56.84931237;57.18476137;56.92;2019-07-09 09:10:32;53.55378568;53.62
2019-07-09 09:14:08;120.705;120.41;120.76;120.625;56.83193506;57.16738406;56.92;2019-07-09 09:10:32;53.5374181;53.62
2019-07-09 09:15:09;120.655;120.46;120.71;120.6083333;56.82403629;57.15948529;56.92;2019-07-09 09:10:32;53.52997829;53.62
2019-07-09 09:16:09;120.725;120.46;120.71;120.6316667;56.83509457;57.17054357;56.92;2019-07-09 09:10:32;53.54039402;53.62
2019-07-09 09:17:09;120.705;120.39;120.82;120.6383333;56.83825408;57.17370308;56.92;2019-07-09 09:10:32;53.54336995;53.62
2019-07-09 09:18:08;120.705;120.45;120.82;120.6583333;56.84773261;57.18318161;56.92;2019-07-09 09:10:32;53.55229772;53.62
2019-07-09 09:19:09;120.81;120.46;120.69;120.6533333;56.84536298;57.18081198;56.92;2019-07-09 09:10:32;53.55006578;53.62
2019-07-09 09:20:08;120.9;120.6;120.86;120.7866667;56.90855318;57.24400218;56.92;2019-07-09 09:10:32;53.60958426;53.62
2019-07-09 09:21:09;120.9;120.62;120.86;120.7933333;56.91171269;57.24716169;56.89;2019-07-09 09:20:32;53.6178573;53.6
2019-07-09 09:22:09;121.055;120.71;121.14;120.9683333;56.99464983;57.33009883;56.89;2019-07-09 09:20:32;53.69598299;53.6
2019-07-09 09:23:09;120.955;120.66;121.14;120.9183333;56.9709535;57.3064025;56.89;2019-07-09 09:20:32;53.67366136;53.6
2019-07-09 09:24:08;121.045;120.7;121.11;120.9516667;56.98675105;57.32220005;56.89;2019-07-09 09:20:32;53.68854245;53.6
2019-07-09 09:25:09;121.075;120.7;120.85;120.875;56.95041669;57.28586569;56.89;2019-07-09 09:20:32;53.65431595;53.6
2019-07-09 09:26:09;120.99;120.7;120.85;120.8466667;56.93698877;57.27243777;56.89;2019-07-09 09:20:32;53.64166703;53.6
2019-07-09 09:27:08;120.99;120.7;120.85;120.8466667;56.93698877;57.27243777;56.89;2019-07-09 09:20:32;53.64166703;53.6
2019-07-09 09:28:08;121.01;120.71;120.91;120.8766667;56.95120657;57.28665557;56.89;2019-07-09 09:20:32;53.65506001;53.6
2019-07-09 09:29:08;121.055;120.7;120.91;120.8883333;56.95673571;57.29218471;56.89;2019-07-09 09:20:32;53.66026839;53.6
2019-07-09 09:30:17;121.045;120.7;120.91;120.885;56.95515595;57.29060495;56.89;2019-07-09 09:20:32;53.65878028;53.6
2019-07-09 09:31:08;121.045;120.73;120.91;120.895;56.95989522;57.29534422;56.98;2019-07-09 09:30:32;53.66139928;53.68
2019-07-09 09:32:08;121.03;120.69;120.91;120.8766667;56.95120657;57.28665557;56.98;2019-07-09 09:30:32;53.65321497;53.68
2019-07-09 09:33:09;121.03;120.64;120.91;120.86;56.94330779;57.27875679;56.98;2019-07-09 09:30:32;53.64577468;53.68
2019-07-09 09:34:08;121.06;120.72;120.91;120.8966667;56.9606851;57.2961341;56.98;2019-07-09 09:30:32;53.66214331;53.68
2019-07-09 09:35:08;121.065;120.76;120.91;120.9116667;56.96779399;57.30324299;56.98;2019-07-09 09:30:32;53.66883957;53.68
2019-07-09 09:36:09;121.1;120.7;121.15;120.9833333;57.00175873;57.33720773;56.98;2019-07-09 09:30:32;53.7008328;53.68
2019-07-09 09:37:08;121.09;120.78;120.93;120.9333333;56.9780624;57.3135114;56.98;2019-07-09 09:30:32;53.67851194;53.68
2019-07-09 09:38:09;121.145;120.78;120.93;120.9516667;56.98675105;57.32220005;56.98;2019-07-09 09:30:32;53.68669626;53.68
2019-07-09 09:39:09;121.135;120.79;120.93;120.9516667;56.98675105;57.32220005;56.98;2019-07-09 09:30:32;53.68669626;53.68
2019-07-09 09:40:09;121.11;120.79;120.93;120.9433333;56.98280167;57.31825067;56.98;2019-07-09 09:30:32;53.68297611;53.68
2019-07-09 09:41:08;121.1;120.79;120.93;120.94;57.07410383;57.40955283;57.09;2019-07-09 09:40:32;53.68809408;53.7
2019-07-09 09:42:08;121.115;120.78;121.22;121.0383333;57.12078212;57.45623112;57.09;2019-07-09 09:40:32;53.73199715;53.7
2019-07-09 09:43:09;121.115;120.79;120.98;120.9616667;57.08438888;57.41983788;57.09;2019-07-09 09:40:32;53.69776764;53.7
2019-07-09 09:44:09;121.075;120.99;121.1;121.055;57.1286937;57.4641427;57.09;2019-07-09 09:40:32;53.73943835;53.7
2019-07-09 09:45:08;121.155;120.81;121.01;120.9916667;57.09862971;57.43407871;57.09;2019-07-09 09:40:32;53.7111618;53.7
2019-07-09 09:46:08;121.1;120.81;121.01;120.9733333;57.08992698;57.42537598;57.09;2019-07-09 09:40:32;53.70297648;53.7
2019-07-09 09:47:09;121.18;120.95;121.4;121.1766667;57.1864482;57.5218972;57.09;2019-07-09 09:40:32;53.79375909;53.7
2019-07-09 09:48:08;121.275;120.97;121.42;121.2216667;57.20780945;57.54325845;57.09;2019-07-09 09:40:32;53.81385033;53.7
2019-07-09 09:49:09;121.29;121.05;121.15;121.1633333;57.18011894;57.51556794;57.09;2019-07-09 09:40:32;53.78780613;53.7
2019-07-09 09:50:08;121.315;121.06;121.22;121.1983333;57.19673324;57.53218224;57.09;2019-07-09 09:40:32;53.80343265;53.7
2019-07-09 09:51:08;121.305;121.06;121.38;121.2483333;57.22046797;57.55591697;57.16;2019-07-09 09:50:32;53.82580904;53.77
2019-07-09 09:52:08;121.395;121.18;121.38;121.3183333;57.25369658;57.58914558;57.16;2019-07-09 09:50:32;53.8570621;53.77
2019-07-09 09:53:09;121.485;121.22;121.38;121.3616667;57.27426668;57.60971568;57.16;2019-07-09 09:50:32;53.87640923;53.77
2019-07-09 09:54:08;121.43;121.14;121.59;121.3866667;57.28613404;57.62158304;57.16;2019-07-09 09:50:32;53.88757104;53.77
2019-07-09 09:55:09;121.425;121.23;121.32;121.325;57.25686121;57.59231021;57.16;2019-07-09 09:50:32;53.86003858;53.77
2019-07-09 09:56:08;121.405;121.17;121.33;121.3016667;57.24578501;57.58123401;57.16;2019-07-09 09:50:32;53.84962089;53.77
2019-07-09 09:57:08;121.43;121.19;121.55;121.39;57.28771636;57.62316536;57.16;2019-07-09 09:50:32;53.88905928;53.77
2019-07-09 09:58:09;121.315;120.97;121.33;121.205;57.19989787;57.53534687;57.16;2019-07-09 09:50:32;53.8064619;53.77
2019-07-09 09:59:09;121.255;121.06;121.33;121.215;57.20464482;57.54009382;57.16;2019-07-09 09:50:32;53.81092663;53.77
2019-07-09 10:00:09;121.26;121.08;121.46;121.2666667;57.2291707;57.5646197;57.16;2019-07-09 09:50:32;53.83399436;53.77
2019-07-09 10:01:09;121.315;121.13;121.47;121.305;57.24736732;57.58281632;57.26;2019-07-09 10:00:32;53.85437253;53.87
2019-07-09 10:02:08;121.335;121.15;121.47;121.3183333;57.25369658;57.58914558;57.26;2019-07-09 10:00:32;53.86032585;53.87
2019-07-09 10:03:08;121.345;121.13;121.46;121.3116667;57.25053195;57.58598095;57.26;2019-07-09 10:00:32;53.85734919;53.87
2019-07-09 10:04:09;121.44;121.31;121.46;121.4033333;57.29404562;57.62949462;57.26;2019-07-09 10:00:32;53.89827828;53.87
2019-07-09 10:05:09;121.545;121.29;121.6;121.4783333;57.3296477;57.6650967;57.26;2019-07-09 10:00:32;53.93176572;53.87
2019-07-09 10:06:09;121.485;121.16;121.59;121.4116667;57.2980014;57.6334504;57.26;2019-07-09 10:00:32;53.90199911;53.87
2019-07-09 10:07:08;121.345;121.17;121.51;121.3416667;57.26477279;57.60022179;57.26;2019-07-09 10:00:32;53.87074417;53.87
2019-07-09 10:08:08;121.35;121.09;121.59;121.3433333;57.26556395;57.60101295;57.26;2019-07-09 10:00:32;53.87148833;53.87
2019-07-09 10:09:08;121.135;121;121.12;121.085;57.14293453;57.47838353;57.26;2019-07-09 10:00:32;53.7561427;53.87
2019-07-09 10:10:09;121.04;120.78;121;120.94;57.07410383;57.40955283;57.26;2019-07-09 10:00:32;53.69140032;53.87
2019-07-09 10:11:09;120.985;120.73;120.81;120.8416667;57.02742554;57.36287454;57.14;2019-07-09 10:10:33;53.6465628;53.75
2019-07-09 10:12:08;120.85;120.66;121.07;120.86;57.03612827;57.37157727;57.14;2019-07-09 10:10:33;53.65474848;53.75
2019-07-09 10:13:08;120.64;120.58;120.68;120.6333333;56.92853085;57.26397985;57.14;2019-07-09 10:10:33;53.55354374;53.75
2019-07-09 10:14:09;120.15;119.76;120.25;120.0533333;56.65320804;56.98865704;57.14;2019-07-09 10:10:33;53.29457868;53.75
2019-07-09 10:15:09;120.005;119.73;119.82;119.8516667;56.55747798;56.89292698;57.14;2019-07-09 10:10:33;53.20453623;53.75
2019-07-09 10:16:09;120.045;119.85;120.3;120.065;56.65874614;56.99419514;57.14;2019-07-09 10:10:33;53.29978775;53.75
2019-07-09 10:17:08;120.15;119.97;120.32;120.1466667;56.69751286;57.03296186;57.14;2019-07-09 10:10:33;53.33625122;53.75
2019-07-09 10:18:08;120.39;120.2;120.2;120.2633333;56.75289389;57.08834289;57.14;2019-07-09 10:10:33;53.38834189;53.75
2019-07-09 10:19:09;120.27;120.23;120.15;120.2166667;56.73074148;57.06619048;57.14;2019-07-09 10:10:33;53.36750562;53.75
2019-07-09 10:20:08;120.335;120.22;120.34;120.2983333;56.76950819;57.10495719;57.14;2019-07-09 10:10:33;53.4039691;53.75
2019-07-09 10:21:08;120.43;119.97;120.09;120.1633333;56.70542444;57.04087344;56.78;2019-07-09 10:20:32;53.34451358;53.41
2019-07-09 10:22:09;119.915;119.92;120.19;120.0083333;56.63184679;56.96729579;56.78;2019-07-09 10:20:32;53.27530634;53.41
2019-07-09 10:23:09;120.25;120.03;120.47;120.25;56.74656463;57.08201363;56.78;2019-07-09 10:20:32;53.3832101;53.41
2019-07-09 10:24:08;120.26;120.08;120.17;120.17;56.70858907;57.04403807;56.78;2019-07-09 10:20:32;53.34749024;53.41
2019-07-09 10:25:09;120.215;120.17;120.24;120.2083333;56.72678569;57.06223469;56.78;2019-07-09 10:20:32;53.364606;53.41
2019-07-09 10:26:08;120.2;120.02;120.04;120.0866667;56.66903119;57.00448019;56.78;2019-07-09 10:20:32;53.31028204;53.41
2019-07-09 10:27:08;119.915;119.92;119.99;119.9416667;56.60020049;56.93564949;56.78;2019-07-09 10:20:32;53.24553979;53.41
2019-07-09 10:28:09;119.905;119.87;119.87;119.8816667;56.57171882;56.90716782;56.78;2019-07-09 10:20:32;53.21874989;53.41
2019-07-09 10:29:09;119.85;119.78;120.02;119.8833333;56.57250998;56.90795898;56.78;2019-07-09 10:20:32;53.21949405;53.41
2019-07-09 10:30:09;119.99;119.78;120.02;119.93;56.59466239;56.93011139;56.78;2019-07-09 10:20:32;53.24033064;53.41
2019-07-09 10:31:08;119.985;120.01;119.99;119.995;56.62551753;56.96096653;56.64;2019-07-09 10:30:32;53.27032569;53.28
2019-07-09 10:32:08;120.245;120.17;120.29;120.235;56.73944421;57.07489321;56.64;2019-07-09 10:30:32;53.37748724;53.28
2019-07-09 10:33:08;120.31;120.17;120.16;120.2133333;56.72915916;57.06460816;56.64;2019-07-09 10:30:32;53.36781293;53.28
2019-07-09 10:34:08;120.255;120.17;120.36;120.2616667;56.75210273;57.08755173;56.64;2019-07-09 10:30:32;53.38939407;53.28
2019-07-09 10:35:08;120.12;120.17;120.11;120.1333333;56.6911836;57.0266326;56.64;2019-07-09 10:30:32;53.33209242;53.28
2019-07-09 10:36:09;120.2;120.3;120.11;120.2033333;56.72441222;57.05986122;56.64;2019-07-09 10:30:32;53.36334787;53.28
2019-07-09 10:37:09;120.445;120.75;120.72;120.6383333;56.93090432;57.26635332;56.64;2019-07-09 10:30:32;53.55757816;53.28
2019-07-09 10:38:08;120.67;120.36;120.43;120.4866667;56.85890899;57.19435799;56.64;2019-07-09 10:30:32;53.48985802;53.28
2019-07-09 10:39:08;120.555;120.13;120.06;120.2483333;56.74577347;57.08122247;56.64;2019-07-09 10:30:32;53.38344066;53.28
2019-07-09 10:40:08;120.255;120.17;120.06;120.1616667;56.70463328;57.04008228;56.64;2019-07-09 10:30:32;53.34474343;53.28
2019-07-09 10:41:08;120.23;120.28;120.12;120.21;56.69782487;57.03327387;56.72;2019-07-09 10:40:33;53.30918522;53.33
2019-07-09 10:42:09;120.415;120.22;120.27;120.3016667;56.74131585;57.07676485;56.72;2019-07-09 10:40:33;53.3500714;53.33
2019-07-09 10:43:09;120.69;120.28;120.48;120.4833333;56.82750705;57.16295605;56.72;2019-07-09 10:40:33;53.43110038;53.33
2019-07-09 10:44:08;120.48;120.41;120.49;120.46;56.81643662;57.15188562;56.72;2019-07-09 10:40:33;53.42069299;53.33
2019-07-09 10:45:08;120.335;120.4;120.5;120.4116667;56.79350502;57.12895402;56.72;2019-07-09 10:40:33;53.39913482;53.33
2019-07-09 10:46:09;120.39;120.12;120.36;120.29;56.73578063;57.07122963;56.72;2019-07-09 10:40:33;53.3448677;53.33
2019-07-09 10:47:08;120.295;120.12;120.14;120.185;56.6859637;57.0214127;56.72;2019-07-09 10:40:33;53.29803444;53.33
2019-07-09 10:48:08;120.175;120.4;120.49;120.355;56.76661969;57.10206869;56.72;2019-07-09 10:40:33;53.37385972;53.33
2019-07-09 10:49:09;120.395;120.09;120.42;120.3016667;56.74131585;57.07676485;56.72;2019-07-09 10:40:33;53.3500714;53.33
2019-07-09 10:50:09;120.415;120.06;120.46;120.3116667;56.74606032;57.08150932;56.72;2019-07-09 10:40:33;53.35453171;53.33
2019-07-09 10:51:09;120.405;120.01;120.24;120.2183333;56.7017786;57.0372276;56.76;2019-07-09 10:50:32;53.32423433;53.38
2019-07-09 10:52:08;120.44;120.01;120.35;120.2666667;56.7247102;57.0601592;56.76;2019-07-09 10:50:32;53.34579706;53.38
2019-07-09 10:53:09;120.41;119.67;119.98;120.02;56.60767994;56.94312894;56.76;2019-07-09 10:50:32;53.2357528;53.38
2019-07-09 10:54:08;119.875;119.84;119.87;119.8616667;56.53255917;56.86800817;56.76;2019-07-09 10:50:32;53.16511628;53.38
2019-07-09 10:55:08;120.1;119.85;120.14;120.03;56.61242441;56.94787341;56.76;2019-07-09 10:50:32;53.24021405;53.38
2019-07-09 10:56:08;120.09;119.74;119.94;119.9233333;56.56181673;56.89726573;56.76;2019-07-09 10:50:32;53.19262735;53.38
2019-07-09 10:57:09;120.155;120.21;120.35;120.2383333;56.71126754;57.04671654;56.76;2019-07-09 10:50:32;53.33315684;53.38
2019-07-09 10:58:08;120.22;120.13;120.26;120.2033333;56.69466189;57.03011089;56.76;2019-07-09 10:50:32;53.31754245;53.38
2019-07-09 10:59:08;120.225;120.16;120.26;120.215;56.70019711;57.03564611;56.76;2019-07-09 10:50:32;53.32274725;53.38
2019-07-09 11:00:08;120.325;120.08;120.26;120.2216667;56.70336009;57.03880909;56.76;2019-07-09 10:50:32;53.32572141;53.38
2019-07-09 11:01:08;120.12;119.99;120.05;120.0533333;56.62349484;56.95894384;56.63;2019-07-09 11:00:32;53.25553834;53.26
2019-07-09 11:02:08;120.07;119.94;120.05;120.02;56.60767994;56.94312894;56.63;2019-07-09 11:00:32;53.24066613;53.26
2019-07-09 11:03:08;119.95;120.02;119.98;119.9833333;56.59028355;56.92573255;56.63;2019-07-09 11:00:32;53.2243067;53.26
2019-07-09 11:04:08;119.995;119.98;120.22;120.065;56.62903006;56.96447906;56.63;2019-07-09 11:00:32;53.26074361;53.26
2019-07-09 11:05:08;120;120.02;120.23;120.0833333;56.63772825;56.97317725;56.63;2019-07-09 11:00:32;53.26892333;53.26
2019-07-09 11:06:09;120.175;120.08;120.23;120.1616667;56.67489327;57.01034227;56.63;2019-07-09 11:00:32;53.30387302;53.26
2019-07-09 11:07:08;120.28;120.21;120.23;120.24;56.71205828;57.04750728;56.63;2019-07-09 11:00:32;53.33882271;53.26
2019-07-09 11:08:09;120.315;120.18;120.44;120.3116667;56.74606032;57.08150932;56.63;2019-07-09 11:00:32;53.37079796;53.26
2019-07-09 11:09:08;120.34;120.26;120.23;120.2766667;56.72945467;57.06490367;56.63;2019-07-09 11:00:32;53.35518214;53.26
2019-07-09 11:10:09;120.31;120.26;120.23;120.2666667;56.7247102;57.0601592;56.63;2019-07-09 11:00:32;53.35072048;53.26
2019-07-09 11:11:08;120.325;120.25;120.48;120.3516667;56.7650382;57.1004872;56.74;2019-07-09 11:10:33;53.39156588;53.37
2019-07-09 11:12:09;120.14;120.21;120.26;120.2033333;56.69466189;57.03011089;56.74;2019-07-09 11:10:33;53.32538094;53.37
2019-07-09 11:13:09;120.265;120.22;120.26;120.2483333;56.71601201;57.05146101;56.74;2019-07-09 11:10:33;53.34545952;53.37
2019-07-09 11:14:08;120.255;120.18;120.41;120.2816667;56.73182691;57.06727591;56.74;2019-07-09 11:10:33;53.36033254;53.37
2019-07-09 11:15:09;120.295;120.24;120.41;120.315;56.74764181;57.08309081;56.74;2019-07-09 11:10:33;53.37520556;53.37
2019-07-09 11:16:08;120.185;120.12;120.08;120.1283333;56.65907837;56.99452737;56.74;2019-07-09 11:10:33;53.29191665;53.37
2019-07-09 11:17:09;120.185;120.13;120.08;120.1316667;56.66065986;56.99610886;56.74;2019-07-09 11:10:33;53.29340395;53.37
2019-07-09 11:18:08;120.335;120.22;120.08;120.2116667;56.69861562;57.03406462;56.74;2019-07-09 11:10:33;53.3290992;53.37
2019-07-09 11:19:09;120.34;120.24;120.22;120.2666667;56.7247102;57.0601592;56.74;2019-07-09 11:10:33;53.35363968;53.37
2019-07-09 11:20:09;120.3;120.23;120.22;120.25;56.71680275;57.05225175;56.74;2019-07-09 11:10:33;53.34620317;53.37
2019-07-09 11:21:09;120.315;120.2;120.2;120.2383333;56.71126754;57.04671654;56.74;2019-07-09 11:20:33;53.33951116;53.37
2019-07-09 11:22:08;120.26;120.15;120.2;120.2033333;56.69466189;57.03011089;56.74;2019-07-09 11:20:33;53.32389492;53.37
2019-07-09 11:23:09;120.245;120.2;120.15;120.1983333;56.69228966;57.02773866;56.74;2019-07-09 11:20:33;53.32166403;53.37
2019-07-09 11:24:09;120.235;120.18;120.11;120.175;56.68121923;57.01666823;56.74;2019-07-09 11:20:33;53.3112532;53.37
2019-07-09 11:25:09;120.16;120.17;120.09;120.14;56.66461358;57.00006258;56.74;2019-07-09 11:20:33;53.29563697;53.37
2019-07-09 11:26:08;120.16;120.06;120.3;120.1733333;56.68042848;57.01587748;56.74;2019-07-09 11:20:33;53.31050957;53.37
2019-07-09 11:27:09;120.245;120.06;120.05;120.1183333;56.6543339;56.9897829;56.74;2019-07-09 11:20:33;53.28596977;53.37
2019-07-09 11:28:08;120.14;120.17;120.05;120.12;56.65512464;56.99057364;56.74;2019-07-09 11:20:33;53.2867134;53.37
2019-07-09 11:29:08;120.155;120.12;120.24;120.1716667;56.67963774;57.01508674;56.74;2019-07-09 11:20:33;53.30976594;53.37
2019-07-09 11:30:09;120.09;120.06;119.97;120.04;56.61716888;56.95261788;56.74;2019-07-09 11:20:33;53.25101914;53.37
2019-07-09 11:31:08;120.06;120.01;120.18;120.0833333;56.67639508;57.01184408;56.65;2019-07-09 11:30:33;53.2952952;53.27
2019-07-09 11:32:09;120.175;120.15;120.19;120.1716667;56.71833301;57.05378201;56.65;2019-07-09 11:30:33;53.33472596;53.27
2019-07-09 11:33:09;120.14;120.1;120.19;120.1433333;56.70488122;57.04033022;56.65;2019-07-09 11:30:33;53.32207836;53.27
2019-07-09 11:34:08;120.16;120.13;120.28;120.19;56.72703711;57.06248611;56.65;2019-07-09 11:30:33;53.3429097;53.27
2019-07-09 11:35:09;120.15;120.09;120.28;120.1733333;56.71912429;57.05457329;56.65;2019-07-09 11:30:33;53.33546993;53.27
2019-07-09 11:36:09;120.19;120.1;120.28;120.19;56.72703711;57.06248611;56.65;2019-07-09 11:30:33;53.3429097;53.27
2019-07-09 11:37:10;120.135;119.89;120.15;120.0583333;56.66452586;56.99997486;56.65;2019-07-09 11:30:33;53.28413555;53.27
2019-07-09 11:38:08;119.975;120.02;120.15;120.0483333;56.65977817;56.99522717;56.65;2019-07-09 11:30:33;53.27967169;53.27
2019-07-09 11:39:09;119.965;120.02;120.15;120.045;56.65819561;56.99364461;56.65;2019-07-09 11:30:33;53.27818374;53.27
2019-07-09 11:40:09;119.92;119.91;120.15;119.9933333;56.63366587;56.96911487;56.65;2019-07-09 11:30:33;53.25512047;53.27
2019-07-09 11:41:08;119.96;119.91;120.05;119.9733333;56.62417049;56.95961949;56.62;2019-07-09 11:40:33;53.2514881;53.25
2019-07-09 11:42:08;119.91;119.91;119.81;119.8766667;56.57827616;56.91372516;56.62;2019-07-09 11:40:33;53.2083332;53.25
2019-07-09 11:43:09;119.91;120;119.81;119.9066667;56.59251923;56.92796823;56.62;2019-07-09 11:40:33;53.2217261;53.25
2019-07-09 11:44:08;119.945;119.95;119.87;119.9216667;56.59964076;56.93508976;56.62;2019-07-09 11:40:33;53.22842255;53.25
2019-07-09 11:45:09;119.995;120.01;119.87;119.9583333;56.61704896;56.95249796;56.62;2019-07-09 11:40:33;53.24479165;53.25
2019-07-09 11:46:08;120.085;120.1;120;120.0616667;56.66610842;57.00155742;56.62;2019-07-09 11:40:33;53.29092275;53.25
2019-07-09 11:47:09;120.085;120.04;120;120.0416667;56.65661304;56.99206204;56.62;2019-07-09 11:40:33;53.28199415;53.25
2019-07-09 11:48:08;120.045;120.06;120.21;120.105;56.68668175;57.02213075;56.62;2019-07-09 11:40:33;53.31026806;53.25
2019-07-09 11:49:08;120.04;120.06;120.21;120.1033333;56.68589046;57.02133946;56.62;2019-07-09 11:40:33;53.30952401;53.25
2019-07-09 11:50:08;120.045;119.91;120.21;120.055;56.6629433;56.9983923;56.62;2019-07-09 11:40:33;53.28794655;53.25
2019-07-09 11:51:09;119.985;119.89;119.85;119.9083333;56.59331051;56.92875951;56.7;2019-07-09 11:50:33;53.21403267;53.31
2019-07-09 11:52:09;120.01;119.98;119.85;119.9466667;56.61150999;56.94695899;56.7;2019-07-09 11:50:33;53.23114312;53.31
2019-07-09 11:53:09;119.985;119.94;119.85;119.925;56.60122333;56.93667233;56.7;2019-07-09 11:50:33;53.221472;53.31
2019-07-09 11:54:08;119.985;119.96;120.14;120.0283333;56.65028279;56.98573179;56.7;2019-07-09 11:50:33;53.26759583;53.31
2019-07-09 11:55:09;119.985;119.97;120.14;120.0316667;56.65186535;56.98731435;56.7;2019-07-09 11:50:33;53.2690837;53.31
2019-07-09 11:56:09;119.96;119.97;119.8;119.91;56.59410179;56.92955079;56.7;2019-07-09 11:50:33;53.2147766;53.31
2019-07-09 11:57:08;119.775;119.78;119.72;119.7583333;56.52209516;56.85754416;56.7;2019-07-09 11:50:33;53.14707872;53.31
2019-07-09 11:58:09;119.755;119.85;119.72;119.775;56.53000798;56.86545698;56.7;2019-07-09 11:50:33;53.15451804;53.31
2019-07-09 11:59:09;119.765;119.78;119.72;119.755;56.5205126;56.8559616;56.7;2019-07-09 11:50:33;53.14559085;53.31
2019-07-09 12:00:08;119.815;119.95;119.72;119.8283333;56.55532899;56.89077799;56.7;2019-07-09 11:50:33;53.17832389;53.31
2019-07-09 12:01:09;119.845;119.97;119.98;119.9316667;56.60438845;56.93983745;56.55;2019-07-09 12:00:33;53.22686989;53.18
2019-07-09 12:02:09;119.805;119.82;119.7;119.775;56.53000798;56.86545698;56.55;2019-07-09 12:00:33;53.15693704;53.18
2019-07-09 12:03:09;119.825;119.88;119.7;119.8016667;56.54266848;56.87811748;56.55;2019-07-09 12:00:33;53.1688405;53.18
2019-07-09 12:04:11;119.76;119.81;119.65;119.74;56.51339106;56.84884006;56.55;2019-07-09 12:00:33;53.14131374;53.18
2019-07-09 12:05:09;119.78;119.95;119.95;119.8933333;56.58618897;56.92163797;56.55;2019-07-09 12:00:33;53.20975866;53.18
2019-07-09 12:06:09;119.84;119.83;119.95;119.8733333;56.57669359;56.91214259;56.55;2019-07-09 12:00:33;53.20083106;53.18
2019-07-09 12:07:09;119.765;119.92;119.71;119.7983333;56.54108592;56.87653492;56.55;2019-07-09 12:00:33;53.16735257;53.18
2019-07-09 12:08:08;119.775;119.72;119.71;119.735;56.51101722;56.84646622;56.55;2019-07-09 12:00:33;53.13908184;53.18
2019-07-09 12:09:09;119.705;119.98;119.71;119.7983333;56.54108592;56.87653492;56.55;2019-07-09 12:00:33;53.16735257;53.18
2019-07-09 12:10:09;119.875;119.91;119.71;119.8316667;56.55691155;56.89236055;56.55;2019-07-09 12:00:33;53.1822319;53.18
2019-07-09 12:11:09;119.85;119.91;119.71;119.8233333;56.55295514;56.88840414;56.55;2019-07-09 12:10:33;53.17743952;53.17
2019-07-09 12:12:08;119.88;119.91;119.83;119.8733333;56.57669359;56.91214259;56.55;2019-07-09 12:10:33;53.19975806;53.17
2019-07-09 12:13:09;119.885;119.9;119.83;119.8716667;56.57590231;56.91135131;56.55;2019-07-09 12:10:33;53.19901411;53.17
2019-07-09 12:14:08;119.75;119.9;119.83;119.8266667;56.55453771;56.88998671;56.55;2019-07-09 12:10:33;53.17892742;53.17
2019-07-09 12:15:08;119.805;119.86;119.83;119.8316667;56.55691155;56.89236055;56.55;2019-07-09 12:10:33;53.18115927;53.17
2019-07-09 12:16:08;119.84;119.91;119.83;119.86;56.57036334;56.90581234;56.55;2019-07-09 12:10:33;53.19380645;53.17
2019-07-09 12:17:09;119.85;119.95;119.73;119.8433333;56.56245052;56.89789952;56.55;2019-07-09 12:10:33;53.18636693;53.17
2019-07-09 12:18:08;119.875;119.98;119.76;119.8716667;56.57590231;56.91135131;56.55;2019-07-09 12:10:33;53.19901411;53.17
2019-07-09 12:19:09;119.97;120.03;119.76;119.92;56.59884948;56.93429848;56.55;2019-07-09 12:10:33;53.22058871;53.17
2019-07-09 12:20:09;120.005;120.02;120;120.0083333;56.64078741;56.97623641;56.55;2019-07-09 12:10:33;53.26001814;53.17
2019-07-09 12:21:09;120.04;120.09;120;120.0433333;56.65740432;56.99285332;56.67;2019-07-09 12:20:34;53.27958391;53.29
2019-07-09 12:22:09;120.105;120.07;120;120.0583333;56.66452586;56.99997486;56.67;2019-07-09 12:20:34;53.28627997;53.29
2019-07-09 12:23:08;120.075;120.21;120.06;120.115;56.69142944;57.02687844;56.67;2019-07-09 12:20:34;53.31157618;53.29
2019-07-09 12:24:09;120.255;120.32;120.29;120.2883333;56.77372273;57.10917173;56.67;2019-07-09 12:20:34;53.38895284;53.29
2019-07-09 12:25:09;120.255;120.24;120.11;120.2016667;56.73257608;57.06802508;56.67;2019-07-09 12:20:34;53.35026451;53.29
2019-07-09 12:26:08;120.255;120.29;120.11;120.2183333;56.7404889;57.0759379;56.67;2019-07-09 12:20:34;53.35770457;53.29
2019-07-09 12:27:09;120.205;120.3;120.11;120.205;56.73415865;57.06960765;56.67;2019-07-09 12:20:34;53.35175252;53.29
2019-07-09 12:28:09;120.155;120.28;120.28;120.2383333;56.74998428;57.08543328;56.67;2019-07-09 12:20:34;53.36663265;53.29
2019-07-09 12:29:09;120.145;120.22;120.09;120.1516667;56.70883763;57.04428663;56.67;2019-07-09 12:20:34;53.32794432;53.29
2019-07-09 12:30:08;120.175;120.19;120.09;120.1516667;56.70883763;57.04428663;56.67;2019-07-09 12:20:34;53.32794432;53.29
2019-07-09 12:31:08;120.16;120.27;120.09;120.1733333;56.68583628;57.02128528;56.69;2019-07-09 12:30:34;53.32702456;53.33
2019-07-09 12:32:08;120.135;120.27;120.09;120.165;56.68188218;57.01733118;56.69;2019-07-09 12:30:34;53.32330527;53.33
2019-07-09 12:33:09;120.125;120.22;120.09;120.145;56.67239234;57.00784134;56.69;2019-07-09 12:30:34;53.31437895;53.33
2019-07-09 12:34:09;120.15;120.27;120.25;120.2233333;56.70956088;57.04500988;56.69;2019-07-09 12:30:34;53.34934034;53.33
2019-07-09 12:35:08;120.12;120.27;120.28;120.2233333;56.70956088;57.04500988;56.69;2019-07-09 12:30:34;53.34934034;53.33
2019-07-09 12:36:08;120.145;120.28;120.26;120.2283333;56.71193334;57.04738234;56.69;2019-07-09 12:30:34;53.35157192;53.33
2019-07-09 12:37:08;120.135;120.27;120.26;120.2216667;56.70877006;57.04421906;56.69;2019-07-09 12:30:34;53.34859648;53.33
2019-07-09 12:38:08;120.09;120.28;120.26;120.21;56.70323432;57.03868332;56.69;2019-07-09 12:30:34;53.34338947;53.33
2019-07-09 12:39:09;120.11;120.27;120.26;120.2133333;56.70481596;57.04026496;56.69;2019-07-09 12:30:34;53.34487719;53.33
2019-07-09 12:40:08;120.095;120.27;120.06;120.1416667;56.6708107;57.0062597;56.69;2019-07-09 12:30:34;53.31289123;53.33
2019-07-09 12:41:09;120.085;120.31;120.08;120.1583333;56.6787189;57.0141679;56.7;2019-07-09 12:40:34;53.31991595;53.34
2019-07-09 12:42:09;120.14;120.27;120.08;120.1633333;56.68109136;57.01654036;56.7;2019-07-09 12:40:34;53.32214751;53.34
2019-07-09 12:43:08;120.175;120.28;120.08;120.1783333;56.68820874;57.02365774;56.7;2019-07-09 12:40:34;53.3288422;53.34
2019-07-09 12:44:08;120.195;120.27;120.08;120.1816667;56.68979038;57.02523938;56.7;2019-07-09 12:40:34;53.3303299;53.34
2019-07-09 12:45:09;120.215;120.34;120.33;120.295;56.74356614;57.07901514;56.7;2019-07-09 12:40:34;53.38091195;53.34
2019-07-09 12:46:09;120.17;120.3;120.33;120.2666667;56.7301222;57.0655712;56.7;2019-07-09 12:40:34;53.36826644;53.34
2019-07-09 12:47:08;120.185;120.3;120.33;120.2716667;56.73249466;57.06794366;56.7;2019-07-09 12:40:34;53.370498;53.34
2019-07-09 12:48:08;120.155;120.29;120.34;120.2616667;56.72774974;57.06319874;56.7;2019-07-09 12:40:34;53.36603488;53.34
2019-07-09 12:49:08;120.345;120.35;120.34;120.345;56.76729074;57.10273974;56.7;2019-07-09 12:40:34;53.40322756;53.34
2019-07-09 12:50:09;120.34;120.32;120.46;120.3733333;56.78073468;57.11618368;56.7;2019-07-09 12:40:34;53.41587307;53.34
2019-07-09 12:51:09;120.47;120.32;120.48;120.4233333;56.80445928;57.13990828;56.75;2019-07-09 12:50:34;53.44207352;53.39
2019-07-09 12:52:09;120.475;120.53;120.48;120.495;56.83846454;57.17391354;56.75;2019-07-09 12:50:34;53.47406154;53.39
2019-07-09 12:53:09;120.475;120.53;120.48;120.495;56.83846454;57.17391354;56.75;2019-07-09 12:50:34;53.47406154;53.39
2019-07-09 12:54:09;120.465;120.53;120.48;120.4916667;56.8368829;57.1723319;56.75;2019-07-09 12:50:34;53.47257372;53.39
2019-07-09 12:55:09;120.325;120.39;120.28;120.3316667;56.76096418;57.09641318;56.75;2019-07-09 12:50:34;53.40115861;53.39
2019-07-09 12:56:09;120.4;120.49;120.28;120.39;56.78864288;57.12409188;56.75;2019-07-09 12:50:34;53.42719537;53.39
2019-07-09 12:57:09;120.47;120.53;120.28;120.4266667;56.80604092;57.14148992;56.75;2019-07-09 12:50:34;53.44356133;53.39
2019-07-09 12:58:09;120.45;120.5;120.34;120.43;56.80762256;57.14307156;56.75;2019-07-09 12:50:34;53.44504915;53.39
2019-07-09 12:59:08;120.69;120.57;120.69;120.65;56.9120108;57.2474598;56.75;2019-07-09 12:50:34;53.54324493;53.39
2019-07-09 13:00:08;120.595;120.64;120.52;120.585;56.88116882;57.21661782;56.75;2019-07-09 12:50:34;53.51423254;53.39
2019-07-09 13:01:09;120.52;120.64;120.41;120.5233333;56.85190848;57.18735748;56.88;2019-07-09 13:00:34;53.48470809;53.51
2019-07-09 13:02:09;120.54;120.55;120.41;120.5;56.840837;57.176286;56.88;2019-07-09 13:00:34;53.47429377;53.51
2019-07-09 13:03:08;120.475;120.54;120.4;120.4716667;56.82739306;57.16284206;56.88;2019-07-09 13:00:34;53.46164782;53.51
2019-07-09 13:04:09;120.52;120.53;120.46;120.5033333;56.84241864;57.17786764;56.88;2019-07-09 13:00:34;53.47578153;53.51
2019-07-09 13:05:08;120.56;120.53;120.48;120.5233333;56.85190848;57.18735748;56.88;2019-07-09 13:00:34;53.48470809;53.51
2019-07-09 13:06:08;120.545;120.55;120.47;120.5216667;56.85111766;57.18656666;56.88;2019-07-09 13:00:34;53.48396421;53.51
2019-07-09 13:07:09;120.61;120.55;120.73;120.63;56.90252096;57.23796996;56.88;2019-07-09 13:00:34;53.53231639;53.51
2019-07-09 13:08:09;120.655;120.55;120.74;120.6483333;56.91121998;57.24666898;56.88;2019-07-09 13:00:34;53.54049907;53.51
2019-07-09 13:09:09;120.765;120.65;120.74;120.7183333;56.94443442;57.27988342;56.88;2019-07-09 13:00:34;53.57174202;53.51
2019-07-09 13:10:09;120.735;120.68;120.87;120.7616667;56.96499574;57.30044474;56.88;2019-07-09 13:00:34;53.59108289;53.51
2019-07-09 13:11:08;120.725;120.57;120.87;120.7216667;56.94601606;57.28146506;56.95;2019-07-09 13:10:34;53.57776817;53.58
2019-07-09 13:12:08;120.72;120.47;120.6;120.5966667;56.88670456;57.22215356;56.95;2019-07-09 13:10:34;53.52197249;53.58
2019-07-09 13:13:08;120.715;120.39;120.6;120.5683333;56.87326062;57.20870962;56.95;2019-07-09 13:10:34;53.50932547;53.58
2019-07-09 13:14:09;120.56;120.49;120.6;120.55;56.8645616;57.2000106;56.95;2019-07-09 13:10:34;53.5011421;53.58
2019-07-09 13:15:08;120.635;120.49;120.6;120.575;56.8764239;57.2118729;56.95;2019-07-09 13:10:34;53.51230124;53.58
2019-07-09 13:16:09;120.63;120.52;120.47;120.54;56.85981668;57.19526568;56.95;2019-07-09 13:10:34;53.49667845;53.58
2019-07-09 13:17:09;120.565;120.4;120.46;120.475;56.8289747;57.1644237;56.95;2019-07-09 13:10:34;53.46766469;53.58
2019-07-09 13:18:08;120.475;120.41;120.5;120.4616667;56.82264814;57.15809714;56.95;2019-07-09 13:10:34;53.46171316;53.58
2019-07-09 13:19:08;120.47;120.41;120.46;120.4466667;56.81553076;57.15097976;56.95;2019-07-09 13:10:34;53.45501767;53.58
2019-07-09 13:20:08;120.515;120.41;120.25;120.3916667;56.7894337;57.1248827;56.95;2019-07-09 13:10:34;53.43046757;53.58
2019-07-09 13:21:09;120.385;120.41;120.25;120.3483333;56.77561189;57.11106089;56.79;2019-07-09 13:20:34;53.38884549;53.4
2019-07-09 13:22:08;120.325;120.4;120.26;120.3283333;56.76612093;57.10156993;56.79;2019-07-09 13:20:34;53.37992189;53.4
2019-07-09 13:23:08;120.325;120.26;120.32;120.3016667;56.75346631;57.08891531;56.79;2019-07-09 13:20:34;53.36802374;53.4
2019-07-09 13:24:09;120.24;120.26;120.32;120.2733333;56.74002079;57.07546979;56.79;2019-07-09 13:20:34;53.35538197;53.4
2019-07-09 13:25:08;120.21;120.31;120.38;120.3;56.7526754;57.0881244;56.79;2019-07-09 13:20:34;53.36728011;53.4
2019-07-09 13:26:09;120.24;120.24;120.38;120.2866667;56.74634809;57.08179709;56.79;2019-07-09 13:20:34;53.36133104;53.4
2019-07-09 13:27:20;120.24;120.22;120.38;120.28;56.74318444;57.07863344;56.79;2019-07-09 13:20:34;53.3583565;53.4
2019-07-09 13:28:09;120.275;120.22;120.31;120.2683333;56.73764805;57.07309705;56.79;2019-07-09 13:20:34;53.35315107;53.4
2019-07-09 13:29:08;120.25;120.19;120.1;120.18;56.69572964;57.03117864;56.79;2019-07-09 13:20:34;53.31373847;53.4
2019-07-09 13:30:08;120.25;120.19;120.1;120.18;56.69572964;57.03117864;56.79;2019-07-09 13:20:34;53.31373847;53.4
2019-07-09 13:31:10;120.205;120.19;120.1;120.165;56.68861142;57.02406042;56.7;2019-07-09 13:30:34;53.31033217;53.32
2019-07-09 13:32:11;120.24;120.24;120.12;120.2;56.7052206;57.0406696;56.7;2019-07-09 13:30:34;53.32594944;53.32
2019-07-09 13:33:32;120.195;120.2;120.12;120.1716667;56.69177507;57.02722407;56.7;2019-07-09 13:30:34;53.31330688;53.32
2019-07-09 13:34:08;120.145;120.2;120;120.115;56.66488402;57.00033302;56.7;2019-07-09 13:30:34;53.28802178;53.32
2019-07-09 13:35:08;120.145;120.2;119.97;120.105;56.66013854;56.99558754;56.7;2019-07-09 13:30:34;53.28355971;53.32
2019-07-09 13:36:09;120.115;120.2;120;120.105;56.66013854;56.99558754;56.7;2019-07-09 13:30:34;53.28355971;53.32
2019-07-09 13:37:12;120.075;120.15;120.05;120.0916667;56.65381123;56.98926023;56.7;2019-07-09 13:30:34;53.27761027;53.32
2019-07-09 13:38:08;120.055;120.15;120.02;120.075;56.6459021;56.9813511;56.7;2019-07-09 13:30:34;53.27017348;53.32
2019-07-09 13:39:09;120.155;120.15;120.26;120.1883333;56.69968421;57.03513321;56.7;2019-07-09 13:30:34;53.32074368;53.32
2019-07-09 13:40:08;120.22;120.15;120.03;120.1333333;56.67358407;57.00903307;56.7;2019-07-09 13:30:34;53.29620226;53.32
2019-07-09 13:41:09;120.165;120.05;119.97;120.0616667;56.63957479;56.97502379;56.64;2019-07-09 13:40:34;53.25776923;53.26
2019-07-09 13:42:09;120.08;120.04;119.98;120.0333333;56.62612927;56.96157827;56.64;2019-07-09 13:40:34;53.2451282;53.26
2019-07-09 13:43:09;120.045;120.04;119.98;120.0216667;56.62059287;56.95604187;56.64;2019-07-09 13:40:34;53.23992307;53.26
2019-07-09 13:44:09;120.015;120.03;119.98;120.0083333;56.61426557;56.94971457;56.64;2019-07-09 13:40:34;53.23397436;53.26
2019-07-09 13:45:09;120.04;120.03;120.19;120.0866667;56.65143849;56.98688749;56.64;2019-07-09 13:40:34;53.26892308;53.26
2019-07-09 13:46:09;119.955;119.95;119.98;119.9616667;56.59211999;56.92756899;56.64;2019-07-09 13:40:34;53.21315384;53.26
2019-07-09 13:47:09;119.915;119.95;120.09;119.985;56.60319278;56.93864178;56.64;2019-07-09 13:40:34;53.2235641;53.26
2019-07-09 13:48:08;119.95;119.9;120.09;119.98;56.60082004;56.93626904;56.64;2019-07-09 13:40:34;53.22133333;53.26
2019-07-09 13:49:09;119.95;119.9;120.09;119.98;56.60082004;56.93626904;56.64;2019-07-09 13:40:34;53.22133333;53.26
2019-07-09 13:50:09;119.975;119.9;120.09;119.9883333;56.60477461;56.94022361;56.64;2019-07-09 13:40:34;53.22505128;53.26
2019-07-09 13:51:09;119.97;119.9;119.9;119.9233333;56.57392899;56.90937799;56.55;2019-07-09 13:50:34;53.19784676;53.18
2019-07-09 13:52:09;120.035;119.9;119.93;119.955;56.58895634;56.92440534;56.55;2019-07-09 13:50:34;53.21197544;53.18
2019-07-09 13:53:08;119.92;119.9;119.93;119.9166667;56.57076533;56.90621433;56.55;2019-07-09 13:50:34;53.1948723;53.18
2019-07-09 13:54:09;119.945;119.9;120.1;119.9816667;56.60161095;56.93705995;56.55;2019-07-09 13:50:34;53.22387327;53.18
2019-07-09 13:55:08;120.065;120;119.72;119.9283333;56.57630173;56.91175073;56.55;2019-07-09 13:50:34;53.2000776;53.18
2019-07-09 13:56:09;119.935;120;119.82;119.9183333;56.57155625;56.90700525;56.55;2019-07-09 13:50:34;53.19561591;53.18
2019-07-09 13:57:08;119.91;119.9;119.82;119.8766667;56.55178341;56.88723241;56.55;2019-07-09 13:50:34;53.17702554;53.18
2019-07-09 13:58:08;119.945;119.9;120.07;119.9716667;56.59686547;56.93231447;56.55;2019-07-09 13:50:34;53.21941158;53.18
2019-07-09 13:59:09;119.955;119.9;120.07;119.975;56.5984473;56.9338963;56.55;2019-07-09 13:50:34;53.22089881;53.18
2019-07-09 14:00:09;120.075;119.9;120.01;119.995;56.60793826;56.94338726;56.55;2019-07-09 13:50:34;53.22982219;53.18
2019-07-09 14:01:09;120.135;120.01;120.18;120.1083333;56.66172037;56.99716937;56.64;2019-07-09 14:00:35;53.27858975;53.26
2019-07-09 14:02:08;120.245;120.12;120.24;120.2016667;56.70601151;57.04146051;56.64;2019-07-09 14:00:35;53.32023078;53.26
2019-07-09 14:03:09;120.37;120.3;120.24;120.3033333;56.75425723;57.08970623;56.64;2019-07-09 14:00:35;53.36558976;53.26
2019-07-09 14:04:08;120.05;120.2;120.11;120.12;56.66725676;57.00270576;56.64;2019-07-09 14:00:35;53.28379488;53.26
2019-07-09 14:05:09;120.24;120.15;120.11;120.1666667;56.68940233;57.02485133;56.64;2019-07-09 14:00:35;53.30461539;53.26
2019-07-09 14:06:09;120.255;120.12;120.33;120.235;56.72182978;57.05727878;56.64;2019-07-09 14:00:35;53.33510258;53.26
2019-07-09 14:07:09;120.105;120.13;120.17;120.135;56.67437498;57.00982398;56.64;2019-07-09 14:00:35;53.29048718;53.26
2019-07-09 14:08:09;120.185;120.04;120.26;120.1616667;56.68702959;57.02247859;56.64;2019-07-09 14:00:35;53.30238462;53.26
2019-07-09 14:09:09;120.135;120.01;120.26;120.135;56.67437498;57.00982398;56.64;2019-07-09 14:00:35;53.29048718;53.26
2019-07-09 14:10:09;120.145;120.09;120.26;120.165;56.68861142;57.02406042;56.64;2019-07-09 14:00:35;53.3038718;53.26
2019-07-09 14:11:09;119.99;120.09;119.99;120.0233333;56.62138379;56.95683279;56.66;2019-07-09 14:10:35;53.24579159;53.28
2019-07-09 14:12:08;120.075;120.06;120.14;120.0916667;56.65381123;56.98926023;56.66;2019-07-09 14:10:35;53.27628169;53.28
2019-07-09 14:13:09;120.055;120;120.14;120.065;56.64115662;56.97660562;56.66;2019-07-09 14:10:35;53.26438312;53.28
2019-07-09 14:14:08;120.075;120;120.14;120.0716667;56.64432027;56.97976927;56.66;2019-07-09 14:10:35;53.26735776;53.28
2019-07-09 14:15:09;120.085;120;120.14;120.075;56.6459021;56.9813511;56.66;2019-07-09 14:10:35;53.26884508;53.28
2019-07-09 14:16:09;120.055;119.98;120.14;120.0583333;56.63799297;56.97344197;56.66;2019-07-09 14:10:35;53.26140847;53.28
2019-07-09 14:17:08;120.03;119.98;120.14;120.05;56.6340384;56.9694874;56.66;2019-07-09 14:10:35;53.25769017;53.28
2019-07-09 14:18:08;120.015;120;120.14;120.0516667;56.63482931;56.97027831;56.66;2019-07-09 14:10:35;53.25843383;53.28
2019-07-09 14:19:08;119.975;120.01;120.14;120.0416667;56.63008383;56.96553283;56.66;2019-07-09 14:10:35;53.25397186;53.28
2019-07-09 14:20:08;119.96;119.98;119.87;119.9366667;56.58025629;56.91570529;56.66;2019-07-09 14:10:35;53.20712122;53.28
2019-07-09 14:21:09;120.04;119.98;120.16;120.06;56.56996549;56.90541449;56.59;2019-07-09 14:20:35;53.23770035;53.26
2019-07-09 14:22:08;119.98;119.9;120.16;120.0133333;56.54784666;56.88329566;56.59;2019-07-09 14:20:35;53.21688735;53.26
2019-07-09 14:23:08;120.03;120.01;120.14;120.06;56.56996549;56.90541449;56.59;2019-07-09 14:20:35;53.23770035;53.26
2019-07-09 14:24:09;119.985;120.01;120.14;120.045;56.56285587;56.89830487;56.59;2019-07-09 14:20:35;53.23101046;53.26
2019-07-09 14:25:08;119.995;120.01;120.14;120.0483333;56.56443578;56.89988478;56.59;2019-07-09 14:20:35;53.2324971;53.26
2019-07-09 14:26:08;120.035;120.01;120.14;120.0616667;56.57075545;56.90620445;56.59;2019-07-09 14:20:35;53.23844367;53.26
2019-07-09 14:27:09;120;120.01;120.14;120.05;56.56522574;56.90067474;56.59;2019-07-09 14:20:35;53.23324042;53.26
2019-07-09 14:28:09;120.025;120.08;120.14;120.0816667;56.58023494;56.91568394;56.59;2019-07-09 14:20:35;53.24736353;53.26
2019-07-09 14:29:09;119.92;120.08;120.14;120.0466667;56.56364582;56.89909482;56.59;2019-07-09 14:20:35;53.23175378;53.26
2019-07-09 14:30:09;119.945;120.03;120.14;120.0383333;56.55969603;56.89514503;56.59;2019-07-09 14:20:35;53.22803717;53.26
2019-07-09 14:31:09;120.015;120.09;120.14;120.0816667;56.58023494;56.91568394;56.58;2019-07-09 14:30:35;53.25223017;53.25
2019-07-09 14:32:09;119.97;120.03;120.14;120.0466667;56.56364582;56.89909482;56.58;2019-07-09 14:30:35;53.236619;53.25
2019-07-09 14:33:08;120.005;120.03;120.14;120.0583333;56.56917553;56.90462453;56.58;2019-07-09 14:30:35;53.24182272;53.25
2019-07-09 14:34:09;120.055;120.06;120.14;120.085;56.58181486;56.91726386;56.58;2019-07-09 14:30:35;53.25371695;53.25
2019-07-09 14:35:09;120.045;120.08;120.14;120.0883333;56.58339477;56.91884377;56.58;2019-07-09 14:30:35;53.25520372;53.25
2019-07-09 14:36:09;120.075;120.08;120.13;120.095;56.58655461;56.92200361;56.58;2019-07-09 14:30:35;53.25817728;53.25
2019-07-09 14:37:08;120.035;120.08;119.89;120.0016667;56.54231696;56.87776596;56.58;2019-07-09 14:30:35;53.21654749;53.25
2019-07-09 14:38:09;120.055;119.99;119.87;119.9716667;56.52809771;56.86354671;56.58;2019-07-09 14:30:35;53.20316649;53.25
2019-07-09 14:39:09;120.055;119.99;119.87;119.9716667;56.52809771;56.86354671;56.58;2019-07-09 14:30:35;53.20316649;53.25
2019-07-09 14:40:08;120.15;120.05;119.87;120.0233333;56.55258641;56.88803541;56.58;2019-07-09 14:30:35;53.22621155;53.25
2019-07-09 14:41:08;120.055;120.05;119.87;119.9916667;56.53757721;56.87302621;56.53;2019-07-09 14:40:35;53.20817668;53.2
2019-07-09 14:42:08;119.885;120.05;119.87;119.935;56.51071864;56.84616764;56.53;2019-07-09 14:40:35;53.1829033;53.2
2019-07-09 14:43:08;119.875;120.04;119.87;119.9283333;56.50755881;56.84300781;56.53;2019-07-09 14:40:35;53.17992996;53.2
2019-07-09 14:44:09;119.705;120.04;119.91;119.885;56.4870199;56.8224689;56.53;2019-07-09 14:40:35;53.16060326;53.2
2019-07-09 14:45:09;119.835;119.89;119.91;119.8783333;56.48386007;56.81930907;56.53;2019-07-09 14:40:35;53.15762992;53.2
2019-07-09 14:46:09;119.83;119.89;119.96;119.8933333;56.49096969;56.82641869;56.53;2019-07-09 14:40:35;53.16431993;53.2
2019-07-09 14:47:08;119.745;119.8;119.96;119.835;56.46332116;56.79877016;56.53;2019-07-09 14:40:35;53.13830321;53.2
2019-07-09 14:48:09;119.64;119.79;119.81;119.7466667;56.42145338;56.75690238;56.53;2019-07-09 14:40:35;53.09890647;53.2
2019-07-09 14:49:09;119.675;119.82;119.81;119.7683333;56.43172284;56.76717184;56.53;2019-07-09 14:40:35;53.10856982;53.2
2019-07-09 14:50:09;119.655;119.78;119.81;119.7483333;56.42224334;56.75769234;56.53;2019-07-09 14:40:35;53.0996498;53.2
2019-07-09 14:51:09;119.635;119.69;119.81;119.7116667;56.40486427;56.74031327;56.47;2019-07-09 14:50:35;53.08127877;53.14
2019-07-09 14:52:08;119.735;119.7;119.6;119.6783333;56.38906511;56.72451411;56.47;2019-07-09 14:50:35;53.06641263;53.14
2019-07-09 14:53:08;119.615;119.61;119.6;119.6083333;56.35588687;56.69133587;56.47;2019-07-09 14:50:35;53.03519375;53.14
2019-07-09 14:54:08;119.615;119.61;119.6;119.6083333;56.35588687;56.69133587;56.47;2019-07-09 14:50:35;53.03519375;53.14
2019-07-09 14:55:09;119.745;119.65;119.6;119.665;56.38274544;56.71819444;56.47;2019-07-09 14:50:35;53.06046618;53.14
2019-07-09 14:56:09;119.715;119.6;119.6;119.6383333;56.37010611;56.70555511;56.47;2019-07-09 14:50:35;53.04857327;53.14
2019-07-09 14:57:09;119.625;119.58;119.56;119.5883333;56.34640737;56.68185637;56.47;2019-07-09 14:50:35;53.02627407;53.14
2019-07-09 14:58:08;119.575;119.5;119.51;119.5283333;56.31796889;56.65341789;56.47;2019-07-09 14:50:35;52.99951503;53.14
2019-07-09 14:59:08;119.6;119.51;119.51;119.54;56.32349859;56.65894759;56.47;2019-07-09 14:50:35;53.00471818;53.14
2019-07-09 15:00:09;119.63;119.51;119.51;119.55;56.32823834;56.66368734;56.47;2019-07-09 14:50:35;53.00917802;53.14
2019-07-09 15:01:09;119.67;119.58;119.5;119.5833333;56.3440375;56.6794865;56.33;2019-07-09 15:00:35;53.02486636;53.01
2019-07-09 15:02:08;119.59;119.58;119.41;119.5266667;56.31717893;56.65262793;56.33;2019-07-09 15:00:35;52.99959355;53.01
2019-07-09 15:03:08;119.19;119.14;118.98;119.1033333;56.1165296;56.4519786;56.33;2019-07-09 15:00:35;52.81079073;53.01
2019-07-09 15:04:09;119.175;119.22;118.99;119.1283333;56.12837897;56.46382797;56.33;2019-07-09 15:00:35;52.8219405;53.01
2019-07-09 15:05:09;119.09;119.1;119.23;119.14;56.13390867;56.46935767;56.33;2019-07-09 15:00:35;52.82714373;53.01
2019-07-09 15:06:08;119.08;119.08;119;119.0533333;56.09283086;56.42827986;56.33;2019-07-09 15:00:35;52.78849118;53.01
2019-07-09 15:07:09;119.16;119.17;119.22;119.1833333;56.15444758;56.48989658;56.33;2019-07-09 15:00:35;52.84647;53.01
2019-07-09 15:08:09;119.115;119.21;119.03;119.1183333;56.12363922;56.45908822;56.33;2019-07-09 15:00:35;52.81748059;53.01
2019-07-09 15:09:09;119.18;119.3;119.34;119.2733333;56.19710531;56.53255431;56.33;2019-07-09 15:00:35;52.88660918;53.01
2019-07-09 15:10:08;119.165;119.27;119.34;119.2583333;56.18999569;56.52544469;56.33;2019-07-09 15:00:35;52.87991932;53.01
2019-07-09 15:11:09;119.145;119.24;119.34;119.2416667;56.16357788;56.49902688;56.15;2019-07-09 15:10:35;52.88263882;52.87
2019-07-09 15:12:08;119.285;119.29;119.41;119.3283333;56.20464224;56.54009124;56.15;2019-07-09 15:10:35;52.92129875;52.87
2019-07-09 15:13:09;119.33;119.31;119.41;119.35;56.21490833;56.55035733;56.15;2019-07-09 15:10:35;52.93096373;52.87
2019-07-09 15:14:08;119.555;119.53;119.41;119.4983333;56.28519155;56.62064055;56.15;2019-07-09 15:10:35;52.99713167;52.87
2019-07-09 15:15:09;119.625;119.68;119.41;119.5716667;56.31993831;56.65538731;56.15;2019-07-09 15:10:35;53.02984392;52.87
2019-07-09 15:16:09;119.565;119.55;119.41;119.5083333;56.28992975;56.62537875;56.15;2019-07-09 15:10:35;53.00159244;52.87
2019-07-09 15:17:08;119.565;119.64;119.41;119.5383333;56.30414433;56.63959333;56.15;2019-07-09 15:10:35;53.01497472;52.87
2019-07-09 15:18:09;119.63;119.68;119.41;119.5733333;56.32072801;56.65617701;56.15;2019-07-09 15:10:35;53.03058738;52.87
2019-07-09 15:19:09;119.705;119.68;119.41;119.5983333;56.3325735;56.6680225;56.15;2019-07-09 15:10:35;53.04173928;52.87
2019-07-09 15:20:09;119.71;119.69;119.41;119.6033333;56.3349426;56.6703916;56.15;2019-07-09 15:10:35;53.04396966;52.87
2019-07-09 15:21:09;119.705;119.64;119.41;119.585;56.32625591;56.66170491;56.32;2019-07-09 15:20:35;53.03669125;53.03
2019-07-09 15:22:09;119.715;119.7;119.41;119.6083333;56.3373117;56.6727607;56.32;2019-07-09 15:20:35;53.04709987;53.03
2019-07-09 15:23:08;119.605;119.73;119.41;119.5816667;56.32467651;56.66012551;56.32;2019-07-09 15:20:35;53.03520431;53.03
2019-07-09 15:24:09;119.735;119.85;119.9;119.8283333;56.44155199;56.77700099;56.32;2019-07-09 15:20:35;53.14523826;53.03
2019-07-09 15:25:09;119.855;119.82;119.88;119.8516667;56.45260777;56.78805677;56.32;2019-07-09 15:20:35;53.15564687;53.03
2019-07-09 15:26:08;119.655;119.85;119.88;119.795;56.425758;56.761207;56.32;2019-07-09 15:20:35;53.1303688;53.03
2019-07-09 15:27:09;119.68;119.81;119.88;119.79;56.42338891;56.75883791;56.32;2019-07-09 15:20:35;53.12813839;53.03
2019-07-09 15:28:09;119.75;119.79;119.88;119.8066667;56.4312859;56.7667349;56.32;2019-07-09 15:20:35;53.13557311;53.03
2019-07-09 15:29:09;119.73;119.81;119.88;119.8066667;56.4312859;56.7667349;56.32;2019-07-09 15:20:35;53.13557311;53.03
2019-07-09 15:30:08;119.525;119.55;119.56;119.545;56.30730313;56.64275213;56.32;2019-07-09 15:20:35;53.01884791;53.03
2019-07-09 15:31:09;119.44;119.52;119.56;119.5066667;56.28914005;56.62458905;56.35;2019-07-09 15:30:35;52.99903834;53.06
2019-07-09 15:32:09;119.525;119.51;119.56;119.5316667;56.30098553;56.63643453;56.35;2019-07-09 15:30:35;53.01018987;53.06
2019-07-09 15:33:09;119.62;119.66;119.56;119.6133333;56.33968079;56.67512979;56.35;2019-07-09 15:30:35;53.04661817;53.06
2019-07-09 15:34:09;119.72;119.76;119.56;119.68;56.37126876;56.70671776;56.35;2019-07-09 15:30:35;53.07635557;53.06
2019-07-09 15:35:09;119.585;119.61;119.56;119.585;56.32625591;56.66170491;56.35;2019-07-09 15:30:35;53.03397978;53.06
2019-07-09 15:36:09;119.545;119.61;119.56;119.5716667;56.31993831;56.65538731;56.35;2019-07-09 15:30:35;53.0280323;53.06
2019-07-09 15:37:08;119.57;119.63;119.77;119.6566667;56.36021297;56.69566197;56.35;2019-07-09 15:30:35;53.06594748;53.06
2019-07-09 15:38:08;119.595;119.63;119.77;119.665;56.36416147;56.69961047;56.35;2019-07-09 15:30:35;53.06966465;53.06
2019-07-09 15:39:09;119.645;119.74;119.77;119.7183333;56.38943184;56.72488084;56.35;2019-07-09 15:30:35;53.09345457;53.06
2019-07-09 15:40:08;119.66;119.71;119.91;119.76;56.40917432;56.74462332;56.35;2019-07-09 15:30:35;53.11204044;53.06
2019-07-09 15:41:09;119.66;119.66;119.74;119.6866667;56.37442756;56.70987656;56.33;2019-07-09 15:40:35;53.0801461;53.04
2019-07-09 15:42:09;119.51;119.61;119.74;119.62;56.34283959;56.67828859;56.33;2019-07-09 15:40:35;53.05040825;53.04
2019-07-09 15:43:09;119.525;119.62;119.46;119.535;56.30256493;56.63801393;56.33;2019-07-09 15:40:35;53.01249249;53.04
2019-07-09 15:44:09;119.525;119.67;119.46;119.5516667;56.31046192;56.64591092;56.33;2019-07-09 15:40:35;53.01992695;53.04
2019-07-09 15:45:09;119.34;119.53;119.46;119.4433333;56.25913148;56.59458048;56.33;2019-07-09 15:40:35;52.97160295;53.04
2019-07-09 15:46:08;119.44;119.53;119.61;119.5266667;56.29861644;56.63406544;56.33;2019-07-09 15:40:35;53.00877526;53.04
2019-07-09 15:47:08;119.51;119.61;119.61;119.5766667;56.32230741;56.65775641;56.33;2019-07-09 15:40:35;53.03107865;53.04
2019-07-09 15:48:09;119.44;119.6;119.61;119.55;56.30967223;56.64512123;56.33;2019-07-09 15:40:35;53.01918351;53.04
2019-07-09 15:49:09;119.45;119.6;119.61;119.5533333;56.31125162;56.64670062;56.33;2019-07-09 15:40:35;53.0206704;53.04
2019-07-09 15:50:09;119.505;119.6;119.61;119.5716667;56.31993831;56.65538731;56.33;2019-07-09 15:40:35;53.02884831;53.04
2019-07-09 15:51:08;119.61;119.71;119.61;119.6433333;56.35389538;56.68934438;56.35;2019-07-09 15:50:36;53.06594814;53.06
2019-07-09 15:52:09;119.555;119.69;119.61;119.6183333;56.34204989;56.67749889;56.35;2019-07-09 15:50:36;53.05479538;53.06
2019-07-09 15:53:09;119.6;119.69;119.51;119.6;56.3333632;56.6688122;56.35;2019-07-09 15:50:36;53.04661668;53.06
2019-07-09 15:54:09;119.55;119.69;119.51;119.5833333;56.32546621;56.66091521;56.35;2019-07-09 15:50:36;53.0391815;53.06
2019-07-09 15:55:09;119.58;119.68;119.5;119.5866667;56.32704561;56.66249461;56.35;2019-07-09 15:50:36;53.04066854;53.06
2019-07-09 15:56:09;119.665;119.74;119.74;119.715;56.38785244;56.72330144;56.35;2019-07-09 15:50:36;53.0979194;53.06
2019-07-09 15:57:09;119.57;119.72;119.74;119.6766667;56.36968936;56.70513836;56.35;2019-07-09 15:50:36;53.0808185;53.06
2019-07-09 15:58:08;119.6;119.7;119.74;119.68;56.37126876;56.70671776;56.35;2019-07-09 15:50:36;53.08230553;53.06
2019-07-09 15:59:08;119.565;119.7;119.74;119.6683333;56.36574087;56.70118987;56.35;2019-07-09 15:50:36;53.07710091;53.06
2019-07-09 16:00:09;119.56;119.7;119.74;119.6666667;56.36495117;56.70040017;56.35;2019-07-09 15:50:36;53.07635739;53.06
2019-07-09 16:01:09;119.43;119.5;119.25;119.3933333;56.2315625;56.5708895;56.32;2019-07-09 16:00:35;52.94227887;53.03
2019-07-09 16:02:08;119.255;119.3;119.17;119.2416667;56.15969988;56.49902688;56.32;2019-07-09 16:00:35;52.87462952;53.03
2019-07-09 16:03:09;119.305;119.5;119.17;119.325;56.19918484;56.53851184;56.32;2019-07-09 16:00:35;52.91179949;53.03
2019-07-09 16:04:08;119.41;119.8;119.5;119.57;56.31527062;56.65459762;56.32;2019-07-09 16:00:35;53.02107921;53.03
2019-07-09 16:05:09;119.655;119.72;119.72;119.6983333;56.37607745;56.71540445;56.32;2019-07-09 16:00:35;53.07832096;53.03
2019-07-09 16:06:08;119.815;119.76;119.65;119.7416667;56.39660963;56.73593663;56.32;2019-07-09 16:00:35;53.09764935;53.03
2019-07-09 16:07:09;119.78;119.84;119.87;119.83;56.43846369;56.77779069;56.32;2019-07-09 16:00:35;53.13704952;53.03
2019-07-09 16:08:09;119.87;119.94;119.75;119.8533333;56.44951947;56.78884647;56.32;2019-07-09 16:00:35;53.14745711;53.03
2019-07-09 16:09:08;119.87;119.91;119.94;119.9066667;56.47478985;56.81411685;56.32;2019-07-09 16:00:35;53.1712459;53.03
2019-07-09 16:10:08;119.965;120.06;120.13;120.0516667;56.54349367;56.88282067;56.32;2019-07-09 16:00:35;53.23592165;53.03
2019-07-09 16:11:09;120.05;120.21;119.91;120.0566667;56.52983521;56.86916221;56.49;2019-07-09 16:10:35;53.25015257;53.21
2019-07-09 16:12:08;120.035;120.24;119.9;120.0583333;56.53062468;56.86995168;56.49;2019-07-09 16:10:35;53.25089613;53.21
2019-07-09 16:13:09;119.925;120.05;119.9;119.9583333;56.48325608;56.82258308;56.49;2019-07-09 16:10:35;53.20628217;53.21
2019-07-09 16:14:08;119.95;120.03;119.9;119.96;56.48404556;56.82337256;56.49;2019-07-09 16:10:35;53.20702574;53.21
2019-07-09 16:15:09;119.95;119.96;119.79;119.9;56.4556244;56.7949514;56.49;2019-07-09 16:10:35;53.18025736;53.21
2019-07-09 16:16:08;119.94;119.84;119.79;119.8566667;56.43509801;56.77442501;56.49;2019-07-09 16:10:35;53.16092464;53.21
2019-07-09 16:17:08;119.82;119.84;119.86;119.84;56.42720324;56.76653024;56.49;2019-07-09 16:10:35;53.15348898;53.21
2019-07-09 16:18:09;119.88;119.83;119.54;119.75;56.3845715;56.7238985;56.49;2019-07-09 16:10:35;53.11333641;53.21
2019-07-09 16:19:09;119.655;119.66;119.54;119.6183333;56.32220284;56.66152984;56.49;2019-07-09 16:10:35;53.0545947;53.21
2019-07-09 16:20:08;119.835;119.67;119.94;119.815;56.41536109;56.75468809;56.49;2019-07-09 16:10:35;53.14233549;53.21
2019-07-09 16:21:09;119.85;119.79;119.94;119.86;56.43667696;56.77600396;56.44;2019-07-09 16:20:35;53.17148738;53.17
2019-07-09 16:22:08;119.875;119.79;119.94;119.8683333;56.44062434;56.77995134;56.44;2019-07-09 16:20:35;53.17520585;53.17
2019-07-09 16:23:08;119.86;119.7;119.94;119.8333333;56.42404533;56.76337233;56.44;2019-07-09 16:20:35;53.15958831;53.17
2019-07-09 16:24:08;119.855;119.71;119.94;119.835;56.42483481;56.76416181;56.44;2019-07-09 16:20:35;53.160332;53.17
2019-07-09 16:25:10;119.82;119.7;119.94;119.82;56.41772952;56.75705652;56.44;2019-07-09 16:20:35;53.15363877;53.17
2019-07-09 16:26:09;119.675;119.64;119.62;119.645;56.33483447;56.67416147;56.44;2019-07-09 16:20:35;53.07555109;53.17
2019-07-09 16:27:08;119.675;119.58;119.62;119.625;56.32536075;56.66468775;56.44;2019-07-09 16:20:35;53.06662678;53.17
2019-07-09 16:28:08;119.555;119.42;119.7;119.5583333;56.29378168;56.63310868;56.44;2019-07-09 16:20:35;53.03687909;53.17
2019-07-09 16:29:08;119.515;119.44;119.7;119.5516667;56.29062378;56.62995078;56.44;2019-07-09 16:20:35;53.03390432;53.17
2019-07-09 16:30:09;119.595;119.54;119.7;119.6116667;56.31904494;56.65837194;56.44;2019-07-09 16:20:35;53.06067724;53.17
2019-07-09 16:31:08;119.7;119.58;119.55;119.61;56.31825546;56.65758246;56.33;2019-07-09 16:30:36;53.04513028;53.06
2019-07-09 16:32:09;119.715;119.58;119.55;119.615;56.32062389;56.65995089;56.33;2019-07-09 16:30:36;53.04736074;53.06
2019-07-09 16:33:08;119.625;119.52;119.55;119.565;56.29693959;56.63626659;56.33;2019-07-09 16:30:36;53.02505616;53.06
2019-07-09 16:34:08;119.67;119.5;119.55;119.5733333;56.30088697;56.64021397;56.33;2019-07-09 16:30:36;53.02877359;53.06
2019-07-09 16:35:08;119.635;119.43;119.55;119.5383333;56.28430796;56.62363496;56.33;2019-07-09 16:30:36;53.01316038;53.06
2019-07-09 16:36:08;119.65;119.43;119.55;119.5433333;56.28667639;56.62600339;56.33;2019-07-09 16:30:36;53.01539084;53.06
2019-07-09 16:37:08;119.615;119.46;119.55;119.5416667;56.28588692;56.62521392;56.33;2019-07-09 16:30:36;53.01464736;53.06
2019-07-09 16:38:09;119.65;119.49;119.55;119.5633333;56.29615011;56.63547711;56.33;2019-07-09 16:30:36;53.02431267;53.06
2019-07-09 16:39:08;119.63;119.58;119.55;119.5866667;56.30720279;56.64652979;56.33;2019-07-09 16:30:36;53.03472148;53.06
2019-07-09 16:40:09;119.565;119.53;119.6;119.565;56.29693959;56.63626659;56.33;2019-07-09 16:30:36;53.02505616;53.06
2019-07-09 16:41:08;119.505;119.49;119.56;119.5183333;56.27483424;56.61416124;56.29;2019-07-09 16:40:36;53.00587333;53.02
2019-07-09 16:42:09;119.505;119.38;119.56;119.4816667;56.25746576;56.59679276;56.29;2019-07-09 16:40:36;52.98951614;53.02
2019-07-09 16:43:08;119.505;119.39;119.56;119.485;56.25904471;56.59837171;56.29;2019-07-09 16:40:36;52.99100316;53.02
2019-07-09 16:44:09;119.505;119.4;119.56;119.4883333;56.26062366;56.59995066;56.29;2019-07-09 16:40:36;52.99249018;53.02
2019-07-09 16:45:09;119.505;119.47;119.56;119.5116667;56.27167634;56.61100334;56.29;2019-07-09 16:40:36;53.0028993;53.02
2019-07-09 16:46:09;119.505;119.37;119.56;119.4783333;56.2558868;56.5952138;56.29;2019-07-09 16:40:36;52.98802912;53.02
2019-07-09 16:47:09;119.505;119.43;119.41;119.4483333;56.24167622;56.58100322;56.29;2019-07-09 16:40:36;52.97464597;53.02
2019-07-09 16:48:09;119.495;119.39;119.41;119.4316667;56.23378146;56.57310846;56.29;2019-07-09 16:40:36;52.96721088;53.02
2019-07-09 16:49:09;119.435;119.34;119.41;119.395;56.21641297;56.55573997;56.29;2019-07-09 16:40:36;52.95085368;53.02
2019-07-09 16:50:09;119.455;119.52;119.57;119.515;56.27325529;56.61258229;56.29;2019-07-09 16:40:36;53.00438632;53.02
2019-07-09 16:51:09;119.43;119.52;119.45;119.4666667;56.25036047;56.58968747;56.26;2019-07-09 16:50:36;52.98107819;52.99
2019-07-09 16:52:09;119.405;119.52;119.45;119.4583333;56.24641308;56.58574008;56.26;2019-07-09 16:50:36;52.97736077;52.99
2019-07-09 16:53:08;119.365;119.52;119.45;119.445;56.24009727;56.57942427;56.26;2019-07-09 16:50:36;52.97141289;52.99
2019-07-09 16:54:09;119.415;119.31;119.55;119.425;56.23062355;56.56995055;56.26;2019-07-09 16:50:36;52.96249108;52.99
2019-07-09 16:55:09;119.415;119.32;119.55;119.4283333;56.2322025;56.5715295;56.26;2019-07-09 16:50:36;52.96397805;52.99
2019-07-09 16:56:09;119.385;119.3;119.55;119.4116667;56.22430774;56.56363474;56.26;2019-07-09 16:50:36;52.9565432;52.99
2019-07-09 16:57:09;119.445;119.27;119.56;119.425;56.23062355;56.56995055;56.26;2019-07-09 16:50:36;52.96249108;52.99
2019-07-09 16:58:09;119.405;119.27;119.56;119.4116667;56.22430774;56.56363474;56.26;2019-07-09 16:50:36;52.9565432;52.99
2019-07-09 16:59:08;119.33;119.18;119.4;119.3033333;56.17299175;56.51231875;56.26;2019-07-09 16:50:36;52.90821672;52.99
2019-07-09 17:00:09;119.24;119.29;119.24;119.2566667;56.15088641;56.49021341;56.26;2019-07-09 16:50:36;52.88739915;52.99
2019-07-09 17:01:09;119.35;119.12;119.24;119.2366667;56.13628551;56.47561251;56.13;2019-07-09 17:00:36;52.8774347;52.87
2019-07-09 17:03:03;119.36;119.17;119.24;119.2566667;56.14575837;56.48508537;56.13;2019-07-09 17:00:36;52.88635634;52.87
2019-07-09 17:03:09;119.36;119.17;119.24;119.2566667;56.14575837;56.48508537;56.13;2019-07-09 17:00:36;52.88635634;52.87
2019-07-09 17:04:08;119.33;119.24;119.24;119.27;56.15207361;56.49140061;56.13;2019-07-09 17:00:36;52.89230409;52.87
2019-07-09 17:05:09;119.275;119.16;119.48;119.305;56.16865112;56.50797812;56.13;2019-07-09 17:00:36;52.90791696;52.87
2019-07-09 17:06:09;119.265;119.12;119.44;119.275;56.15444183;56.49376883;56.13;2019-07-09 17:00:36;52.8945345;52.87
2019-07-09 17:07:09;119.255;119.11;119.44;119.2683333;56.15128421;56.49061121;56.13;2019-07-09 17:00:36;52.89156063;52.87
2019-07-09 17:08:09;119.255;119.08;119.4;119.245;56.14023254;56.47955954;56.13;2019-07-09 17:00:36;52.88115205;52.87
2019-07-09 17:09:08;119.255;119.09;119.4;119.2483333;56.14181135;56.48113835;56.13;2019-07-09 17:00:36;52.88263899;52.87
2019-07-09 17:10:08;119.255;119.05;119.4;119.235;56.13549611;56.47482311;56.13;2019-07-09 17:00:36;52.87669123;52.87
2019-07-09 17:11:08;119.095;119.01;119.4;119.1683333;56.10391991;56.44324691;56.14;2019-07-09 17:10:36;52.84654411;52.88
2019-07-09 17:12:08;119.075;119.04;119.4;119.1716667;56.10549872;56.44482572;56.14;2019-07-09 17:10:36;52.84803104;52.88
2019-07-09 17:13:09;119.125;119.06;119.33;119.1716667;56.10549872;56.44482572;56.14;2019-07-09 17:10:36;52.84803104;52.88
2019-07-09 17:14:09;119.12;119.01;119.08;119.07;56.05734501;56.39667201;56.14;2019-07-09 17:10:36;52.80267973;52.88
2019-07-09 17:15:09;119.105;119.01;119.08;119.065;56.0549768;56.3943038;56.14;2019-07-09 17:10:36;52.80044934;52.88
2019-07-09 17:16:32;119.1;119.09;119.08;119.09;56.06681787;56.40614487;56.14;2019-07-09 17:10:36;52.8116013;52.88
2019-07-09 17:17:09;119.085;119.09;119.08;119.085;56.06444966;56.40377666;56.14;2019-07-09 17:10:36;52.80937091;52.88
2019-07-09 17:18:09;119.1;119.07;119.08;119.0833333;56.06366025;56.40298725;56.14;2019-07-09 17:10:36;52.80862744;52.88
2019-07-09 17:19:10;119.085;119.12;119.27;119.1583333;56.09918348;56.43851048;56.14;2019-07-09 17:10:36;52.84208333;52.88
2019-07-09 17:20:09;119.07;119.05;119.3;119.14;56.09050002;56.42982702;56.14;2019-07-09 17:10:36;52.83390522;52.88
2019-07-09 17:21:08;119.145;119.05;119.3;119.165;56.1023411;56.4416681;56.09;2019-07-09 17:20:36;52.84412557;52.83
2019-07-09 17:22:09;119.1;119.02;119.08;119.0666667;56.0557662;56.3950932;56.09;2019-07-09 17:20:36;52.80026196;52.83
2019-07-09 17:23:08;119.135;119.05;119.08;119.0883333;56.06602847;56.40535547;56.09;2019-07-09 17:20:36;52.80992682;52.83
2019-07-09 17:24:08;119.16;119.14;119.09;119.13;56.08576359;56.42509059;56.09;2019-07-09 17:20:36;52.8285131;52.83
2019-07-09 17:25:09;119.28;119.14;119.09;119.17;56.10470931;56.44403631;56.09;2019-07-09 17:20:36;52.84635592;52.83
2019-07-09 17:26:08;119.32;119.32;119.16;119.2666667;56.1504948;56.4898218;56.09;2019-07-09 17:20:36;52.88947609;52.83
2019-07-09 17:27:09;119.365;119.45;119.16;119.325;56.17812398;56.51745098;56.09;2019-07-09 17:20:36;52.91549688;52.83
2019-07-09 17:28:09;119.295;119.45;119.16;119.3016667;56.16707231;56.50639931;56.09;2019-07-09 17:20:36;52.90508856;52.83
2019-07-09 17:29:08;119.405;119.39;119.44;119.4116667;56.21917304;56.55850004;56.09;2019-07-09 17:20:36;52.95415633;52.83
2019-07-09 17:30:09;119.405;119.39;119.44;119.4116667;56.21917304;56.55850004;56.09;2019-07-09 17:20:36;52.95415633;52.83
2019-07-09 17:31:09;119.46;119.39;119.29;119.38;56.20417434;56.54350134;56.18;2019-07-09 17:30:39;52.94230449;52.92
2019-07-09 17:32:09;119.385;119.38;119.29;119.3516667;56.19075446;56.53008146;56.18;2019-07-09 17:30:39;52.92966528;52.92
2019-07-09 17:33:08;119.335;119.29;119.29;119.305;56.16865112;56.50797812;56.18;2019-07-09 17:30:39;52.90884776;52.92
2019-07-09 17:34:09;119.27;119.35;119.44;119.3533333;56.19154386;56.53087086;56.18;2019-07-09 17:30:39;52.93040876;52.92
2019-07-09 17:35:09;119.23;119.35;119.44;119.34;56.18522862;56.52455562;56.18;2019-07-09 17:30:39;52.9244609;52.92
2019-07-09 17:36:08;119.195;119.29;119.44;119.3083333;56.17022993;56.50955693;56.18;2019-07-09 17:30:39;52.91033472;52.92
2019-07-09 17:37:08;119.335;119.3;119.44;119.3583333;56.19391208;56.53323908;56.18;2019-07-09 17:30:39;52.93263921;52.92
2019-07-09 17:38:08;119.255;119.21;119.44;119.3016667;56.16707231;56.50639931;56.18;2019-07-09 17:30:39;52.90736079;52.92
2019-07-09 17:39:09;119.375;119.3;119.44;119.3716667;56.20022732;56.53955432;56.18;2019-07-09 17:30:39;52.93858707;52.92
2019-07-09 17:40:09;119.535;119.36;119.44;119.445;56.23496114;56.57428814;56.18;2019-07-09 17:30:39;52.97130032;52.92
2019-07-09 17:41:09;119.425;119.22;119.44;119.3616667;56.19549089;56.53481789;56.19;2019-07-09 17:40:36;52.93966628;52.93
2019-07-09 17:42:09;119.365;119.21;119.44;119.3383333;56.18443922;56.52376622;56.19;2019-07-09 17:40:36;52.92925644;52.93
2019-07-09 17:43:08;119.355;119.1;119.44;119.2983333;56.1654935;56.5048205;56.19;2019-07-09 17:40:36;52.911411;52.93
2019-07-09 17:44:09;119.3;119.14;119.21;119.2166667;56.12681265;56.46613965;56.19;2019-07-09 17:40:36;52.87497655;52.93
2019-07-09 17:45:08;119.295;119.18;119.21;119.2283333;56.13233849;56.47166549;56.19;2019-07-09 17:40:36;52.88018147;52.93
2019-07-09 17:46:09;119.305;119.18;119.46;119.315;56.17338755;56.51271455;56.19;2019-07-09 17:40:36;52.9188466;52.93
2019-07-09 17:47:08;119.295;119.12;119.19;119.2016667;56.11970801;56.45903501;56.19;2019-07-09 17:40:36;52.8682845;52.93
2019-07-09 17:48:08;119.235;119.14;119.39;119.255;56.14496897;56.48429597;56.19;2019-07-09 17:40:36;52.89207843;52.93
2019-07-09 17:49:08;119.215;119.14;119.13;119.1616667;56.10076229;56.44008929;56.19;2019-07-09 17:40:36;52.85043906;52.93
2019-07-09 17:50:09;119.215;119.11;119.13;119.1516667;56.09602586;56.43535286;56.19;2019-07-09 17:40:36;52.8459777;52.93
2019-07-09 17:51:08;119.225;119.11;119.21;119.1816667;56.11023515;56.44956215;56.11;2019-07-09 17:50:36;52.85371741;52.85
2019-07-09 17:52:09;119.14;119.1;119.21;119.15;56.09523645;56.43456345;56.11;2019-07-09 17:50:36;52.83959126;52.85
2019-07-09 17:53:09;119.155;119.1;119.11;119.1216667;56.08181657;56.42114357;56.11;2019-07-09 17:50:36;52.82695208;52.85
2019-07-09 17:54:08;119.15;119.02;119.07;119.08;56.06208144;56.40140844;56.11;2019-07-09 17:50:36;52.80836505;52.85
2019-07-09 17:55:09;119.1;119.01;118.92;119.01;56.02892643;56.36825343;56.11;2019-07-09 17:50:36;52.77713884;52.85
2019-07-09 17:56:09;118.945;119.01;119.15;119.035;56.04076751;56.38009451;56.11;2019-07-09 17:50:36;52.78829106;52.85
2019-07-09 17:57:08;118.925;119.01;119;118.9783333;56.01392774;56.35325474;56.11;2019-07-09 17:50:36;52.76301269;52.85
2019-07-09 17:58:08;118.94;119.01;118.98;118.9766667;56.01313833;56.35246533;56.11;2019-07-09 17:50:36;52.76226921;52.85
2019-07-09 17:59:09;119.035;119.01;118.98;119.0083333;56.02813703;56.36746403;56.11;2019-07-09 17:50:36;52.77639536;52.85
