2019-07-23 06:00:49;0.31683;0.3162;0.3156;0.31621;14.7949162;14.9237602;14.81;2019-07-23 05:59:01;14.00152236;14.02
2019-07-23 06:01:47;0.31747;0.31653;0.31632;0.3167733333;14.82150313;14.95034713;14.81;2019-07-23 05:59:01;14.02668571;14.02
2019-07-23 06:02:47;0.31747;0.31691;0.31632;0.3169;14.82748125;14.95632525;14.81;2019-07-23 05:59:01;14.03234374;14.02
2019-07-23 06:03:47;0.31754;0.31707;0.31651;0.31704;14.83408865;14.96293265;14.81;2019-07-23 05:59:01;14.03859735;14.02
2019-07-23 06:04:47;0.31767;0.3169;0.31651;0.3170266667;14.83345938;14.96230338;14.81;2019-07-23 05:59:01;14.03800177;14.02
2019-07-23 06:05:47;0.31772;0.3169;0.31651;0.3170433333;14.83424597;14.96308997;14.81;2019-07-23 05:59:01;14.03874625;14.02
2019-07-23 06:06:47;0.31776;0.3169;0.31651;0.3170566667;14.83487525;14.96371925;14.81;2019-07-23 05:59:01;14.03934183;14.02
2019-07-23 06:07:47;0.31764;0.31689;0.31682;0.3171166667;14.83770699;14.96655099;14.81;2019-07-23 05:59:01;14.04202195;14.02
2019-07-23 06:08:47;0.31788;0.31689;0.31682;0.3171966667;14.84148265;14.97032665;14.81;2019-07-23 05:59:01;14.04559544;14.02
2019-07-23 06:09:47;0.31764;0.31697;0.31682;0.3171433333;14.83896555;14.96780955;14.86;2019-07-23 06:09:02;14.0493162;14.07
2019-07-23 06:10:47;0.3174;0.3166;0.31662;0.3168733333;14.8262227;14.9550667;14.86;2019-07-23 06:09:02;14.03725047;14.07
2019-07-23 06:11:47;0.31699;0.31597;0.31616;0.3163733333;14.80262484;14.93146884;14.86;2019-07-23 06:09:02;14.01490652;14.07
2019-07-23 06:12:47;0.31651;0.31605;0.31595;0.31617;14.79302837;14.92187237;14.86;2019-07-23 06:09:02;14.00581998;14.07
2019-07-23 06:13:47;0.31664;0.31589;0.31569;0.3160733333;14.78846612;14.91731012;14.86;2019-07-23 06:09:02;14.00150014;14.07
2019-07-23 06:14:47;0.31657;0.31586;0.31566;0.31603;14.78642097;14.91526497;14.86;2019-07-23 06:09:02;13.99956367;14.07
2019-07-23 06:15:47;0.31658;0.31585;0.31566;0.31603;14.78642097;14.91526497;14.86;2019-07-23 06:09:02;13.99956367;14.07
2019-07-23 06:16:47;0.31639;0.31571;0.3156;0.3159;14.78028553;14.90912953;14.86;2019-07-23 06:09:02;13.99375424;14.07
2019-07-23 06:17:47;0.31595;0.31514;0.31535;0.31548;14.76046332;14.88930732;14.86;2019-07-23 06:09:02;13.97498532;14.07
2019-07-23 06:18:47;0.31547;0.31431;0.315;0.3149266667;14.73434836;14.86319236;14.86;2019-07-23 06:09:02;13.95025801;14.07
2019-07-23 06:19:47;0.31542;0.31465;0.315;0.3150233333;14.73891061;14.86775461;14.77;2019-07-23 06:19:02;13.94703383;13.98
2019-07-23 06:20:47;0.31603;0.31521;0.31537;0.3155366667;14.76313775;14.89198175;14.77;2019-07-23 06:19:02;13.96996133;13.98
2019-07-23 06:21:47;0.31593;0.31513;0.31543;0.3154966667;14.76124992;14.89009392;14.77;2019-07-23 06:19:02;13.96817477;13.98
2019-07-23 06:22:47;0.31563;0.315;0.31527;0.3153;14.75196809;14.88081209;14.77;2019-07-23 06:19:02;13.95939086;13.98
2019-07-23 06:23:47;0.31548;0.31501;0.3153;0.3152633333;14.75023758;14.87908158;14.77;2019-07-23 06:19:02;13.95775318;13.98
2019-07-23 06:24:47;0.31522;0.315;0.315;0.3150733333;14.74127039;14.87011439;14.77;2019-07-23 06:19:02;13.94926703;13.98
2019-07-23 06:25:47;0.3144;0.31365;0.3144;0.31415;14.69769301;14.82653701;14.77;2019-07-23 06:19:02;13.90802731;13.98
2019-07-23 06:26:47;0.3138;0.31249;0.31279;0.3130266667;14.64467648;14.77352048;14.77;2019-07-23 06:19:02;13.8578548;13.98
2019-07-23 06:27:47;0.31356;0.31269;0.31377;0.31334;14.65946447;14.78830847;14.77;2019-07-23 06:19:02;13.8718495;13.98
2019-07-23 06:28:47;0.31376;0.31318;0.31362;0.31352;14.6679597;14.7968037;14.77;2019-07-23 06:19:02;13.87988901;13.98
2019-07-23 06:29:47;0.31456;0.31299;0.31395;0.3138333333;14.67753806;14.80638206;14.71;2019-07-23 06:29:02;13.89560691;13.93
2019-07-23 06:30:47;0.31362;0.31306;0.3135;0.3133933333;14.65677925;14.78562325;14.71;2019-07-23 06:29:02;13.87595235;13.93
2019-07-23 06:31:46;0.31443;0.31358;0.3139;0.31397;14.68398588;14.81282988;14.71;2019-07-23 06:29:02;13.90171173;13.93
2019-07-23 06:32:47;0.31402;0.31306;0.31401;0.3136966667;14.67109025;14.79993425;14.71;2019-07-23 06:29:02;13.88950208;13.93
2019-07-23 06:33:49;0.31376;0.313;0.31323;0.31333;14.65379124;14.78263524;14.71;2019-07-23 06:29:02;13.87312328;13.93
2019-07-23 06:34:46;0.31415;0.31294;0.31368;0.31359;14.66605781;14.79490181;14.71;2019-07-23 06:29:02;13.88473734;13.93
2019-07-23 06:35:47;0.31356;0.31289;0.31331;0.3132533333;14.65017417;14.77901817;14.71;2019-07-23 06:29:02;13.86969863;13.93
2019-07-23 06:36:46;0.31244;0.31198;0.31216;0.3121933333;14.6001643;14.7290083;14.71;2019-07-23 06:29:02;13.82234901;13.93
2019-07-23 06:37:47;0.31249;0.312;0.3118;0.3120966667;14.59560365;14.72444765;14.71;2019-07-23 06:29:02;13.81803096;13.93
2019-07-23 06:38:47;0.31249;0.31152;0.31208;0.31203;14.59245837;14.72130237;14.71;2019-07-23 06:29:02;13.815053;13.93
2019-07-23 06:39:47;0.31299;0.31141;0.31218;0.3121933333;14.6001643;14.7290083;14.65;2019-07-23 06:39:02;13.82726858;13.87
2019-07-23 06:40:47;0.31357;0.31206;0.31307;0.3129;14.63350421;14.76234821;14.65;2019-07-23 06:39:02;13.85884613;13.87
2019-07-23 06:41:47;0.31361;0.3131;0.31349;0.3134;14.65709378;14.78593778;14.65;2019-07-23 06:39:02;13.88118873;13.87
2019-07-23 06:42:47;0.31354;0.31271;0.3133;0.3131833333;14.64687163;14.77571563;14.65;2019-07-23 06:39:02;13.87150693;13.87
2019-07-23 06:43:47;0.31398;0.31284;0.31336;0.3133933333;14.65677925;14.78562325;14.65;2019-07-23 06:39:02;13.88089083;13.87
2019-07-23 06:44:47;0.3137;0.31261;0.31331;0.3132066667;14.64797248;14.77681648;14.65;2019-07-23 06:39:02;13.87254959;13.87
2019-07-23 06:45:47;0.31377;0.31308;0.31331;0.3133866667;14.65646472;14.78530872;14.65;2019-07-23 06:39:02;13.88059293;13.87
2019-07-23 06:46:47;0.31389;0.31313;0.31307;0.3133633333;14.65536387;14.78420787;14.65;2019-07-23 06:39:02;13.87955027;13.87
2019-07-23 06:47:47;0.31327;0.31242;0.31291;0.3128666667;14.63193158;14.76077558;14.65;2019-07-23 06:39:02;13.85735662;13.87
2019-07-23 06:48:47;0.31259;0.31188;0.31238;0.3122833333;14.60441042;14.73325442;14.65;2019-07-23 06:39:02;13.83129025;13.87
2019-07-23 06:49:47;0.31247;0.31094;0.31203;0.3118133333;14.58223623;14.71108023;14.66;2019-07-23 06:49:03;13.80886262;13.88
2019-07-23 06:50:47;0.31198;0.3115;0.31154;0.3116733333;14.57563115;14.70447515;14.66;2019-07-23 06:49:03;13.80260733;13.88
2019-07-23 06:51:47;0.31238;0.31131;0.31187;0.3118533333;14.5841234;14.7129674;14.66;2019-07-23 06:49:03;13.81064985;13.88
2019-07-23 06:52:47;0.3121;0.3114;0.3117;0.3117333333;14.5784619;14.7073059;14.66;2019-07-23 06:49:03;13.80528817;13.88
2019-07-23 06:53:46;0.3122;0.31161;0.31137;0.3117266667;14.57814737;14.70699137;14.66;2019-07-23 06:49:03;13.8049903;13.88
2019-07-23 06:54:47;0.31196;0.31131;0.31142;0.3115633333;14.57044145;14.69928545;14.66;2019-07-23 06:49:03;13.79769246;13.88
2019-07-23 06:55:47;0.3126;0.31181;0.31196;0.3121233333;14.59686176;14.72570576;14.66;2019-07-23 06:49:03;13.82271362;13.88
2019-07-23 06:56:47;0.3125;0.31209;0.31159;0.31206;14.59387375;14.72271775;14.66;2019-07-23 06:49:03;13.81988384;13.88
2019-07-23 06:57:47;0.31312;0.3119;0.31159;0.3122033333;14.60063609;14.72948009;14.66;2019-07-23 06:49:03;13.82628807;13.88
2019-07-23 06:58:47;0.31326;0.31253;0.31235;0.3127133333;14.62469744;14.75354144;14.66;2019-07-23 06:49:03;13.84907519;13.88
2019-07-23 06:59:47;0.31348;0.31276;0.31235;0.3128633333;14.63177431;14.76061831;14.68;2019-07-23 06:59:02;13.8524752;13.9
2019-07-23 07:00:48;0.31385;0.3128;0.31294;0.3131966667;14.64750069;14.77634469;14.68;2019-07-23 06:59:02;13.86736523;13.9
2019-07-23 07:01:47;0.31306;0.31206;0.31274;0.31262;14.62029406;14.74913806;14.68;2019-07-23 06:59:02;13.84160548;13.9
2019-07-23 07:02:47;0.31316;0.31208;0.31218;0.3124733333;14.61337445;14.74221845;14.68;2019-07-23 06:59:02;13.83505387;13.9
2019-07-23 07:03:47;0.31329;0.31262;0.31228;0.31273;14.62548376;14.75432776;14.68;2019-07-23 06:59:02;13.84651919;13.9
2019-07-23 07:04:47;0.31316;0.3126;0.31273;0.31283;14.63020167;14.75904567;14.68;2019-07-23 06:59:02;13.8509862;13.9
2019-07-23 07:05:47;0.31333;0.31289;0.31258;0.3129333333;14.63507685;14.76392085;14.68;2019-07-23 06:59:02;13.85560211;13.9
2019-07-23 07:06:47;0.31368;0.31331;0.31279;0.31326;14.6504887;14.7793327;14.68;2019-07-23 06:59:02;13.87019434;13.9
2019-07-23 07:07:47;0.31613;0.31557;0.31572;0.3158066667;14.7706382;14.8994822;14.68;2019-07-23 06:59:02;13.98395414;13.9
2019-07-23 07:08:47;0.31586;0.31516;0.3158;0.3156066667;14.76120238;14.89004638;14.68;2019-07-23 06:59:02;13.97502012;13.9
2019-07-23 07:09:47;0.31571;0.3147;0.3149;0.3151033333;14.73745555;14.86629955;14.74;2019-07-23 07:09:02;13.95061324;13.95
2019-07-23 07:10:47;0.3144;0.31399;0.31416;0.3141833333;14.69405076;14.82289476;14.74;2019-07-23 07:09:02;13.90952238;13.95
2019-07-23 07:11:47;0.31474;0.31396;0.31419;0.3142966667;14.69939772;14.82824172;14.74;2019-07-23 07:09:02;13.91458429;13.95
2019-07-23 07:12:47;0.3146;0.31378;0.31419;0.31419;14.69436528;14.82320928;14.74;2019-07-23 07:09:02;13.90982014;13.95
2019-07-23 07:13:47;0.31463;0.31415;0.31356;0.3141133333;14.69074822;14.81959222;14.74;2019-07-23 07:09:02;13.9063959;13.95
2019-07-23 07:14:47;0.31461;0.31377;0.31398;0.31412;14.69106275;14.81990675;14.74;2019-07-23 07:09:02;13.90669366;13.95
2019-07-23 07:15:47;0.31463;0.31404;0.31398;0.3142166667;14.69562339;14.82446739;14.74;2019-07-23 07:09:02;13.91101118;13.95
2019-07-23 07:16:47;0.31467;0.31373;0.31376;0.3140533333;14.68791747;14.81676147;14.74;2019-07-23 07:09:02;13.90371606;13.95
2019-07-23 07:17:47;0.3145;0.31405;0.31365;0.3140666667;14.68854653;14.81739053;14.74;2019-07-23 07:09:02;13.90431158;13.95
2019-07-23 07:18:47;0.31486;0.31439;0.31388;0.3143766667;14.70317205;14.83201605;14.74;2019-07-23 07:09:02;13.91815741;13.95
2019-07-23 07:19:47;0.31456;0.31396;0.31388;0.3141333333;14.70880421;14.83764821;14.74;2019-07-23 07:19:02;13.91957091;13.95
2019-07-23 07:20:47;0.31457;0.31399;0.31388;0.3141466667;14.70943399;14.83827799;14.74;2019-07-23 07:19:02;13.92016696;13.95
2019-07-23 07:21:47;0.31476;0.31378;0.31381;0.3141166667;14.70801699;14.83686099;14.74;2019-07-23 07:19:02;13.91882586;13.95
2019-07-23 07:22:47;0.31519;0.3142;0.31475;0.3147133333;14.7361997;14.8650437;14.74;2019-07-23 07:19:02;13.9454987;13.95
2019-07-23 07:23:47;0.31515;0.31447;0.31428;0.3146333333;14.73242101;14.86126501;14.74;2019-07-23 07:19:02;13.94192245;13.95
2019-07-23 07:24:47;0.31507;0.31431;0.31428;0.3145533333;14.72864233;14.85748633;14.74;2019-07-23 07:19:02;13.93834621;13.95
2019-07-23 07:25:47;0.31481;0.31406;0.31428;0.3143833333;14.72061261;14.84945661;14.74;2019-07-23 07:19:02;13.93074668;13.95
2019-07-23 07:26:47;0.31411;0.31389;0.31349;0.31383;14.69447669;14.82332069;14.74;2019-07-23 07:19:02;13.90601098;13.95
2019-07-23 07:27:47;0.3143;0.31347;0.31335;0.3137066667;14.68865121;14.81749521;14.74;2019-07-23 07:19:02;13.9004976;13.95
2019-07-23 07:28:47;0.31425;0.31385;0.31335;0.3138166667;14.69384691;14.82269091;14.74;2019-07-23 07:19:02;13.90541494;13.95
2019-07-23 07:29:47;0.31395;0.31291;0.31333;0.3133966667;14.67400879;14.80285279;14.72;2019-07-23 07:29:02;13.88610593;13.93
2019-07-23 07:30:47;0.3142;0.31338;0.31308;0.3135533333;14.68140873;14.81025273;14.72;2019-07-23 07:29:02;13.89310915;13.93
2019-07-23 07:31:47;0.31369;0.31334;0.31285;0.3132933333;14.66912799;14.79797199;14.72;2019-07-23 07:29:02;13.88148679;13.93
2019-07-23 07:32:47;0.31391;0.31298;0.31285;0.3132466667;14.66692375;14.79576775;14.72;2019-07-23 07:29:02;13.87940073;13.93
2019-07-23 07:33:47;0.31337;0.31273;0.31248;0.31286;14.6486601;14.7775041;14.72;2019-07-23 07:29:02;13.8621162;13.93
2019-07-23 07:34:47;0.3136;0.31294;0.31258;0.31304;14.65716214;14.78600614;14.72;2019-07-23 07:29:02;13.87016245;13.93
2019-07-23 07:35:47;0.31356;0.31294;0.31324;0.3132466667;14.66692375;14.79576775;14.72;2019-07-23 07:29:02;13.87940073;13.93
2019-07-23 07:36:47;0.31375;0.31295;0.31264;0.3131133333;14.66062594;14.78946994;14.72;2019-07-23 07:29:02;13.87344055;13.93
2019-07-23 07:37:47;0.31341;0.31295;0.31271;0.3130233333;14.65637492;14.78521892;14.72;2019-07-23 07:29:02;13.86941742;13.93
2019-07-23 07:38:46;0.31355;0.31286;0.31252;0.3129766667;14.65417068;14.78301468;14.72;2019-07-23 07:29:02;13.86733136;13.93
2019-07-23 07:39:47;0.31345;0.31252;0.31232;0.3127633333;14.64409418;14.77293818;14.71;2019-07-23 07:39:02;13.85090591;13.91
2019-07-23 07:40:47;0.31311;0.31181;0.31215;0.3123566667;14.62488585;14.75372985;14.71;2019-07-23 07:39:02;13.83273631;13.91
2019-07-23 07:41:47;0.313;0.31207;0.31231;0.31246;14.62976666;14.75861066;14.71;2019-07-23 07:39:02;13.83735317;13.91
2019-07-23 07:42:47;0.31345;0.31239;0.31257;0.3128033333;14.64598353;14.77482753;14.71;2019-07-23 07:39:02;13.85269308;13.91
2019-07-23 07:43:47;0.31353;0.31317;0.31259;0.3130966667;14.65983871;14.78868271;14.71;2019-07-23 07:39:02;13.86579902;13.91
2019-07-23 07:44:47;0.31374;0.31279;0.31252;0.3130166667;14.65606003;14.78490403;14.71;2019-07-23 07:39:02;13.86222467;13.91
2019-07-23 07:45:47;0.31362;0.31312;0.31243;0.3130566667;14.65794937;14.78679337;14.71;2019-07-23 07:39:02;13.86401185;13.91
2019-07-23 07:46:47;0.31355;0.31282;0.3126;0.31299;14.65480046;14.78364446;14.71;2019-07-23 07:39:02;13.86103322;13.91
2019-07-23 07:47:47;0.31387;0.31294;0.3127;0.31317;14.66330251;14.79214651;14.71;2019-07-23 07:39:02;13.86907551;13.91
2019-07-23 07:48:47;0.31444;0.31355;0.31312;0.3137033333;14.68849377;14.81733777;14.71;2019-07-23 07:39:02;13.89290449;13.91
2019-07-23 07:49:47;0.31451;0.31349;0.31312;0.3137066667;14.68865121;14.81749521;14.72;2019-07-23 07:49:02;13.9007852;13.93
2019-07-23 07:50:47;0.31466;0.31396;0.31357;0.3140633333;14.70549786;14.83434186;14.72;2019-07-23 07:49:02;13.91672962;13.93
2019-07-23 07:51:47;0.31459;0.31383;0.31372;0.3140466667;14.70471063;14.83355463;14.72;2019-07-23 07:49:02;13.91598455;13.93
2019-07-23 07:52:46;0.31439;0.31383;0.31372;0.31398;14.70156173;14.83040573;14.72;2019-07-23 07:49:02;13.91300429;13.93
2019-07-23 07:53:47;0.31444;0.31366;0.3132;0.3137666667;14.69148523;14.82032923;14.72;2019-07-23 07:49:02;13.90346744;13.93
2019-07-23 07:54:47;0.31422;0.31325;0.31297;0.31348;14.67794493;14.80678893;14.72;2019-07-23 07:49:02;13.89065229;13.93
2019-07-23 07:55:47;0.31388;0.31322;0.31341;0.3135033333;14.67904705;14.80789105;14.72;2019-07-23 07:49:02;13.89169538;13.93
2019-07-23 07:56:47;0.31402;0.31335;0.31279;0.3133866667;14.67353646;14.80238046;14.72;2019-07-23 07:49:02;13.88647992;13.93
2019-07-23 07:57:47;0.31395;0.31316;0.31286;0.3133233333;14.670545;14.799389;14.72;2019-07-23 07:49:02;13.88364867;13.93
2019-07-23 07:58:47;0.31421;0.313;0.31281;0.31334;14.67133222;14.80017622;14.72;2019-07-23 07:49:02;13.88439373;13.93
2019-07-23 07:59:47;0.31403;0.31318;0.31281;0.31334;14.67133222;14.80017622;14.7;2019-07-23 07:59:02;13.88150336;13.91
2019-07-23 08:00:47;0.31368;0.31303;0.31263;0.3131133333;14.66062594;14.78946994;14.7;2019-07-23 07:59:02;13.87137255;13.91
2019-07-23 08:01:47;0.31392;0.31272;0.31249;0.3130433333;14.65731959;14.78616359;14.7;2019-07-23 07:59:02;13.86824391;13.91
2019-07-23 08:02:47;0.31426;0.313;0.313;0.31342;14.67511091;14.80395491;14.7;2019-07-23 07:59:02;13.88507894;13.91
2019-07-23 08:03:47;0.31396;0.31347;0.31329;0.3135733333;14.6823534;14.8111974;14.7;2019-07-23 07:59:02;13.89193214;13.91
2019-07-23 08:04:47;0.31371;0.31321;0.31297;0.3132966667;14.66928543;14.79812943;14.7;2019-07-23 07:59:02;13.87956659;13.91
2019-07-23 08:05:47;0.31372;0.31292;0.31266;0.3131;14.65999616;14.78884016;14.7;2019-07-23 07:59:02;13.87077662;13.91
2019-07-23 08:06:47;0.31333;0.31283;0.31259;0.3129166667;14.65133667;14.78018067;14.7;2019-07-23 07:59:02;13.86258258;13.91
2019-07-23 08:07:47;0.31341;0.31268;0.31213;0.31274;14.64299206;14.77183606;14.7;2019-07-23 07:59:02;13.8546865;13.91
2019-07-23 08:08:47;0.31369;0.31263;0.3125;0.31294;14.65243878;14.78128278;14.7;2019-07-23 07:59:02;13.86362545;13.91
2019-07-23 08:09:47;0.3133;0.31274;0.31254;0.31286;14.6486601;14.7775041;14.7;2019-07-23 08:09:02;13.86134093;13.91
2019-07-23 08:10:47;0.31351;0.31282;0.31257;0.3129666667;14.65369835;14.78254235;14.7;2019-07-23 08:09:02;13.86610882;13.91
2019-07-23 08:11:47;0.31358;0.31312;0.31268;0.3131266667;14.66125572;14.79009972;14.7;2019-07-23 08:09:02;13.87326064;13.91
2019-07-23 08:12:47;0.31369;0.31281;0.31282;0.3131066667;14.66031105;14.78915505;14.7;2019-07-23 08:09:02;13.87236666;13.91
2019-07-23 08:13:47;0.31374;0.31314;0.3126;0.31316;14.66283018;14.79167418;14.7;2019-07-23 08:09:02;13.8747506;13.91
2019-07-23 08:14:47;0.31377;0.31365;0.3131;0.3135066667;14.67920449;14.80804849;14.7;2019-07-23 08:09:02;13.89024622;13.91
2019-07-23 08:15:47;0.31423;0.31356;0.313;0.3135966667;14.68345551;14.81229951;14.7;2019-07-23 08:09:02;13.89426912;13.91
2019-07-23 08:16:47;0.31422;0.31375;0.31309;0.3136866667;14.68770654;14.81655054;14.7;2019-07-23 08:09:02;13.89829202;13.91
2019-07-23 08:17:47;0.31432;0.31384;0.31319;0.3137833333;14.69227245;14.82111645;14.7;2019-07-23 08:09:02;13.90261291;13.91
2019-07-23 08:18:47;0.31435;0.31381;0.31319;0.3137833333;14.69227245;14.82111645;14.7;2019-07-23 08:09:02;13.90261291;13.91
2019-07-23 08:19:47;0.31401;0.31321;0.31279;0.3133366667;14.66456494;14.79340894;14.72;2019-07-23 08:19:02;13.88114325;13.93
2019-07-23 08:20:47;0.31433;0.31321;0.31266;0.3134;14.66755507;14.79639907;14.72;2019-07-23 08:19:02;13.88397387;13.93
2019-07-23 08:21:47;0.31401;0.31335;0.31336;0.3135733333;14.67573857;14.80458257;14.72;2019-07-23 08:19:02;13.89172085;13.93
2019-07-23 08:22:47;0.31387;0.3131;0.31286;0.3132766667;14.66173219;14.79057619;14.72;2019-07-23 08:19:02;13.8784616;13.93
2019-07-23 08:23:47;0.31388;0.31346;0.31271;0.31335;14.66519444;14.79403844;14.72;2019-07-23 08:19:02;13.88173917;13.93
2019-07-23 08:24:47;0.31387;0.31315;0.31271;0.3132433333;14.66015844;14.78900244;14.72;2019-07-23 08:19:02;13.8769718;13.93
2019-07-23 08:25:47;0.31378;0.31291;0.31271;0.3131333333;14.65496507;14.78380907;14.72;2019-07-23 08:19:02;13.87205545;13.93
2019-07-23 08:26:47;0.31359;0.31245;0.31238;0.3128066667;14.63954231;14.76838631;14.72;2019-07-23 08:19:02;13.85745538;13.93
2019-07-23 08:27:47;0.3135;0.3129;0.31243;0.3129433333;14.64599469;14.77483869;14.72;2019-07-23 08:19:02;13.86356357;13.93
2019-07-23 08:28:47;0.31285;0.31162;0.31183;0.3121;14.60617881;14.73502281;14.72;2019-07-23 08:19:02;13.82587155;13.93
2019-07-23 08:29:47;0.3125;0.31125;0.31162;0.31179;14.59154293;14.72038693;14.65;2019-07-23 08:29:02;13.81263986;13.87
2019-07-23 08:30:47;0.31275;0.31174;0.31136;0.31195;14.59909693;14.72794093;14.65;2019-07-23 08:29:02;13.81979124;13.87
2019-07-23 08:31:47;0.31228;0.3112;0.31131;0.3115966667;14.58241518;14.71125918;14.65;2019-07-23 08:29:02;13.80399862;13.87
2019-07-23 08:32:47;0.31233;0.31154;0.31123;0.3117;14.58729381;14.71613781;14.65;2019-07-23 08:29:02;13.80861722;13.87
2019-07-23 08:33:47;0.31252;0.31136;0.31123;0.3117033333;14.58745118;14.71629518;14.65;2019-07-23 08:29:02;13.8087662;13.87
2019-07-23 08:34:47;0.3126;0.3118;0.31165;0.3120166667;14.60224444;14.73108844;14.65;2019-07-23 08:29:02;13.82277098;13.87
2019-07-23 08:35:47;0.31277;0.31154;0.31166;0.31199;14.60098543;14.72982943;14.65;2019-07-23 08:29:02;13.82157908;13.87
2019-07-23 08:36:47;0.31233;0.31137;0.31167;0.31179;14.59154293;14.72038693;14.65;2019-07-23 08:29:02;13.81263986;13.87
2019-07-23 08:37:47;0.31247;0.31091;0.31128;0.3115533333;14.58036931;14.70921331;14.65;2019-07-23 08:29:02;13.80206179;13.87
2019-07-23 08:38:47;0.31198;0.311;0.31128;0.31142;14.57407431;14.70291831;14.65;2019-07-23 08:29:02;13.79610231;13.87
2019-07-23 08:39:47;0.31297;0.31163;0.31255;0.3123833333;14.61955569;14.74839969;14.63;2019-07-23 08:39:02;13.83276553;13.84
2019-07-23 08:40:47;0.31313;0.31197;0.31255;0.31255;14.62742444;14.75626844;14.63;2019-07-23 08:39:02;13.84021146;13.84
2019-07-23 08:41:47;0.31212;0.311;0.31201;0.31171;14.58776593;14.71660993;14.63;2019-07-23 08:39:02;13.80268394;13.84
2019-07-23 08:42:47;0.31227;0.31124;0.31153;0.31168;14.58634956;14.71519356;14.63;2019-07-23 08:39:02;13.80134367;13.84
2019-07-23 08:43:47;0.31224;0.31111;0.31116;0.3115033333;14.57800868;14.70685268;14.63;2019-07-23 08:39:02;13.79345098;13.84
2019-07-23 08:44:47;0.31244;0.31115;0.31116;0.3115833333;14.58178568;14.71062968;14.63;2019-07-23 08:39:02;13.79702503;13.84
2019-07-23 08:45:47;0.31239;0.31153;0.31186;0.3119266667;14.59799531;14.72683931;14.63;2019-07-23 08:39:02;13.81236366;13.84
2019-07-23 08:46:47;0.31258;0.31174;0.31217;0.3121633333;14.60916894;14.73801294;14.63;2019-07-23 08:39:02;13.82293689;13.84
2019-07-23 08:47:47;0.31228;0.31138;0.31164;0.3117666667;14.59044131;14.71928531;14.63;2019-07-23 08:39:02;13.80521556;13.84
2019-07-23 08:48:47;0.31212;0.31134;0.31158;0.31168;14.58634956;14.71519356;14.63;2019-07-23 08:39:02;13.80134367;13.84
2019-07-23 08:49:47;0.31251;0.31134;0.31185;0.3119;14.59673631;14.72558031;14.64;2019-07-23 08:49:02;13.81049274;13.85
2019-07-23 08:50:47;0.3129;0.31147;0.31191;0.3120933333;14.60586406;14.73470806;14.64;2019-07-23 08:49:02;13.81912961;13.85
2019-07-23 08:51:47;0.31276;0.3118;0.31239;0.3123166667;14.61640819;14.74525219;14.64;2019-07-23 08:49:02;13.82910668;13.85
2019-07-23 08:52:47;0.31216;0.31109;0.31123;0.3114933333;14.57753656;14.70638056;14.64;2019-07-23 08:49:02;13.79232554;13.85
2019-07-23 08:53:47;0.31237;0.31152;0.31165;0.3118466667;14.59421831;14.72306231;14.64;2019-07-23 08:49:02;13.80811016;13.85
2019-07-23 08:54:47;0.31234;0.31152;0.31155;0.3118033333;14.59217243;14.72101643;14.64;2019-07-23 08:49:02;13.80617431;13.85
2019-07-23 08:55:47;0.31212;0.3114;0.31155;0.31169;14.58682168;14.71566568;14.64;2019-07-23 08:49:02;13.80111132;13.85
2019-07-23 08:56:55;0.31113;0.31056;0.31066;0.3107833333;14.54401568;14.67285968;14.64;2019-07-23 08:49:02;13.76060739;13.85
2019-07-23 08:57:47;0.31114;0.30978;0.31;0.3103066667;14.52151105;14.65035505;14.64;2019-07-23 08:49:02;13.73931305;13.85
2019-07-23 08:58:47;0.31083;0.31011;0.31021;0.3103833333;14.52513068;14.65397468;14.64;2019-07-23 08:49:02;13.74273801;13.85
2019-07-23 08:59:47;0.31165;0.31124;0.311;0.3112966667;14.56825143;14.69709543;14.6;2019-07-23 08:59:02;13.78758535;13.82
2019-07-23 09:00:47;0.31185;0.31088;0.31134;0.3113566667;14.57108418;14.69992818;14.6;2019-07-23 08:59:02;13.79026654;13.82
2019-07-23 09:01:47;0.31143;0.31091;0.31113;0.3111566667;14.56164168;14.69048568;14.6;2019-07-23 08:59:02;13.78132925;13.82
2019-07-23 09:02:47;0.31185;0.31094;0.31159;0.31146;14.57596281;14.70480681;14.6;2019-07-23 08:59:02;13.79488413;13.82
2019-07-23 09:03:47;0.31108;0.3103;0.31031;0.3105633333;14.53362893;14.66247293;14.6;2019-07-23 08:59:02;13.75481529;13.82
2019-07-23 09:04:47;0.31103;0.31026;0.3106;0.31063;14.53677643;14.66562043;14.6;2019-07-23 08:59:02;13.75779439;13.82
2019-07-23 09:05:47;0.31161;0.31097;0.31091;0.3111633333;14.56195643;14.69080043;14.6;2019-07-23 08:59:02;13.78162716;13.82
2019-07-23 09:06:47;0.31148;0.3107;0.3105;0.3108933333;14.54920905;14.67805305;14.6;2019-07-23 08:59:02;13.76956182;13.82
2019-07-23 09:07:47;0.31121;0.31073;0.3105;0.3108133333;14.54543205;14.67427605;14.6;2019-07-23 08:59:02;13.7659869;13.82
2019-07-23 09:08:47;0.31117;0.31044;0.31041;0.3106733333;14.5388223;14.6676663;14.6;2019-07-23 08:59:02;13.7597308;13.82
2019-07-23 09:09:47;0.31099;0.31056;0.31041;0.3106533333;14.54374785;14.67259185;14.61;2019-07-23 09:09:02;13.76322807;13.83
2019-07-23 09:10:47;0.3112;0.31073;0.31069;0.3108733333;14.55413876;14.68298276;14.61;2019-07-23 09:09:02;13.77306219;13.83
2019-07-23 09:11:47;0.31089;0.31043;0.31029;0.3105366667;14.53823752;14.66708152;14.61;2019-07-23 09:09:02;13.758013;13.83
2019-07-23 09:12:47;0.31079;0.30984;0.31011;0.3102466667;14.52454041;14.65338441;14.61;2019-07-23 09:09:02;13.74504983;13.83
2019-07-23 09:13:47;0.31029;0.30908;0.3095;0.3096233333;14.49509951;14.62394351;14.61;2019-07-23 09:09:02;13.71718647;13.83
2019-07-23 09:14:47;0.31066;0.30946;0.31005;0.3100566667;14.51556645;14.64441045;14.61;2019-07-23 09:09:02;13.73655672;13.83
2019-07-23 09:15:47;0.31044;0.30961;0.30977;0.30994;14.51005612;14.63890012;14.61;2019-07-23 09:09:02;13.73134166;13.83
2019-07-23 09:16:47;0.31074;0.30975;0.30977;0.3100866667;14.51698339;14.64582739;14.61;2019-07-23 09:09:02;13.73789774;13.83
2019-07-23 09:17:47;0.31068;0.31004;0.30967;0.31013;14.51903008;14.64787408;14.61;2019-07-23 09:09:02;13.73983477;13.83
2019-07-23 09:18:47;0.31052;0.31004;0.30966;0.3100733333;14.51635364;14.64519764;14.61;2019-07-23 09:09:02;13.73730173;13.83
2019-07-23 09:19:47;0.31102;0.30995;0.30966;0.31021;14.52280859;14.65165259;14.59;2019-07-23 09:19:02;13.74470974;13.81
2019-07-23 09:20:47;0.3117;0.31105;0.3106;0.3111166667;14.56563173;14.69447573;14.59;2019-07-23 09:19:02;13.78524205;13.81
2019-07-23 09:21:47;0.31167;0.31115;0.3106;0.31114;14.5667338;14.6955778;14.59;2019-07-23 09:19:02;13.78628517;13.81
2019-07-23 09:22:47;0.3119;0.31118;0.31138;0.3114866667;14.58310735;14.71195135;14.59;2019-07-23 09:19:02;13.80178282;13.81
2019-07-23 09:23:47;0.31156;0.3108;0.3104;0.31092;14.55634289;14.68518689;14.59;2019-07-23 09:19:02;13.77645012;13.81
2019-07-23 09:24:47;0.3115;0.31099;0.3104;0.3109633333;14.55838958;14.68723358;14.59;2019-07-23 09:19:02;13.77838732;13.81
2019-07-23 09:25:47;0.31113;0.31093;0.3104;0.31082;14.55161975;14.68046375;14.59;2019-07-23 09:19:02;13.77197964;13.81
2019-07-23 09:26:47;0.31112;0.31093;0.31025;0.3107666667;14.54910074;14.67794474;14.59;2019-07-23 09:19:02;13.76959539;13.81
2019-07-23 09:27:58;0.31123;0.31045;0.31025;0.3106433333;14.54327553;14.67211953;14.59;2019-07-23 09:19:02;13.7640818;13.81
2019-07-23 09:28:47;0.31099;0.31046;0.31033;0.3105933333;14.54091396;14.66975796;14.59;2019-07-23 09:19:02;13.76184656;13.81
2019-07-23 09:29:47;0.31124;0.31054;0.3101;0.3106266667;14.54248834;14.67133234;14.61;2019-07-23 09:29:02;13.76718744;13.83
2019-07-23 09:30:47;0.31163;0.31129;0.31126;0.3113933333;14.57869908;14.70754308;14.61;2019-07-23 09:29:02;13.8014706;13.83
2019-07-23 09:31:47;0.31165;0.31115;0.31133;0.3113766667;14.57791189;14.70675589;14.61;2019-07-23 09:29:02;13.80072531;13.83
2019-07-23 09:32:47;0.31128;0.31069;0.31139;0.31112;14.56578917;14.69463317;14.61;2019-07-23 09:29:02;13.78924791;13.83
2019-07-23 09:33:47;0.31129;0.31072;0.31028;0.3107633333;14.5489433;14.6777873;14.61;2019-07-23 09:29:02;13.77329879;13.83
2019-07-23 09:34:47;0.31159;0.31095;0.31046;0.311;14.5601214;14.6889654;14.61;2019-07-23 09:29:02;13.78388185;13.83
2019-07-23 09:35:47;0.31244;0.31183;0.31072;0.3116633333;14.59145156;14.72029556;14.61;2019-07-23 09:29:02;13.81354423;13.83
2019-07-23 09:36:48;0.31242;0.31181;0.31072;0.31165;14.59082181;14.71966581;14.61;2019-07-23 09:29:02;13.81294801;13.83
2019-07-23 09:37:47;0.31165;0.31171;0.31143;0.3115966667;14.5883028;14.7171468;14.61;2019-07-23 09:29:02;13.81056309;13.83
2019-07-23 09:38:47;0.31192;0.31109;0.31072;0.3112433333;14.57161437;14.70045837;14.61;2019-07-23 09:29:02;13.79476303;13.83
2019-07-23 09:39:47;0.31174;0.31109;0.31145;0.3114266667;14.58027346;14.70911746;14.63;2019-07-23 09:39:02;13.80438087;13.85
2019-07-23 09:40:47;0.31151;0.31097;0.31064;0.31104;14.56201066;14.69085466;14.63;2019-07-23 09:39:02;13.78708847;13.85
2019-07-23 09:41:47;0.31174;0.31094;0.31144;0.3113733333;14.57775446;14.70659846;14.63;2019-07-23 09:39:02;13.80199571;13.85
2019-07-23 09:42:47;0.31188;0.31143;0.31145;0.3115866667;14.58783049;14.71667449;14.63;2019-07-23 09:39:02;13.81153634;13.85
2019-07-23 09:43:47;0.31238;0.31143;0.31152;0.3117766667;14.59680445;14.72564845;14.63;2019-07-23 09:39:02;13.82003347;13.85
2019-07-23 09:44:47;0.31274;0.31168;0.31198;0.3121333333;14.61365032;14.74249432;14.63;2019-07-23 09:39:02;13.83598421;13.85
2019-07-23 09:45:47;0.31254;0.31187;0.31148;0.3119633333;14.60562098;14.73446498;14.63;2019-07-23 09:39:02;13.82838152;13.85
2019-07-23 09:46:47;0.31274;0.31195;0.31212;0.31227;14.62010528;14.74894928;14.63;2019-07-23 09:39:02;13.84209618;13.85
2019-07-23 09:47:47;0.31234;0.31197;0.31125;0.3118533333;14.60042553;14.72926953;14.63;2019-07-23 09:39:02;13.82346213;13.85
2019-07-23 09:48:47;0.3122;0.31131;0.31094;0.3114833333;14.58294991;14.71179391;14.63;2019-07-23 09:39:02;13.8069151;13.85
2019-07-23 09:49:47;0.3124;0.31139;0.31096;0.3115833333;14.58767305;14.71651705;14.64;2019-07-23 09:49:02;13.81276056;13.86
2019-07-23 09:50:47;0.31243;0.31184;0.31092;0.31173;14.59460032;14.72344432;14.64;2019-07-23 09:49:02;13.8193204;13.86
2019-07-23 09:51:48;0.31213;0.31178;0.31094;0.3116166667;14.58924743;14.71809143;14.64;2019-07-23 09:49:02;13.81425143;13.86
2019-07-23 09:52:47;0.31201;0.31178;0.31141;0.3117333333;14.59475776;14.72360176;14.64;2019-07-23 09:49:02;13.81946948;13.86
2019-07-23 09:53:47;0.31211;0.31178;0.31101;0.3116333333;14.59003462;14.71887862;14.64;2019-07-23 09:49:02;13.81499687;13.86
2019-07-23 09:54:47;0.31218;0.31133;0.31086;0.3114566667;14.58169041;14.71053441;14.64;2019-07-23 09:49:02;13.80709525;13.86
2019-07-23 09:55:47;0.31214;0.31083;0.31086;0.3112766667;14.57318875;14.70203275;14.64;2019-07-23 09:49:02;13.79904455;13.86
2019-07-23 09:56:47;0.31274;0.31143;0.31173;0.3119666667;14.60577842;14.73462242;14.64;2019-07-23 09:49:02;13.82990558;13.86
2019-07-23 09:57:47;0.31277;0.31193;0.31148;0.31206;14.61018668;14.73903068;14.64;2019-07-23 09:49:02;13.83408002;13.86
2019-07-23 09:58:47;0.31253;0.31197;0.31147;0.31199;14.60688049;14.73572449;14.64;2019-07-23 09:49:02;13.83094919;13.86
2019-07-23 09:59:47;0.3126;0.31193;0.31123;0.31192;14.60357429;14.73241829;14.65;2019-07-23 09:59:02;13.82203368;13.87
2019-07-23 10:00:47;0.31274;0.31201;0.31219;0.3123133333;14.62215197;14.75099597;14.65;2019-07-23 09:59:02;13.83961867;13.87
2019-07-23 10:01:47;0.31283;0.31216;0.31229;0.3124266667;14.62750486;14.75634886;14.65;2019-07-23 09:59:02;13.84468552;13.87
2019-07-23 10:02:47;0.31263;0.31215;0.312;0.31226;14.61963296;14.74847696;14.65;2019-07-23 09:59:02;13.83723426;13.87
2019-07-23 10:03:47;0.31268;0.31197;0.312;0.3122166667;14.61758627;14.74643027;14.65;2019-07-23 09:59:02;13.83529693;13.87
2019-07-23 10:04:47;0.31281;0.31202;0.312;0.3122766667;14.62042015;14.74926415;14.65;2019-07-23 09:59:02;13.83797939;13.87
2019-07-23 10:05:47;0.31295;0.31224;0.3125;0.3125633333;14.63395982;14.76280382;14.65;2019-07-23 09:59:02;13.85079556;13.87
2019-07-23 10:06:47;0.31254;0.31197;0.312;0.31217;14.61538214;14.74422614;14.65;2019-07-23 09:59:02;13.83321058;13.87
2019-07-23 10:07:47;0.3125;0.31198;0.312;0.31216;14.61490982;14.74375382;14.65;2019-07-23 09:59:02;13.8327635;13.87
2019-07-23 10:08:47;0.3124;0.31183;0.31125;0.3118266667;14.59916602;14.72801002;14.65;2019-07-23 09:59:02;13.81786098;13.87
2019-07-23 10:09:47;0.31219;0.31147;0.31093;0.31153;14.60870727;14.73755127;14.67;2019-07-23 10:09:04;13.81017445;13.87
2019-07-23 10:10:47;0.31218;0.31174;0.31094;0.31162;14.6129649;14.7418089;14.67;2019-07-23 10:09:04;13.81419974;13.87
2019-07-23 10:11:47;0.31225;0.31174;0.31094;0.3116433333;14.61406873;14.74291273;14.67;2019-07-23 10:09:04;13.81524334;13.87
2019-07-23 10:12:47;0.31184;0.31174;0.31094;0.3115066667;14.60760344;14.73644744;14.67;2019-07-23 10:09:04;13.80913086;13.87
2019-07-23 10:13:47;0.31176;0.31174;0.31076;0.31142;14.6035035;14.7323475;14.67;2019-07-23 10:09:04;13.80525465;13.87
2019-07-23 10:14:47;0.31161;0.31138;0.31076;0.31125;14.59546131;14.72430531;14.67;2019-07-23 10:09:04;13.79765131;13.87
2019-07-23 10:15:47;0.31121;0.3111;0.31093;0.31108;14.58741912;14.71626312;14.67;2019-07-23 10:09:04;13.79004798;13.87
2019-07-23 10:16:47;0.31086;0.30993;0.31023;0.31034;14.55241193;14.68125593;14.67;2019-07-23 10:09:04;13.75695113;13.87
2019-07-23 10:17:47;0.31085;0.31014;0.30979;0.31026;14.54862737;14.67747137;14.67;2019-07-23 10:09:04;13.75337309;13.87
2019-07-23 10:18:47;0.31087;0.31047;0.30979;0.3103766667;14.55414652;14.68299052;14.67;2019-07-23 10:09:04;13.75859106;13.87
2019-07-23 10:19:47;0.31087;0.31046;0.30984;0.31039;14.55477728;14.68362128;14.62;2019-07-23 10:19:03;13.75969369;13.82
2019-07-23 10:21:47;0.31107;0.31058;0.30982;0.31049;14.55950798;14.68835198;14.62;2019-07-23 10:19:03;13.7641664;13.82
2019-07-23 10:22:47;0.31134;0.31056;0.30982;0.3105733333;14.56345023;14.69229423;14.62;2019-07-23 10:19:03;13.76789366;13.82
2019-07-23 10:23:47;0.31123;0.31095;0.3103;0.3108266667;14.57543467;14.70427867;14.62;2019-07-23 10:19:03;13.77922453;13.82
2019-07-23 10:24:47;0.31168;0.31081;0.3103;0.31093;14.58032306;14.70916706;14.62;2019-07-23 10:19:03;13.78384633;13.82
2019-07-23 10:25:47;0.31151;0.31081;0.3103;0.3108733333;14.57764233;14.70648633;14.62;2019-07-23 10:19:03;13.78131179;13.82
2019-07-23 10:26:46;0.31138;0.31091;0.31064;0.3109766667;14.58253072;14.71137472;14.62;2019-07-23 10:19:03;13.78593359;13.82
2019-07-23 10:27:47;0.31148;0.3108;0.3105;0.3109266667;14.58016537;14.70900937;14.62;2019-07-23 10:19:03;13.78369724;13.82
2019-07-23 10:28:47;0.31157;0.3108;0.3105;0.3109566667;14.58158458;14.71042858;14.62;2019-07-23 10:19:03;13.78503905;13.82
2019-07-23 10:29:47;0.31133;0.31091;0.3105;0.3109133333;14.57953461;14.70837861;14.65;2019-07-23 10:29:03;13.78729827;13.85
2019-07-23 10:30:47;0.31125;0.31073;0.31051;0.31083;14.57559236;14.70443636;14.65;2019-07-23 10:29:03;13.78356988;13.85
2019-07-23 10:31:55;0.31141;0.31069;0.31051;0.31087;14.57748464;14.70632864;14.65;2019-07-23 10:29:03;13.78535951;13.85
2019-07-23 10:32:47;0.31109;0.31066;0.31051;0.3107533333;14.57196549;14.70080949;14.65;2019-07-23 10:29:03;13.78013977;13.85
2019-07-23 10:33:46;0.31081;0.30997;0.30982;0.3102;14.54578895;14.67463295;14.65;2019-07-23 10:29:03;13.7553833;13.85
2019-07-23 10:34:47;0.31051;0.30993;0.3097;0.3100466667;14.53853521;14.66737921;14.65;2019-07-23 10:29:03;13.74852307;13.85
2019-07-23 10:35:47;0.31065;0.30993;0.3097;0.3100933333;14.54074287;14.66958687;14.65;2019-07-23 10:29:03;13.75061096;13.85
2019-07-23 10:36:47;0.31054;0.30985;0.3097;0.31003;14.53774676;14.66659076;14.65;2019-07-23 10:29:03;13.74777739;13.85
2019-07-23 10:37:47;0.31022;0.30956;0.30925;0.3096766667;14.52103162;14.64987562;14.65;2019-07-23 10:29:03;13.73196904;13.85
2019-07-23 10:38:47;0.31055;0.30971;0.30913;0.3097966667;14.52670846;14.65555246;14.65;2019-07-23 10:29:03;13.73733792;13.85
2019-07-23 10:39:47;0.31043;0.30959;0.3092;0.30974;14.52402773;14.65287173;14.6;2019-07-23 10:39:02;13.73144625;13.8
2019-07-23 10:40:47;0.31042;0.30959;0.3092;0.3097366667;14.52387004;14.65271404;14.6;2019-07-23 10:39:02;13.73129715;13.8
2019-07-23 10:41:47;0.31033;0.3096;0.3092;0.30971;14.52260852;14.65145252;14.6;2019-07-23 10:39:02;13.73010436;13.8
2019-07-23 10:42:47;0.3101;0.30985;0.30926;0.3097366667;14.52387004;14.65271404;14.6;2019-07-23 10:39:02;13.73129715;13.8
2019-07-23 10:43:47;0.30978;0.30965;0.30889;0.30944;14.50983563;14.63867963;14.6;2019-07-23 10:39:02;13.71802732;13.8
2019-07-23 10:44:47;0.30951;0.30883;0.3093;0.3092133333;14.49911271;14.62795671;14.6;2019-07-23 10:39:02;13.70788857;13.8
2019-07-23 10:45:47;0.3098;0.30891;0.30925;0.30932;14.50415879;14.63300279;14.6;2019-07-23 10:39:02;13.71265974;13.8
2019-07-23 10:46:47;0.31064;0.30943;0.30923;0.3097666667;14.52528925;14.65413325;14.6;2019-07-23 10:39:02;13.73263904;13.8
2019-07-23 10:47:47;0.31033;0.30978;0.30954;0.3098833333;14.5308084;14.6596524;14.6;2019-07-23 10:39:02;13.73785752;13.8
2019-07-23 10:48:47;0.3104;0.30959;0.30954;0.3098433333;14.52891612;14.65776012;14.6;2019-07-23 10:39:02;13.73606833;13.8
2019-07-23 10:49:47;0.31035;0.30967;0.3095;0.30984;14.52875843;14.65760243;14.6;2019-07-23 10:49:03;13.73462133;13.8
2019-07-23 10:50:47;0.31026;0.30968;0.30934;0.30976;14.52497387;14.65381787;14.6;2019-07-23 10:49:03;13.73104328;13.8
2019-07-23 10:51:46;0.3097;0.30933;0.30878;0.30927;14.50179344;14.63063744;14.6;2019-07-23 10:49:03;13.70912774;13.8
2019-07-23 10:52:47;0.30898;0.30859;0.30839;0.3086533333;14.47262078;14.60146478;14.6;2019-07-23 10:49:03;13.68154696;13.8
2019-07-23 10:54:47;0.31054;0.3095;0.31;0.3100133333;14.53695831;14.66580231;14.6;2019-07-23 10:49:03;13.74237376;13.8
2019-07-23 10:55:47;0.31092;0.30935;0.30951;0.3099266667;14.53285837;14.66170237;14.6;2019-07-23 10:49:03;13.73849755;13.8
2019-07-23 10:56:47;0.31163;0.31087;0.31004;0.3108466667;14.57638081;14.70522481;14.6;2019-07-23 10:49:03;13.77964509;13.8
2019-07-23 10:57:47;0.31191;0.31067;0.31083;0.3111366667;14.59009985;14.71894385;14.6;2019-07-23 10:49:03;13.79261551;13.8
2019-07-23 10:58:47;0.3125;0.3113;0.31068;0.3114933333;14.60697268;14.73581668;14.6;2019-07-23 10:49:03;13.80856763;13.8
2019-07-23 10:59:47;0.31175;0.31154;0.31069;0.3113266667;14.57916016;14.70800416;14.65;2019-07-23 10:59:03;13.80471432;13.87
2019-07-23 11:00:47;0.31196;0.31208;0.31127;0.31177;14.60010455;14.72894855;14.65;2019-07-23 10:59:03;13.8245478;13.87
2019-07-23 11:01:47;0.31312;0.3129;0.31274;0.31292;14.654434;14.783278;14.65;2019-07-23 10:59:03;13.87599552;13.87
2019-07-23 11:02:47;0.31323;0.31231;0.31215;0.3125633333;14.63758399;14.76642799;14.65;2019-07-23 10:59:03;13.86003927;13.87
2019-07-23 11:03:47;0.3132;0.3124;0.31197;0.3125233333;14.63569427;14.76453827;14.65;2019-07-23 10:59:03;13.85824979;13.87
2019-07-23 11:04:47;0.31258;0.31233;0.31158;0.3121633333;14.6186868;14.7475308;14.65;2019-07-23 10:59:03;13.84214441;13.87
2019-07-23 11:05:47;0.31326;0.31172;0.31207;0.31235;14.62750549;14.75634949;14.65;2019-07-23 10:59:03;13.85049535;13.87
2019-07-23 11:06:47;0.31349;0.31275;0.31214;0.3127933333;14.64844988;14.77729388;14.65;2019-07-23 10:59:03;13.87032882;13.87
2019-07-23 11:07:47;0.31376;0.31334;0.31263;0.3132433333;14.66970923;14.79855323;14.65;2019-07-23 10:59:03;13.89046054;13.87
2019-07-23 11:08:47;0.31341;0.31294;0.31263;0.3129933333;14.65789848;14.78674248;14.65;2019-07-23 10:59:03;13.87927625;13.87
2019-07-23 11:09:47;0.3134;0.31258;0.3123;0.31276;14.64687512;14.77571912;14.68;2019-07-23 11:09:03;13.86051176;13.89
2019-07-23 11:10:47;0.31343;0.31274;0.31223;0.3128;14.64876484;14.77760884;14.68;2019-07-23 11:09:03;13.86230018;13.89
2019-07-23 11:11:47;0.31349;0.31274;0.3121;0.3127766667;14.6476625;14.7765065;14.68;2019-07-23 11:09:03;13.86125694;13.89
2019-07-23 11:12:47;0.31348;0.31334;0.31246;0.3130933333;14.66262278;14.79146678;14.68;2019-07-23 11:09:03;13.87541527;13.89
2019-07-23 11:13:46;0.3133;0.3128;0.31189;0.3126633333;14.64230829;14.77115229;14.68;2019-07-23 11:09:03;13.85618974;13.89
2019-07-23 11:14:47;0.31316;0.31261;0.31194;0.31257;14.63789895;14.76674295;14.68;2019-07-23 11:09:03;13.85201676;13.89
2019-07-23 11:15:47;0.31329;0.31276;0.31194;0.3126633333;14.64230829;14.77115229;14.68;2019-07-23 11:09:03;13.85618974;13.89
2019-07-23 11:16:47;0.31341;0.31263;0.31207;0.3127033333;14.64419801;14.77304201;14.68;2019-07-23 11:09:03;13.85797817;13.89
2019-07-23 11:17:47;0.31331;0.31278;0.31298;0.3130233333;14.65931577;14.78815977;14.68;2019-07-23 11:09:03;13.87228554;13.89
2019-07-23 11:18:47;0.31326;0.31253;0.31228;0.31269;14.64356811;14.77241211;14.68;2019-07-23 11:09:03;13.85738203;13.89
2019-07-23 11:19:47;0.31282;0.31252;0.3122;0.3125133333;14.63522184;14.76406584;14.67;2019-07-23 11:19:03;13.85544176;13.89
2019-07-23 11:20:47;0.31304;0.31206;0.31163;0.3122433333;14.62246624;14.75131024;14.67;2019-07-23 11:19:03;13.84336477;13.89
2019-07-23 11:21:47;0.31277;0.31217;0.31146;0.3121333333;14.61726951;14.74611351;14.67;2019-07-23 11:19:03;13.83844451;13.89
2019-07-23 11:22:47;0.31271;0.31217;0.31163;0.31217;14.61900175;14.74784575;14.67;2019-07-23 11:19:03;13.8400846;13.89
2019-07-23 11:23:47;0.31292;0.31201;0.31163;0.3121866667;14.61978913;14.74863313;14.67;2019-07-23 11:19:03;13.84083009;13.89
2019-07-23 11:24:47;0.31306;0.31233;0.3119;0.31243;14.63128493;14.76012893;14.67;2019-07-23 11:19:03;13.85171429;13.89
2019-07-23 11:25:47;0.31303;0.31229;0.3119;0.3124066667;14.63018259;14.75902659;14.67;2019-07-23 11:19:03;13.8506706;13.89
2019-07-23 11:26:47;0.31291;0.31258;0.31164;0.3123766667;14.6287653;14.7576093;14.67;2019-07-23 11:19:03;13.84932872;13.89
2019-07-23 11:27:47;0.31261;0.31205;0.31164;0.3121;14.61569474;14.74453874;14.67;2019-07-23 11:19:03;13.83695353;13.89
2019-07-23 11:29:47;0.31235;0.31226;0.31154;0.31205;14.61333259;14.74217659;14.65;2019-07-23 11:29:03;13.83308867;13.87
2019-07-23 11:31:46;0.313;0.31259;0.31125;0.31228;14.62419848;14.75304248;14.65;2019-07-23 11:29:03;13.84337528;13.87
2019-07-23 11:32:47;0.31272;0.31239;0.31125;0.31212;14.6166396;14.7454836;14.65;2019-07-23 11:29:03;13.83621938;13.87
2019-07-23 11:33:47;0.31283;0.31246;0.3118;0.3123633333;14.62813539;14.75697939;14.65;2019-07-23 11:29:03;13.84710231;13.87
2019-07-23 11:34:46;0.31289;0.31232;0.31198;0.3123966667;14.62971016;14.75855416;14.65;2019-07-23 11:29:03;13.84859312;13.87
2019-07-23 11:35:47;0.31272;0.31232;0.31154;0.3121933333;14.62010409;14.74894809;14.65;2019-07-23 11:29:03;13.83949916;13.87
2019-07-23 11:36:47;0.31269;0.31238;0.31157;0.3122133333;14.62104895;14.74989295;14.65;2019-07-23 11:29:03;13.84039365;13.87
2019-07-23 11:37:47;0.31277;0.31238;0.31151;0.31222;14.6213639;14.7502079;14.65;2019-07-23 11:29:03;13.84069181;13.87
2019-07-23 11:38:46;0.31277;0.31235;0.31151;0.31221;14.62089147;14.74973547;14.65;2019-07-23 11:29:03;13.84024457;13.87
2019-07-23 11:40:47;0.3134;0.31286;0.31151;0.31259;14.63884381;14.76768781;14.66;2019-07-23 11:39:03;13.86011503;13.88
2019-07-23 11:41:47;0.3135;0.31333;0.31151;0.31278;14.64781998;14.77666398;14.66;2019-07-23 11:39:03;13.86861441;13.88
2019-07-23 11:42:47;0.31353;0.31328;0.31151;0.3127733333;14.64750502;14.77634902;14.66;2019-07-23 11:39:03;13.86831619;13.88
2019-07-23 11:43:46;0.31338;0.3127;0.31229;0.31279;14.64829241;14.77713641;14.66;2019-07-23 11:39:03;13.86906174;13.88
2019-07-23 11:44:47;0.31342;0.313;0.31229;0.3129033333;14.65364661;14.78249061;14.66;2019-07-23 11:39:03;13.87413155;13.88
2019-07-23 11:45:47;0.31339;0.3128;0.31231;0.3128333333;14.6503396;14.7791836;14.66;2019-07-23 11:39:03;13.8710002;13.88
2019-07-23 11:46:47;0.31337;0.3128;0.31231;0.3128266667;14.65002465;14.77886865;14.66;2019-07-23 11:39:03;13.87070198;13.88
2019-07-23 11:48:46;0.31299;0.31215;0.31155;0.31223;14.62183633;14.75068033;14.66;2019-07-23 11:39:03;13.84401094;13.88
2019-07-23 11:49:47;0.31304;0.31237;0.31192;0.3124433333;14.63191483;14.76075883;14.66;2019-07-23 11:49:03;13.84802274;13.87
2019-07-23 11:50:47;0.31304;0.31241;0.31192;0.3124566667;14.63254474;14.76138874;14.66;2019-07-23 11:49:03;13.84861895;13.87
2019-07-23 11:51:47;0.31313;0.3125;0.31156;0.3123966667;14.62971016;14.75855416;14.66;2019-07-23 11:49:03;13.845936;13.87
2019-07-23 11:52:47;0.31311;0.31278;0.31156;0.3124833333;14.63380455;14.76264855;14.66;2019-07-23 11:49:03;13.84981138;13.87
2019-07-23 11:53:47;0.31306;0.31232;0.31201;0.3124633333;14.63285969;14.76170369;14.66;2019-07-23 11:49:03;13.84891706;13.87
2019-07-23 11:54:47;0.31306;0.31223;0.31201;0.3124333333;14.6314424;14.7602864;14.66;2019-07-23 11:49:03;13.84757558;13.87
2019-07-23 11:55:47;0.31352;0.31223;0.31219;0.3126466667;14.64152091;14.77036491;14.66;2019-07-23 11:49:03;13.85711497;13.87
2019-07-23 11:56:47;0.31357;0.31321;0.31218;0.3129866667;14.65758353;14.78642753;14.66;2019-07-23 11:49:03;13.87231837;13.87
2019-07-23 11:57:46;0.31373;0.31317;0.3132;0.3133666667;14.67553587;14.80437987;14.66;2019-07-23 11:49:03;13.8893104;13.87
2019-07-23 11:58:47;0.31364;0.3132;0.31251;0.3131166667;14.66372512;14.79256912;14.66;2019-07-23 11:49:03;13.87813143;13.87
2019-07-23 11:59:47;0.31334;0.31336;0.31244;0.3130466667;14.66980638;14.79865038;14.69;2019-07-23 11:59:03;13.87658769;13.9
2019-07-23 12:00:47;0.31358;0.31334;0.31242;0.3131133333;14.67295791;14.80180191;14.69;2019-07-23 11:59:03;13.87956909;13.9
2019-07-23 12:01:47;0.31357;0.31325;0.31244;0.3130866667;14.6716973;14.8005413;14.69;2019-07-23 11:59:03;13.87837653;13.9
2019-07-23 12:02:47;0.31368;0.31353;0.31244;0.3132166667;14.67784279;14.80668679;14.69;2019-07-23 11:59:03;13.88419025;13.9
2019-07-23 12:03:47;0.31289;0.31246;0.31214;0.3124966667;14.64380624;14.77265024;14.69;2019-07-23 11:59:03;13.85199117;13.9
2019-07-23 12:05:47;0.31365;0.31319;0.31226;0.3130333333;14.66917607;14.79802007;14.69;2019-07-23 11:59:03;13.87599141;13.9
2019-07-23 12:08:47;0.31308;0.31289;0.31228;0.31275;14.65578206;14.78462606;14.69;2019-07-23 11:59:03;13.86332048;13.9
2019-07-23 12:09:52;0.31287;0.31243;0.31221;0.3125033333;14.64412139;14.77296539;14.68;2019-07-23 12:09:03;13.84827498;13.88
2019-07-23 12:10:47;0.31251;0.31255;0.31221;0.3124233333;14.64033955;14.76918355;14.68;2019-07-23 12:09:03;13.84469834;13.88
2019-07-23 12:12:47;0.31228;0.31201;0.31132;0.31187;14.61418183;14.74302583;14.68;2019-07-23 12:09:03;13.81995985;13.88
2019-07-23 12:13:47;0.31223;0.31201;0.31132;0.3118533333;14.61339395;14.74223795;14.68;2019-07-23 12:09:03;13.81921472;13.88
2019-07-23 12:14:47;0.31227;0.31204;0.31179;0.3120333333;14.62190309;14.75074709;14.68;2019-07-23 12:09:03;13.82726218;13.88
2019-07-23 12:15:47;0.31254;0.31249;0.31138;0.3121366667;14.62678796;14.75563196;14.68;2019-07-23 12:09:03;13.83188201;13.88
2019-07-23 12:16:47;0.31206;0.31253;0.31202;0.3122033333;14.62993949;14.75878349;14.68;2019-07-23 12:09:03;13.83486255;13.88
2019-07-23 12:17:47;0.31194;0.31201;0.31132;0.3117566667;14.60882423;14.73766823;14.68;2019-07-23 12:09:03;13.81489294;13.88
2019-07-23 12:18:47;0.31195;0.31151;0.31105;0.3115033333;14.5968484;14.7256924;14.68;2019-07-23 12:09:03;13.80356688;13.88
2019-07-23 12:19:47;0.31162;0.31183;0.311;0.3114833333;14.59590294;14.72474694;14.64;2019-07-23 12:19:03;13.79681584;13.84
2019-07-23 12:20:51;0.31189;0.3117;0.311;0.31153;14.59810902;14.72695302;14.64;2019-07-23 12:19:03;13.79890134;13.84
2019-07-23 12:21:47;0.31173;0.3115;0.311;0.31141;14.59243626;14.72128026;14.64;2019-07-23 12:19:03;13.79353862;13.84
2019-07-23 12:22:47;0.3113;0.3115;0.311;0.3112666667;14.58566046;14.71450446;14.64;2019-07-23 12:19:03;13.78713316;13.84
2019-07-23 12:23:47;0.31148;0.3111;0.31041;0.3109966667;14.57289676;14.70174076;14.64;2019-07-23 12:19:03;13.77506705;13.84
2019-07-23 12:24:47;0.31164;0.31149;0.31075;0.3112933333;14.58692108;14.71576508;14.64;2019-07-23 12:19:03;13.78832487;13.84
2019-07-23 12:25:47;0.31168;0.31159;0.31058;0.3112833333;14.58644835;14.71529235;14.64;2019-07-23 12:19:03;13.78787798;13.84
2019-07-23 12:26:47;0.31179;0.31165;0.31063;0.3113566667;14.58991503;14.71875903;14.64;2019-07-23 12:19:03;13.7911552;13.84
2019-07-23 12:27:47;0.31174;0.31162;0.31088;0.3114133333;14.59259384;14.72143784;14.64;2019-07-23 12:19:03;13.79368759;13.84
2019-07-23 12:28:47;0.31173;0.31197;0.311;0.3115666667;14.59984236;14.72868636;14.64;2019-07-23 12:19:03;13.80053995;13.84
2019-07-23 12:29:47;0.31147;0.31147;0.31079;0.3112433333;14.58455743;14.71340143;14.64;2019-07-23 12:29:03;13.79061523;13.84
2019-07-23 12:30:47;0.31183;0.31171;0.31081;0.31145;14.59432718;14.72317118;14.64;2019-07-23 12:29:03;13.79985402;13.84
2019-07-23 12:31:47;0.31183;0.31172;0.31081;0.3114533333;14.59448475;14.72332875;14.64;2019-07-23 12:29:03;13.80000303;13.84
2019-07-23 12:32:47;0.31132;0.31153;0.31081;0.31122;14.58345439;14.71229839;14.64;2019-07-23 12:29:03;13.78957214;13.84
2019-07-23 12:33:47;0.31149;0.31118;0.31056;0.3110766667;14.5766786;14.7055226;14.64;2019-07-23 12:29:03;13.78316459;13.84
2019-07-23 12:34:48;0.31126;0.31085;0.31038;0.31083;14.56501793;14.69386193;14.64;2019-07-23 12:29:03;13.77213764;13.84
2019-07-23 12:35:47;0.31139;0.3112;0.31038;0.31099;14.57258161;14.70142561;14.64;2019-07-23 12:29:03;13.77929026;13.84
2019-07-23 12:36:47;0.31145;0.3112;0.31038;0.31101;14.57352706;14.70237106;14.64;2019-07-23 12:29:03;13.78018433;13.84
2019-07-23 12:37:47;0.31137;0.31133;0.31043;0.3110433333;14.57510283;14.70394683;14.64;2019-07-23 12:29:03;13.78167446;13.84
2019-07-23 12:38:47;0.31156;0.31134;0.31041;0.3111033333;14.57793921;14.70678321;14.64;2019-07-23 12:29:03;13.78435669;13.84
2019-07-23 12:39:47;0.31163;0.3114;0.3112;0.31141;14.59243626;14.72128026;14.63;2019-07-23 12:39:04;13.80153454;13.84
2019-07-23 12:40:47;0.31157;0.31142;0.31072;0.3112366667;14.58424227;14.71308627;14.63;2019-07-23 12:39:04;13.79378395;13.84
2019-07-23 12:41:47;0.31146;0.31146;0.31089;0.31127;14.58581804;14.71466204;14.63;2019-07-23 12:39:04;13.79527445;13.84
2019-07-23 12:42:47;0.31239;0.31213;0.3112;0.3119066667;14.61591517;14.74475917;14.63;2019-07-23 12:39:04;13.82374298;13.84
2019-07-23 12:43:47;0.3124;0.31216;0.31145;0.3120033333;14.6204849;14.7493289;14.63;2019-07-23 12:39:04;13.82806542;13.84
2019-07-23 12:44:47;0.31225;0.31187;0.31145;0.3118566667;14.61355153;14.74239553;14.63;2019-07-23 12:39:04;13.82150723;13.84
2019-07-23 12:45:47;0.31238;0.31221;0.31145;0.3120133333;14.62095763;14.74980163;14.63;2019-07-23 12:39:04;13.82851257;13.84
2019-07-23 12:46:47;0.31224;0.31175;0.31146;0.3118166667;14.61166061;14.74050461;14.63;2019-07-23 12:39:04;13.81971863;13.84
2019-07-23 12:47:47;0.31222;0.31176;0.31114;0.3117066667;14.60646058;14.73530458;14.63;2019-07-23 12:39:04;13.81479998;13.84
2019-07-23 12:48:47;0.31113;0.31095;0.31122;0.3111;14.57778163;14.70662563;14.63;2019-07-23 12:39:04;13.7876729;13.84
2019-07-23 12:49:47;0.31153;0.31162;0.31061;0.3112533333;14.59502606;14.72387006;14.63;2019-07-23 12:49:03;13.80525252;13.84
2019-07-23 12:50:47;0.31172;0.31113;0.31069;0.31118;14.59155702;14.72040102;14.63;2019-07-23 12:49:03;13.80197089;13.84
2019-07-23 12:51:47;0.31139;0.31156;0.31127;0.3114066667;14.60227951;14.73112351;14.63;2019-07-23 12:49:03;13.8121141;13.84
2019-07-23 12:52:47;0.31157;0.31156;0.31054;0.3112233333;14.59360691;14.72245091;14.63;2019-07-23 12:49:03;13.80391004;13.84
2019-07-23 12:53:47;0.312;0.31142;0.31122;0.3115466667;14.60890222;14.73774622;14.63;2019-07-23 12:49:03;13.81837902;13.84
2019-07-23 12:54:47;0.31182;0.31178;0.31079;0.3114633333;14.60496013;14.73380413;14.63;2019-07-23 12:49:03;13.8146499;13.84
2019-07-23 12:55:47;0.31186;0.31166;0.31084;0.3114533333;14.60448708;14.73333108;14.63;2019-07-23 12:49:03;13.8142024;13.84
2019-07-23 12:56:47;0.31174;0.31166;0.31084;0.3114133333;14.60259487;14.73143887;14.63;2019-07-23 12:49:03;13.81241243;13.84
2019-07-23 12:57:47;0.31176;0.3117;0.31084;0.3114333333;14.60354098;14.73238498;14.63;2019-07-23 12:49:03;13.81330742;13.84
2019-07-23 12:58:47;0.31188;0.31179;0.31084;0.3115033333;14.60685233;14.73569633;14.63;2019-07-23 12:49:03;13.81643988;13.84
2019-07-23 12:59:47;0.31166;0.3116;0.31101;0.3114233333;14.60306793;14.73191193;14.65;2019-07-23 12:59:03;13.8130728;13.86
2019-07-23 13:00:47;0.31191;0.31174;0.31075;0.3114666667;14.60511781;14.73396181;14.65;2019-07-23 12:59:03;13.81501197;13.86
2019-07-23 13:01:47;0.31169;0.31187;0.31091;0.31149;14.6062216;14.7350656;14.65;2019-07-23 12:59:03;13.81605614;13.86
2019-07-23 13:02:47;0.31122;0.31131;0.31042;0.3109833333;14.58225368;14.71109768;14.65;2019-07-23 12:59:03;13.79338275;13.86
2019-07-23 13:03:47;0.31161;0.31113;0.31042;0.3110533333;14.58556504;14.71440904;14.65;2019-07-23 12:59:03;13.79651526;13.86
2019-07-23 13:04:47;0.31121;0.31109;0.31115;0.31115;14.59013787;14.71898187;14.65;2019-07-23 12:59:03;13.8008411;13.86
2019-07-23 13:05:47;0.31184;0.31124;0.31085;0.31131;14.59770668;14.72655068;14.65;2019-07-23 12:59:03;13.80800112;13.86
2019-07-23 13:06:46;0.31143;0.31152;0.3107;0.3112166667;14.59329154;14.72213554;14.65;2019-07-23 12:59:03;13.80382444;13.86
2019-07-23 13:07:47;0.31075;0.3107;0.31037;0.3106066667;14.56443543;14.69327943;14.65;2019-07-23 12:59:03;13.77652688;13.86
2019-07-23 13:08:47;0.31098;0.31095;0.31035;0.31076;14.57168888;14.70053288;14.65;2019-07-23 12:59:03;13.78338856;13.86
2019-07-23 13:09:47;0.31038;0.31047;0.31004;0.3102966667;14.54977085;14.67861485;14.63;2019-07-23 13:09:03;13.75818651;13.83
2019-07-23 13:10:47;0.31128;0.31071;0.3107;0.3108966667;14.57815391;14.70699791;14.63;2019-07-23 13:09:03;13.78502794;13.83
2019-07-23 13:11:47;0.31094;0.31053;0.31046;0.3106433333;14.56616995;14.69501395;14.63;2019-07-23 13:09:03;13.77369489;13.83
2019-07-23 13:12:47;0.3109;0.31081;0.31055;0.3107533333;14.57137351;14.70021751;14.63;2019-07-23 13:09:03;13.77861582;13.83
2019-07-23 13:13:47;0.31115;0.31051;0.31056;0.31074;14.57074277;14.69958677;14.63;2019-07-23 13:09:03;13.77801934;13.83
2019-07-23 13:14:47;0.31107;0.31052;0.31053;0.3107066667;14.56916594;14.69800994;14.63;2019-07-23 13:09:03;13.77652815;13.83
2019-07-23 13:15:47;0.31097;0.31054;0.31036;0.3106233333;14.56522385;14.69406785;14.63;2019-07-23 13:09:03;13.77280018;13.83
2019-07-23 13:16:47;0.311;0.31065;0.31077;0.3108066667;14.57389645;14.70274045;14.63;2019-07-23 13:09:03;13.78100172;13.83
2019-07-23 13:17:47;0.31115;0.31013;0.31004;0.31044;14.55655124;14.68539524;14.63;2019-07-23 13:09:03;13.76459863;13.83
2019-07-23 13:18:47;0.31045;0.30992;0.31;0.3101233333;14.5415713;14.6704153;14.63;2019-07-23 13:09:03;13.75043232;13.83
2019-07-23 13:19:47;0.31062;0.31021;0.31001;0.31028;14.54898243;14.67782643;14.6;2019-07-23 13:19:03;13.75937821;13.81
2019-07-23 13:21:47;0.31054;0.31035;0.3102;0.3103633333;14.55292452;14.68176852;14.6;2019-07-23 13:19:03;13.7631067;13.81
2019-07-23 13:22:47;0.31043;0.30941;0.30976;0.3098666667;14.52942965;14.65827365;14.6;2019-07-23 13:19:03;13.74088487;13.81
2019-07-23 13:23:47;0.31054;0.30955;0.30943;0.30984;14.52816818;14.65701218;14.6;2019-07-23 13:19:03;13.73969175;13.81
2019-07-23 13:24:46;0.31077;0.31041;0.30993;0.31037;14.55323989;14.68208389;14.6;2019-07-23 13:19:03;13.76340498;13.81
2019-07-23 13:25:47;0.31074;0.31041;0.31021;0.3104533333;14.55718198;14.68602598;14.6;2019-07-23 13:19:03;13.76713348;13.81
2019-07-23 13:26:47;0.31063;0.31016;0.3101;0.3102966667;14.54977085;14.67861485;14.6;2019-07-23 13:19:03;13.76012391;13.81
2019-07-23 13:27:47;0.3101;0.30967;0.31;0.3099233333;14.53211028;14.66095428;14.6;2019-07-23 13:19:03;13.74342025;13.81
2019-07-23 13:28:47;0.30997;0.30948;0.30939;0.3096133333;14.51744569;14.64628969;14.6;2019-07-23 13:19:03;13.72955024;13.81
2019-07-23 13:29:47;0.30952;0.30927;0.30906;0.3092833333;14.50183501;14.63067901;14.59;2019-07-23 13:29:04;13.72014081;13.8
2019-07-23 13:30:47;0.30964;0.30958;0.30867;0.3092966667;14.50246575;14.63130975;14.59;2019-07-23 13:29:04;13.7207376;13.8
2019-07-23 13:31:47;0.30966;0.30956;0.3088;0.30934;14.50451563;14.63335963;14.59;2019-07-23 13:29:04;13.72267717;13.8
2019-07-23 13:32:47;0.30949;0.30938;0.30844;0.3091033333;14.49332009;14.62216409;14.59;2019-07-23 13:29:04;13.71208414;13.8
2019-07-23 13:33:47;0.30878;0.309;0.308;0.3085933333;14.46919449;14.59803849;14.59;2019-07-23 13:29:04;13.68925692;13.8
2019-07-23 13:34:47;0.30843;0.30778;0.30776;0.30799;14.44065375;14.56949775;14.59;2019-07-23 13:29:04;13.66225216;13.8
2019-07-23 13:35:53;0.309;0.30812;0.3084;0.3085066667;14.46509472;14.59393872;14.53;2019-07-23 13:35:36;13.68769435;13.75
2019-07-23 13:36:47;0.30986;0.30956;0.30944;0.30962;14.51776106;14.64660506;14.53;2019-07-23 13:35:36;13.73753469;13.75
2019-07-23 13:37:47;0.30995;0.30968;0.3097;0.3097766667;14.52517219;14.65401619;14.53;2019-07-23 13:35:36;13.74454815;13.75
2019-07-23 13:38:47;0.30959;0.30924;0.30946;0.30943;14.50877309;14.63761709;14.53;2019-07-23 13:35:36;13.729029;13.75
2019-07-23 13:39:47;0.30979;0.30962;0.3096;0.30967;14.52012632;14.64897032;14.53;2019-07-23 13:35:36;13.73977303;13.75
2019-07-23 13:40:47;0.31023;0.30983;0.30936;0.3098066667;14.52659135;14.65543535;14.53;2019-07-23 13:35:36;13.74589116;13.75
2019-07-23 13:41:47;0.30983;0.30976;0.30929;0.3096266667;14.51807643;14.64692043;14.53;2019-07-23 13:35:36;13.73783314;13.75
2019-07-23 13:42:47;0.30959;0.30939;0.309;0.3093266667;14.5038849;14.6327289;14.53;2019-07-23 13:35:36;13.7244031;13.75
2019-07-23 13:43:47;0.30907;0.30895;0.30883;0.30895;14.48606665;14.61491065;14.53;2019-07-23 13:35:36;13.70754095;13.75
2019-07-23 13:44:47;0.3093;0.30824;0.30861;0.3087166667;14.47502879;14.60387279;14.53;2019-07-23 13:35:36;13.69709537;13.75
2019-07-23 13:45:47;0.30904;0.30932;0.309;0.30912;14.50299571;14.63183971;14.59;2019-07-23 13:45:33;13.73109207;13.81
2019-07-23 13:46:47;0.30896;0.30921;0.30856;0.30891;14.4930556;14.6218996;14.59;2019-07-23 13:45:33;13.72168022;13.81
2019-07-23 13:47:47;0.30939;0.30921;0.3086;0.3090666667;14.50047124;14.62931524;14.59;2019-07-23 13:45:33;13.72870176;13.81
2019-07-23 13:48:47;0.30947;0.30884;0.30901;0.3091066667;14.50236459;14.63120859;14.59;2019-07-23 13:45:33;13.7304945;13.81
2019-07-23 13:49:46;0.30992;0.30955;0.30927;0.30958;14.52476928;14.65361328;14.59;2019-07-23 13:45:33;13.75170851;13.81
2019-07-23 13:50:47;0.31026;0.31001;0.3097;0.30999;14.54417616;14.67302016;14.59;2019-07-23 13:45:33;13.77008403;13.81
2019-07-23 13:51:47;0.30982;0.30969;0.30904;0.3095166667;14.52177147;14.65061547;14.59;2019-07-23 13:45:33;13.74887002;13.81
2019-07-23 13:52:47;0.30997;0.30955;0.30906;0.3095266667;14.52224481;14.65108881;14.59;2019-07-23 13:45:33;13.7493182;13.81
2019-07-23 13:53:47;0.30959;0.30972;0.309;0.3094366667;14.51798476;14.64682876;14.59;2019-07-23 13:45:33;13.74528455;13.81
2019-07-23 13:54:47;0.31;0.30971;0.30939;0.3097;14.53044935;14.65929335;14.59;2019-07-23 13:45:33;13.75708671;13.81
2019-07-23 13:55:47;0.31051;0.31017;0.30986;0.31018;14.55316959;14.68201359;14.6;2019-07-23 13:55:33;13.77814983;13.82
2019-07-23 13:56:47;0.31036;0.3102;0.30986;0.31014;14.55127624;14.68012024;14.6;2019-07-23 13:55:33;13.77635716;13.82
2019-07-23 13:57:48;0.31035;0.31027;0.31;0.3102066667;14.55443183;14.68327583;14.6;2019-07-23 13:55:33;13.77934495;13.82
2019-07-23 13:58:47;0.31039;0.30996;0.30986;0.31007;14.54796287;14.67680687;14.6;2019-07-23 13:55:33;13.77321997;13.82
2019-07-23 13:59:47;0.31037;0.30996;0.30986;0.3100633333;14.54764731;14.67649131;14.6;2019-07-23 13:55:33;13.7729212;13.82
2019-07-23 14:00:47;0.31018;0.3101;0.30986;0.3100466667;14.54685841;14.67570241;14.6;2019-07-23 13:55:33;13.77217425;13.82
2019-07-23 14:01:47;0.30955;0.30925;0.30915;0.3093166667;14.5123047;14.6411487;14.6;2019-07-23 13:55:33;13.73945791;13.82
2019-07-23 14:02:47;0.30929;0.30921;0.3083;0.3089333333;14.49416006;14.62300406;14.6;2019-07-23 13:55:33;13.7222781;13.82
2019-07-23 14:03:47;0.3095;0.3092;0.3083;0.309;14.49731565;14.62615965;14.6;2019-07-23 13:55:33;13.7252659;13.82
2019-07-23 14:04:47;0.30979;0.3092;0.30901;0.3093333333;14.5130936;14.6419376;14.6;2019-07-23 13:55:33;13.74020486;13.82
2019-07-23 14:05:47;0.30979;0.30959;0.30886;0.3094133333;14.51688031;14.64572431;14.59;2019-07-23 14:05:33;13.74373698;13.81
2019-07-23 14:06:47;0.30975;0.30966;0.30886;0.3094233333;14.51735365;14.64619765;14.59;2019-07-23 14:05:33;13.74418515;13.81
2019-07-23 14:07:47;0.30969;0.30921;0.30886;0.3092533333;14.50930689;14.63815089;14.59;2019-07-23 14:05:33;13.7365663;13.81
2019-07-23 14:08:47;0.3094;0.30975;0.30933;0.3094933333;14.52066702;14.64951102;14.59;2019-07-23 14:05:33;13.74732232;13.81
2019-07-23 14:09:47;0.30939;0.3092;0.30865;0.30908;14.50110236;14.62994636;14.59;2019-07-23 14:05:33;13.72879807;13.81
2019-07-23 14:10:47;0.30945;0.30936;0.30865;0.3091533333;14.50457351;14.63341751;14.59;2019-07-23 14:05:33;13.73208463;13.81
2019-07-23 14:11:47;0.30931;0.30936;0.30859;0.3090866667;14.50141792;14.63026192;14.59;2019-07-23 14:05:33;13.72909685;13.81
2019-07-23 14:12:47;0.3092;0.30921;0.3086;0.3090033333;14.49747343;14.62631743;14.59;2019-07-23 14:05:33;13.72536212;13.81
2019-07-23 14:13:47;0.30917;0.3092;0.30855;0.3089733333;14.49605341;14.62489741;14.59;2019-07-23 14:05:33;13.72401762;13.81
2019-07-23 14:14:47;0.30878;0.30843;0.30875;0.3086533333;14.48090658;14.60975058;14.59;2019-07-23 14:05:33;13.70967627;13.81
2019-07-23 14:15:47;0.30879;0.30873;0.30806;0.3085266667;14.47491096;14.60375496;14.56;2019-07-23 14:15:33;13.69776747;13.78
2019-07-23 14:16:47;0.30886;0.30867;0.30855;0.3086933333;14.48279994;14.61164394;14.56;2019-07-23 14:15:33;13.70523355;13.78
2019-07-23 14:17:47;0.30929;0.30852;0.30857;0.3087933333;14.48753332;14.61637732;14.56;2019-07-23 14:15:33;13.70971321;13.78
2019-07-23 14:18:47;0.30957;0.3089;0.30857;0.3090133333;14.49794677;14.62679077;14.56;2019-07-23 14:15:33;13.71956844;13.78
2019-07-23 14:19:47;0.30989;0.30949;0.30977;0.3097166667;14.53123824;14.66008224;14.56;2019-07-23 14:15:33;13.75107533;13.78
2019-07-23 14:20:47;0.30991;0.3095;0.30934;0.3095833333;14.52492706;14.65377106;14.56;2019-07-23 14:15:33;13.74510246;13.78
2019-07-23 14:21:47;0.30962;0.30931;0.30871;0.3092133333;14.50741354;14.63625754;14.56;2019-07-23 14:15:33;13.72852775;13.78
2019-07-23 14:22:47;0.30962;0.30931;0.30864;0.30919;14.50630908;14.63515308;14.56;2019-07-23 14:15:33;13.7274825;13.78
2019-07-23 14:23:47;0.3098;0.3095;0.30864;0.3093133333;14.51214692;14.64099092;14.56;2019-07-23 14:15:33;13.7330074;13.78
2019-07-23 14:24:47;0.3103;0.30999;0.30978;0.3100233333;14.54575396;14.67459796;14.56;2019-07-23 14:15:33;13.76481293;13.78
2019-07-23 14:25:47;0.3105;0.31044;0.30973;0.3102233333;14.55522073;14.68406473;14.6;2019-07-23 14:25:33;13.77619986;13.82
2019-07-23 14:26:47;0.3107;0.31033;0.31007;0.3103666667;14.56200525;14.69084925;14.6;2019-07-23 14:25:33;13.78262182;13.82
2019-07-23 14:27:47;0.31104;0.31037;0.31031;0.3105733333;14.57178757;14.70063157;14.6;2019-07-23 14:25:33;13.79188139;13.82
2019-07-23 14:28:47;0.31016;0.31;0.30951;0.30989;14.53944278;14.66828678;14.6;2019-07-23 14:25:33;13.76126508;13.82
2019-07-23 14:29:47;0.31026;0.31034;0.30935;0.3099833333;14.5438606;14.6727046;14.6;2019-07-23 14:25:33;13.76544682;13.82
2019-07-23 14:30:47;0.31064;0.31032;0.3101;0.3103533333;14.56137413;14.69021813;14.6;2019-07-23 14:25:33;13.78202443;13.82
2019-07-23 14:31:47;0.31063;0.31048;0.30984;0.3103166667;14.55963855;14.68848255;14.6;2019-07-23 14:25:33;13.7803816;13.82
2019-07-23 14:32:47;0.31059;0.31048;0.30998;0.31035;14.56121635;14.69006035;14.6;2019-07-23 14:25:33;13.78187508;13.82
2019-07-23 14:33:47;0.31095;0.31055;0.3105;0.3106666667;14.5762054;14.7050494;14.6;2019-07-23 14:25:33;13.79606313;13.82
2019-07-23 14:34:47;0.31085;0.3103;0.31018;0.3104433333;14.56563417;14.69447817;14.6;2019-07-23 14:25:33;13.78605682;13.82
2019-07-23 14:35:46;0.3115;0.31088;0.31075;0.3110433333;14.59403448;14.72287848;14.63;2019-07-23 14:35:33;13.80847039;13.84
2019-07-23 14:36:47;0.31115;0.31169;0.31151;0.31145;14.61328358;14.74212758;14.63;2019-07-23 14:35:33;13.82668498;13.84
2019-07-23 14:37:47;0.31132;0.31127;0.31125;0.31128;14.60523683;14.73408083;14.63;2019-07-23 14:35:33;13.81907069;13.84
2019-07-23 14:38:47;0.31142;0.31164;0.31105;0.31137;14.60949687;14.73834087;14.63;2019-07-23 14:35:33;13.82310178;13.84
2019-07-23 14:39:47;0.3112;0.31156;0.31116;0.3113066667;14.60649906;14.73534306;14.63;2019-07-23 14:35:33;13.82026509;13.84
2019-07-23 14:40:47;0.31088;0.31102;0.31061;0.3108366667;14.58425215;14.71309615;14.63;2019-07-23 14:35:33;13.79921379;13.84
2019-07-23 14:41:47;0.31071;0.31072;0.31043;0.31062;14.57399649;14.70284049;14.63;2019-07-23 14:35:33;13.7895093;13.84
2019-07-23 14:42:47;0.31046;0.31048;0.30998;0.3103066667;14.55916521;14.68800921;14.63;2019-07-23 14:35:33;13.7754751;13.84
2019-07-23 14:43:48;0.31021;0.3102;0.30998;0.31013;14.5508029;14.6796469;14.63;2019-07-23 14:35:33;13.76756221;13.84
2019-07-23 14:44:47;0.31058;0.31001;0.31023;0.3102733333;14.55758742;14.68643142;14.63;2019-07-23 14:35:33;13.7739821;13.84
2019-07-23 14:45:47;0.31017;0.31044;0.31023;0.31028;14.56054812;14.68939212;14.61;2019-07-23 14:45:34;13.78182538;13.83
2019-07-23 14:46:46;0.3103;0.31011;0.30974;0.31005;14.54965937;14.67850337;14.61;2019-07-23 14:45:34;13.77151809;13.83
2019-07-23 14:47:47;0.31052;0.31029;0.30974;0.3101833333;14.55597169;14.68481569;14.61;2019-07-23 14:45:34;13.77749333;13.83
2019-07-23 14:48:48;0.31033;0.31018;0.30974;0.3100833333;14.55123745;14.68008145;14.61;2019-07-23 14:45:34;13.7730119;13.83
2019-07-23 14:49:47;0.31013;0.31018;0.31017;0.31016;14.55486703;14.68371103;14.61;2019-07-23 14:45:34;13.77644766;13.83
2019-07-23 14:50:47;0.31048;0.31022;0.31017;0.31029;14.56102154;14.68986554;14.61;2019-07-23 14:45:34;13.78227352;13.83
2019-07-23 14:51:47;0.31066;0.31049;0.31022;0.3104566667;14.56891193;14.69775593;14.61;2019-07-23 14:45:34;13.78974257;13.83
2019-07-23 14:52:47;0.31094;0.31047;0.31116;0.3108566667;14.58784888;14.71669288;14.61;2019-07-23 14:45:34;13.80766829;13.83
2019-07-23 14:53:47;0.31056;0.31043;0.31085;0.3106133333;14.57632891;14.70517291;14.61;2019-07-23 14:45:34;13.79676348;13.83
2019-07-23 14:54:47;0.31048;0.3105;0.30995;0.31031;14.56196839;14.69081239;14.61;2019-07-23 14:45:34;13.78316981;13.83
2019-07-23 14:55:47;0.31012;0.31001;0.30964;0.3099233333;14.54366267;14.67250667;14.61;2019-07-23 14:55:34;13.76898229;13.83
2019-07-23 14:56:47;0.31028;0.31024;0.30964;0.3100533333;14.54981718;14.67866118;14.61;2019-07-23 14:55:34;13.77480947;13.83
2019-07-23 14:57:47;0.31069;0.31034;0.30964;0.3102233333;14.55786538;14.68670938;14.61;2019-07-23 14:55:34;13.78242962;13.83
2019-07-23 14:58:47;0.31061;0.31034;0.31069;0.3105466667;14.57317275;14.70201675;14.61;2019-07-23 14:55:34;13.79692286;13.83
2019-07-23 14:59:48;0.31013;0.31053;0.31063;0.31043;14.56764947;14.69649347;14.61;2019-07-23 14:55:34;13.79169334;13.83
2019-07-23 15:00:47;0.31012;0.31032;0.30998;0.31014;14.55392018;14.68276418;14.61;2019-07-23 14:55:34;13.77869425;13.83
2019-07-23 15:01:47;0.31012;0.3104;0.30976;0.3100933333;14.55171087;14.68055487;14.61;2019-07-23 14:55:34;13.77660245;13.83
2019-07-23 15:02:47;0.31002;0.31022;0.30976;0.31;14.54729225;14.67613625;14.61;2019-07-23 14:55:34;13.77241883;13.83
2019-07-23 15:03:47;0.31103;0.31087;0.31068;0.31086;14.58800669;14.71685069;14.61;2019-07-23 14:55:34;13.81096785;13.83
2019-07-23 15:04:47;0.31095;0.31175;0.31185;0.3115166667;14.61909485;14.74793885;14.61;2019-07-23 14:55:34;13.84040256;13.83
2019-07-23 15:05:47;0.31137;0.31159;0.31123;0.3113966667;14.61341377;14.74225777;14.65;2019-07-23 15:05:35;13.83555038;13.87
2019-07-23 15:06:47;0.31028;0.31089;0.31017;0.3104466667;14.56843851;14.69728251;14.65;2019-07-23 15:05:35;13.79296556;13.87
2019-07-23 15:07:47;0.31004;0.31019;0.3103;0.3101766667;14.55565607;14.68450007;14.65;2019-07-23 15:05:35;13.78086251;13.87
2019-07-23 15:08:47;0.3097;0.31037;0.30971;0.3099266667;14.54382048;14.67266448;14.65;2019-07-23 15:05:35;13.76965598;13.87
2019-07-23 15:09:47;0.31018;0.31028;0.30976;0.3100733333;14.55076402;14.67960802;14.65;2019-07-23 15:05:35;13.77623047;13.87
2019-07-23 15:10:47;0.31011;0.31025;0.30984;0.3100666667;14.55044841;14.67929241;14.65;2019-07-23 15:05:35;13.77593163;13.87
2019-07-23 15:11:47;0.3098;0.31013;0.31;0.3099766667;14.54618759;14.67503159;14.65;2019-07-23 15:05:35;13.77189728;13.87
2019-07-23 15:12:47;0.30966;0.31022;0.30962;0.3098333333;14.53940185;14.66824585;14.65;2019-07-23 15:05:35;13.7654722;13.87
2019-07-23 15:13:47;0.30963;0.30982;0.30978;0.3097433333;14.53514104;14.66398504;14.65;2019-07-23 15:05:35;13.76143785;13.87
2019-07-23 15:14:47;0.30964;0.3099;0.30991;0.3098166667;14.53861281;14.66745681;14.65;2019-07-23 15:05:35;13.7647251;13.87
2019-07-23 15:15:47;0.31011;0.3102;0.30992;0.3100766667;14.55092183;14.67976583;14.59;2019-07-23 15:15:35;13.77919086;13.82
2019-07-23 15:16:47;0.30991;0.31027;0.30995;0.3100433333;14.54934375;14.67818775;14.59;2019-07-23 15:15:35;13.77769636;13.82
2019-07-23 15:17:47;0.30942;0.31033;0.30961;0.3097866667;14.53719254;14.66603654;14.59;2019-07-23 15:15:35;13.76618866;13.82
2019-07-23 15:18:47;0.30908;0.30935;0.30912;0.3091833333;14.50862931;14.63747331;14.59;2019-07-23 15:15:35;13.73913809;13.82
2019-07-23 15:19:47;0.30922;0.3093;0.309;0.3091733333;14.50815589;14.63699989;14.59;2019-07-23 15:15:35;13.73868974;13.82
2019-07-23 15:20:47;0.30927;0.30939;0.30927;0.30931;14.51462601;14.64347001;14.59;2019-07-23 15:15:35;13.74481722;13.82
2019-07-23 15:21:47;0.30911;0.3098;0.30928;0.3093966667;14.51872902;14.64757302;14.59;2019-07-23 15:15:35;13.74870293;13.82
2019-07-23 15:22:47;0.30906;0.3094;0.30893;0.30913;14.50610438;14.63494838;14.59;2019-07-23 15:15:35;13.73674688;13.82
2019-07-23 15:23:46;0.30917;0.30967;0.30911;0.3093166667;14.51494163;14.64378563;14.59;2019-07-23 15:15:35;13.74511612;13.82
2019-07-23 15:24:47;0.30924;0.30931;0.3091;0.3092166667;14.51020739;14.63905139;14.59;2019-07-23 15:15:35;13.7406326;13.82
2019-07-23 15:25:47;0.30927;0.3096;0.30917;0.3093466667;14.5163619;14.6452059;14.57;2019-07-23 15:25:35;13.73802059;13.79
2019-07-23 15:26:47;0.3094;0.30983;0.30935;0.3095266667;14.52488353;14.65372753;14.57;2019-07-23 15:25:35;13.74608601;13.79
2019-07-23 15:27:47;0.30935;0.30983;0.3094;0.3095266667;14.52488353;14.65372753;14.57;2019-07-23 15:25:35;13.74608601;13.79
2019-07-23 15:28:47;0.30928;0.30958;0.30925;0.30937;14.51746655;14.64631055;14.57;2019-07-23 15:25:35;13.73906611;13.79
2019-07-23 15:29:47;0.30877;0.30949;0.30909;0.3091166667;14.50547315;14.63431715;14.57;2019-07-23 15:25:35;13.72771477;13.79
2019-07-23 15:30:47;0.30889;0.3092;0.309;0.30903;14.50137015;14.63021415;14.57;2019-07-23 15:25:35;13.72383142;13.79
2019-07-23 15:31:47;0.30879;0.30911;0.30885;0.3089166667;14.49600468;14.62484868;14.57;2019-07-23 15:25:35;13.71875319;13.79
2019-07-23 15:32:47;0.30849;0.30904;0.30866;0.30873;14.48716743;14.61601143;14.57;2019-07-23 15:25:35;13.71038905;13.79
2019-07-23 15:33:47;0.30894;0.3089;0.30858;0.3088066667;14.49079702;14.61964102;14.57;2019-07-23 15:25:35;13.71382432;13.79
2019-07-23 15:34:47;0.30866;0.30896;0.30882;0.3088133333;14.49111263;14.61995663;14.57;2019-07-23 15:25:35;13.71412304;13.79
2019-07-23 15:35:47;0.30875;0.30903;0.30884;0.3088733333;14.49058729;14.62043429;14.56;2019-07-23 15:35:35;13.71862705;13.78
2019-07-23 15:36:47;0.30875;0.30911;0.30884;0.3089;14.49184955;14.62169655;14.56;2019-07-23 15:35:35;13.71982217;13.78
2019-07-23 15:37:47;0.30913;0.30885;0.30884;0.30894;14.49374294;14.62358994;14.56;2019-07-23 15:35:35;13.72161484;13.78
2019-07-23 15:38:47;0.30942;0.30922;0.30884;0.30916;14.50415658;14.63400358;14.56;2019-07-23 15:35:35;13.73147455;13.78
2019-07-23 15:39:47;0.30964;0.30982;0.30927;0.3095766667;14.52387938;14.65372638;14.56;2019-07-23 15:35:35;13.75014824;13.78
2019-07-23 15:40:46;0.30935;0.30977;0.30953;0.30955;14.52261712;14.65246412;14.56;2019-07-23 15:35:35;13.74895312;13.78
2019-07-23 15:41:47;0.30965;0.30958;0.3093;0.30951;14.52072373;14.65057073;14.56;2019-07-23 15:35:35;13.74716045;13.78
2019-07-23 15:42:47;0.30967;0.30982;0.30996;0.3098166667;14.53523972;14.66508672;14.56;2019-07-23 15:35:35;13.76090428;13.78
2019-07-23 15:43:47;0.30952;0.30982;0.30914;0.3094933333;14.51993482;14.64978182;14.56;2019-07-23 15:35:35;13.7464135;13.78
2019-07-23 15:44:47;0.3089;0.30872;0.30857;0.30873;14.48380265;14.61364965;14.56;2019-07-23 15:35:35;13.7122033;13.78
2019-07-23 15:45:47;0.30897;0.30897;0.3084;0.30878;14.48616939;14.61601639;14.56;2019-07-23 15:45:35;13.71819247;13.79
2019-07-23 15:46:47;0.30881;0.30905;0.3084;0.3087533333;14.48490713;14.61475413;14.56;2019-07-23 15:45:35;13.71699703;13.79
2019-07-23 15:47:47;0.30903;0.30899;0.30909;0.3090366667;14.49831863;14.62816563;14.56;2019-07-23 15:45:35;13.72969857;13.79
2019-07-23 15:48:47;0.30904;0.30909;0.30839;0.30884;14.48900947;14.61885647;14.56;2019-07-23 15:45:35;13.72088221;13.79
2019-07-23 15:49:47;0.30891;0.30891;0.30839;0.3087366667;14.48411821;14.61396521;14.56;2019-07-23 15:45:35;13.71624988;13.79
2019-07-23 15:50:46;0.30895;0.30894;0.30859;0.3088266667;14.48837834;14.61822534;14.56;2019-07-23 15:45:35;13.72028449;13.79
2019-07-23 15:51:47;0.30923;0.30929;0.30859;0.3090366667;14.49831863;14.62816563;14.56;2019-07-23 15:45:35;13.72969857;13.79
2019-07-23 15:52:47;0.30922;0.30936;0.30897;0.3091833333;14.50526106;14.63510806;14.56;2019-07-23 15:45:35;13.73627349;13.79
2019-07-23 15:53:47;0.30938;0.30952;0.30898;0.3092933333;14.51046788;14.64031488;14.56;2019-07-23 15:45:35;13.74120468;13.79
2019-07-23 15:54:47;0.30907;0.30952;0.30897;0.3091866667;14.50541884;14.63526584;14.56;2019-07-23 15:45:35;13.73642292;13.79
2019-07-23 15:55:47;0.30889;0.30893;0.30875;0.3088566667;14.48979838;14.61964538;14.56;2019-07-23 15:55:35;13.72257037;13.79
2019-07-23 15:56:47;0.30828;0.30808;0.30831;0.3082233333;14.45981972;14.58966672;14.56;2019-07-23 15:55:35;13.69417674;13.79
2019-07-23 15:57:47;0.30812;0.30831;0.30801;0.3081466667;14.45619073;14.58603773;14.56;2019-07-23 15:55:35;13.69073962;13.79
2019-07-23 15:58:47;0.30816;0.30835;0.309;0.3085033333;14.47307344;14.60292044;14.56;2019-07-23 15:55:35;13.70672971;13.79
2019-07-23 15:59:47;0.30822;0.30853;0.30808;0.3082766667;14.46234424;14.59219124;14.56;2019-07-23 15:55:35;13.69656778;13.79
2019-07-23 16:00:47;0.30719;0.30783;0.30759;0.3075366667;14.42731654;14.55716354;14.56;2019-07-23 15:55:35;13.66339207;13.79
2019-07-23 16:01:47;0.30779;0.30791;0.30732;0.3076733333;14.43378562;14.56363262;14.56;2019-07-23 15:55:35;13.66951911;13.79
2019-07-23 16:02:47;0.30793;0.3081;0.30798;0.3080033333;14.44940608;14.57925308;14.56;2019-07-23 15:55:35;13.68431369;13.79
2019-07-23 16:03:47;0.30779;0.3078;0.30792;0.3078366667;14.44151696;14.57136396;14.56;2019-07-23 15:55:35;13.67684168;13.79
2019-07-23 16:04:47;0.3078;0.3077;0.30761;0.3077033333;14.43520566;14.56505266;14.56;2019-07-23 15:55:35;13.67086408;13.79
2019-07-23 16:05:47;0.30841;0.3085;0.30781;0.30824;14.46060863;14.59045563;14.54;2019-07-23 16:05:35;13.69669634;13.77
2019-07-23 16:06:47;0.30927;0.30919;0.30937;0.3092766667;14.50967897;14.63952597;14.54;2019-07-23 16:05:35;13.74317818;13.77
2019-07-23 16:07:47;0.30871;0.30908;0.30877;0.3088533333;14.4896406;14.6194876;14.54;2019-07-23 16:05:35;13.72419685;13.77
2019-07-23 16:08:47;0.30929;0.30918;0.30863;0.3090333333;14.49816085;14.62800785;14.54;2019-07-23 16:05:35;13.73226765;13.77
2019-07-23 16:09:47;0.30864;0.30924;0.30875;0.3088766667;14.49074508;14.62059208;14.54;2019-07-23 16:05:35;13.72524306;13.77
2019-07-23 16:10:47;0.30799;0.30808;0.3079;0.30799;14.44877495;14.57862195;14.54;2019-07-23 16:05:35;13.68548689;13.77
2019-07-23 16:11:47;0.30782;0.30835;0.30773;0.3079666667;14.44767048;14.57751748;14.54;2019-07-23 16:05:35;13.68444067;13.77
2019-07-23 16:12:47;0.30759;0.30762;0.30735;0.30752;14.42652763;14.55637463;14.54;2019-07-23 16:05:35;13.66441313;13.77
2019-07-23 16:13:47;0.30755;0.30762;0.30717;0.3074466667;14.42305642;14.55290342;14.54;2019-07-23 16:05:35;13.66112502;13.77
2019-07-23 16:14:47;0.30808;0.30838;0.30742;0.30796;14.44735491;14.57720191;14.54;2019-07-23 16:05:35;13.68414175;13.77
2019-07-23 16:15:47;0.30774;0.30795;0.30766;0.3077833333;14.43899244;14.56883944;14.53;2019-07-23 16:15:35;13.6665229;13.75
2019-07-23 16:16:47;0.30745;0.30787;0.30739;0.30757;14.42889437;14.55874137;14.53;2019-07-23 16:15:35;13.65696423;13.75
2019-07-23 16:17:47;0.30726;0.3076;0.30701;0.30729;14.41564065;14.54548765;14.53;2019-07-23 16:15:35;13.64441847;13.75
2019-07-23 16:18:47;0.30745;0.3076;0.30702;0.3073566667;14.41879629;14.54864329;14.53;2019-07-23 16:15:35;13.64740555;13.75
2019-07-23 16:19:47;0.30717;0.30742;0.30702;0.3072033333;14.4115383;14.5413853;14.53;2019-07-23 16:15:35;13.64053526;13.75
2019-07-23 16:20:47;0.30747;0.3076;0.30703;0.3073666667;14.41926964;14.54911664;14.53;2019-07-23 16:15:35;13.64785362;13.75
2019-07-23 16:21:47;0.30751;0.30742;0.30773;0.3075533333;14.42810546;14.55795246;14.53;2019-07-23 16:15:35;13.65621746;13.75
2019-07-23 16:22:47;0.30756;0.30804;0.30709;0.3075633333;14.4285788;14.5584258;14.53;2019-07-23 16:15:35;13.65666552;13.75
2019-07-23 16:23:47;0.30754;0.30767;0.30716;0.3074566667;14.42352977;14.55337677;14.53;2019-07-23 16:15:35;13.65188618;13.75
2019-07-23 16:24:47;0.30748;0.30787;0.30716;0.3075033333;14.42573872;14.55558572;14.53;2019-07-23 16:15:35;13.65397714;13.75
2019-07-23 16:25:47;0.307;0.30732;0.30716;0.30716;14.40948713;14.53933413;14.51;2019-07-23 16:25:36;13.64351238;13.74
2019-07-23 16:26:47;0.30718;0.3073;0.30716;0.3072133333;14.41201165;14.54185865;14.51;2019-07-23 16:25:36;13.6459029;13.74
2019-07-23 16:27:48;0.30691;0.307;0.3067;0.30687;14.39576006;14.52560706;14.51;2019-07-23 16:25:36;13.63051391;13.74
2019-07-23 16:28:47;0.30718;0.30771;0.3067;0.3071966667;14.41122274;14.54106974;14.51;2019-07-23 16:25:36;13.64515587;13.74
2019-07-23 16:29:47;0.30743;0.30725;0.30678;0.3071533333;14.40917157;14.53901857;14.51;2019-07-23 16:25:36;13.64321357;13.74
2019-07-23 16:30:47;0.30697;0.30711;0.30678;0.3069533333;14.39970462;14.52955162;14.51;2019-07-23 16:25:36;13.63424911;13.74
2019-07-23 16:31:47;0.30663;0.307;0.30678;0.3068033333;14.39260441;14.52245141;14.51;2019-07-23 16:25:36;13.62752576;13.74
2019-07-23 16:32:47;0.30659;0.30669;0.30633;0.3065366667;14.37998182;14.50982882;14.51;2019-07-23 16:25:36;13.61557315;13.74
2019-07-23 16:33:47;0.30635;0.30616;0.30605;0.3061866667;14.36341467;14.49326167;14.51;2019-07-23 16:25:36;13.59988534;13.74
2019-07-23 16:34:47;0.30623;0.3058;0.30647;0.3061666667;14.36246797;14.49231497;14.51;2019-07-23 16:25:36;13.5989889;13.74
2019-07-23 16:35:47;0.30624;0.30573;0.30587;0.3059466667;14.34739017;14.47723717;14.46;2019-07-23 16:35:36;13.5899985;13.7
2019-07-23 16:36:47;0.30651;0.30645;0.3059;0.3062866667;14.3634788;14.4933258;14.46;2019-07-23 16:35:36;13.60523905;13.7
2019-07-23 16:37:47;0.30728;0.307;0.30681;0.30703;14.39865294;14.52849994;14.46;2019-07-23 16:35:36;13.63855907;13.7
2019-07-23 16:38:47;0.30789;0.30781;0.3074;0.3077;14.430357;14.560204;14.46;2019-07-23 16:35:36;13.66859192;13.7
2019-07-23 16:39:47;0.30793;0.30798;0.30796;0.3079566667;14.44250233;14.57234933;14.46;2019-07-23 16:35:36;13.68009704;13.7
2019-07-23 16:40:47;0.30864;0.30803;0.30838;0.30835;14.46111466;14.59096166;14.46;2019-07-23 16:35:36;13.69772826;13.7
2019-07-23 16:41:47;0.30866;0.30843;0.30794;0.3083433333;14.46079919;14.59064619;14.46;2019-07-23 16:35:36;13.69742943;13.7
2019-07-23 16:42:47;0.3089;0.30859;0.30794;0.3084766667;14.46710846;14.59695546;14.46;2019-07-23 16:35:36;13.70340611;13.7
2019-07-23 16:43:47;0.3094;0.30894;0.30885;0.3090633333;14.49486922;14.62471622;14.46;2019-07-23 16:35:36;13.72970353;13.7
2019-07-23 16:44:47;0.30919;0.30891;0.30848;0.30886;14.48524759;14.61509459;14.46;2019-07-23 16:35:36;13.72058909;13.7
2019-07-23 16:45:47;0.30931;0.309;0.30877;0.3090266667;14.49313417;14.62298117;14.55;2019-07-23 16:45:35;13.73569952;13.79
2019-07-23 16:46:47;0.30973;0.30973;0.30921;0.3095566667;14.5182135;14.6480605;14.55;2019-07-23 16:45:35;13.75946995;13.79
2019-07-23 16:47:47;0.30939;0.30935;0.30898;0.30924;14.503229;14.633076;14.55;2019-07-23 16:45:35;13.74526749;13.79
2019-07-23 16:48:47;0.309;0.30909;0.30898;0.3090233333;14.49297644;14.62282344;14.55;2019-07-23 16:45:35;13.73555002;13.79
2019-07-23 16:49:47;0.30887;0.30864;0.30836;0.3086233333;14.47404865;14.60389565;14.55;2019-07-23 16:45:35;13.71761007;13.79
2019-07-23 16:50:47;0.30868;0.30877;0.30836;0.3086033333;14.47310226;14.60294926;14.55;2019-07-23 16:45:35;13.71671308;13.79
2019-07-23 16:51:47;0.30885;0.30882;0.30836;0.3086766667;14.47657235;14.60641935;14.55;2019-07-23 16:45:35;13.72000207;13.79
2019-07-23 16:52:47;0.30874;0.30853;0.30836;0.3085433333;14.47026309;14.60011009;14.55;2019-07-23 16:45:35;13.71402208;13.79
2019-07-23 16:53:47;0.30858;0.30829;0.30836;0.30841;14.46395383;14.59380083;14.55;2019-07-23 16:45:35;13.7080421;13.79
2019-07-23 16:54:47;0.30918;0.3089;0.30873;0.3089366667;14.48887542;14.61872242;14.55;2019-07-23 16:45:35;13.73166303;13.79
2019-07-23 16:55:47;0.3091;0.30916;0.30882;0.3090266667;14.49313417;14.62298117;14.55;2019-07-23 16:55:35;13.73286786;13.79
2019-07-23 16:56:47;0.30906;0.30894;0.3086;0.3088666667;14.48556306;14.61541006;14.55;2019-07-23 16:55:35;13.72569335;13.79
2019-07-23 16:57:47;0.30909;0.30917;0.30859;0.30895;14.48950635;14.61935335;14.55;2019-07-23 16:55:35;13.72943008;13.79
2019-07-23 16:58:47;0.30911;0.30898;0.30859;0.3088933333;14.48682491;14.61667191;14.55;2019-07-23 16:55:35;13.7268891;13.79
2019-07-23 16:59:47;0.30914;0.30922;0.30859;0.3089833333;14.49108366;14.62093066;14.55;2019-07-23 16:55:35;13.73092477;13.79
2019-07-23 17:00:47;0.30926;0.30934;0.30876;0.30912;14.49755066;14.62739766;14.55;2019-07-23 16:55:35;13.737053;13.79
2019-07-23 17:01:47;0.30925;0.30919;0.30922;0.30922;14.50228261;14.63212961;14.55;2019-07-23 16:55:35;13.74153707;13.79
2019-07-23 17:02:47;0.30936;0.30919;0.30913;0.3092266667;14.50259807;14.63244507;14.55;2019-07-23 16:55:35;13.741836;13.79
2019-07-23 17:03:47;0.30931;0.30958;0.30895;0.30928;14.50512177;14.63496877;14.55;2019-07-23 16:55:35;13.74422751;13.79
2019-07-23 17:04:47;0.30955;0.30947;0.30895;0.3093233333;14.50717229;14.63701929;14.55;2019-07-23 16:55:35;13.7461706;13.79
2019-07-23 17:05:47;0.30947;0.3094;0.3091;0.3093233333;14.50717229;14.63701929;14.56;2019-07-23 17:05:35;13.74710801;13.8
2019-07-23 17:06:47;0.30967;0.30932;0.30914;0.3093766667;14.50969599;14.63954299;14.56;2019-07-23 17:05:35;13.74949968;13.8
2019-07-23 17:07:47;0.30923;0.30913;0.30938;0.3092466667;14.50354446;14.63339146;14.56;2019-07-23 17:05:35;13.74366999;13.8
2019-07-23 17:08:47;0.30936;0.30942;0.30907;0.3092833333;14.50527951;14.63512651;14.56;2019-07-23 17:05:35;13.74531426;13.8
2019-07-23 17:09:47;0.30938;0.30916;0.30907;0.3092033333;14.50149395;14.63134095;14.56;2019-07-23 17:05:35;13.74172676;13.8
2019-07-23 17:10:47;0.30943;0.30947;0.30904;0.3093133333;14.50669909;14.63654609;14.56;2019-07-23 17:05:35;13.74665958;13.8
2019-07-23 17:11:47;0.30932;0.30933;0.30904;0.30923;14.5027558;14.6326028;14.56;2019-07-23 17:05:35;13.7429226;13.8
2019-07-23 17:12:47;0.30949;0.3096;0.30977;0.30962;14.5212104;14.6510574;14.56;2019-07-23 17:05:35;13.76041165;13.8
2019-07-23 17:13:47;0.30976;0.30997;0.30974;0.3098233333;14.53083203;14.66067903;14.56;2019-07-23 17:05:35;13.76952988;13.8
2019-07-23 17:14:47;0.30995;0.31007;0.30934;0.3097866667;14.52909698;14.65894398;14.56;2019-07-23 17:05:35;13.76788561;13.8
2019-07-23 17:15:47;0.31007;0.30989;0.30934;0.3097666667;14.52815059;14.65799759;14.58;2019-07-23 17:15:35;13.7598802;13.81
2019-07-23 17:16:47;0.30995;0.30968;0.30934;0.3096566667;14.52294545;14.65279245;14.58;2019-07-23 17:15:35;13.75494992;13.81
2019-07-23 17:17:47;0.30984;0.30968;0.30975;0.3097566667;14.52767739;14.65752439;14.58;2019-07-23 17:15:35;13.759432;13.81
2019-07-23 17:18:47;0.30989;0.30968;0.30943;0.3096666667;14.52341864;14.65326564;14.58;2019-07-23 17:15:35;13.75539812;13.81
2019-07-23 17:19:47;0.30982;0.30969;0.30943;0.3096466667;14.52247225;14.65231925;14.58;2019-07-23 17:15:35;13.75450171;13.81
2019-07-23 17:20:47;0.30959;0.30962;0.30943;0.3095466667;14.5177403;14.6475873;14.58;2019-07-23 17:15:35;13.75001963;13.81
2019-07-23 17:21:47;0.30993;0.30957;0.31;0.3098333333;14.53130522;14.66115222;14.58;2019-07-23 17:15:35;13.76286826;13.81
2019-07-23 17:22:47;0.30947;0.30934;0.30924;0.30935;14.50843414;14.63828114;14.58;2019-07-23 17:15:35;13.74120488;13.81
2019-07-23 17:23:47;0.30963;0.30975;0.30924;0.30954;14.51742484;14.64727184;14.58;2019-07-23 17:15:35;13.74972082;13.81
2019-07-23 17:24:47;0.30977;0.30957;0.30924;0.3095266667;14.51679391;14.64664091;14.58;2019-07-23 17:15:35;13.74912321;13.81
2019-07-23 17:25:47;0.30955;0.30957;0.30979;0.3096366667;14.52305801;14.65290501;14.57;2019-07-23 17:25:36;13.75591747;13.8
2019-07-23 17:26:47;0.30964;0.30961;0.30924;0.3094966667;14.51643281;14.64627981;14.57;2019-07-23 17:25:36;13.74964172;13.8
2019-07-23 17:27:47;0.30932;0.3096;0.30924;0.3093866667;14.51122729;14.64107429;14.57;2019-07-23 17:25:36;13.74471077;13.8
2019-07-23 17:28:47;0.30948;0.30912;0.30924;0.30928;14.50617951;14.63602651;14.57;2019-07-23 17:25:36;13.73992924;13.8
2019-07-23 17:29:47;0.30942;0.30942;0.30924;0.30936;14.50996534;14.63981234;14.57;2019-07-23 17:25:36;13.74351539;13.8
2019-07-23 17:30:47;0.3094;0.30942;0.30862;0.3091466667;14.49986979;14.62971679;14.57;2019-07-23 17:25:36;13.73395233;13.8
2019-07-23 17:31:47;0.30952;0.30942;0.30877;0.3092366667;14.50412885;14.63397585;14.57;2019-07-23 17:25:36;13.73798675;13.8
2019-07-23 17:32:47;0.3097;0.3098;0.30904;0.3095133333;14.51722152;14.64706852;14.57;2019-07-23 17:25:36;13.75038883;13.8
2019-07-23 17:33:47;0.30946;0.30966;0.30904;0.3093866667;14.51122729;14.64107429;14.57;2019-07-23 17:25:36;13.74471077;13.8
2019-07-23 17:34:47;0.30949;0.30962;0.30882;0.30931;14.5075992;14.6374462;14.57;2019-07-23 17:25:36;13.74127405;13.8
2019-07-23 17:35:47;0.30949;0.30962;0.30922;0.3094433333;14.51390892;14.64375592;14.56;2019-07-23 17:35:36;13.74626693;13.79
2019-07-23 17:36:47;0.30931;0.30963;0.30908;0.30934;14.50901889;14.63886589;14.56;2019-07-23 17:35:36;13.74163516;13.79
2019-07-23 17:37:47;0.3094;0.30932;0.30872;0.3091466667;14.49986979;14.62971679;14.56;2019-07-23 17:35:36;13.73296926;13.79
2019-07-23 17:38:47;0.30929;0.30933;0.30871;0.30911;14.49813462;14.62798162;14.56;2019-07-23 17:35:36;13.73132573;13.79
2019-07-23 17:39:47;0.30939;0.30926;0.30905;0.3092333333;14.50397111;14.63381811;14.56;2019-07-23 17:35:36;13.73685397;13.79
2019-07-23 17:40:47;0.30937;0.30919;0.30897;0.3091766667;14.50128948;14.63113648;14.56;2019-07-23 17:35:36;13.73431397;13.79
2019-07-23 17:41:47;0.30936;0.30929;0.30868;0.30911;14.49813462;14.62798162;14.56;2019-07-23 17:35:36;13.73132573;13.79
2019-07-23 17:42:47;0.30928;0.30934;0.30854;0.3090533333;14.49545299;14.62529999;14.56;2019-07-23 17:35:36;13.72878572;13.79
2019-07-23 17:43:47;0.30921;0.30913;0.30854;0.30896;14.49103618;14.62088318;14.56;2019-07-23 17:35:36;13.72460218;13.79
2019-07-23 17:44:47;0.30928;0.30902;0.30894;0.30908;14.49671493;14.62656193;14.56;2019-07-23 17:35:36;13.72998102;13.79
2019-07-23 17:45:47;0.30927;0.30902;0.30856;0.30895;14.49056296;14.62040996;14.55;2019-07-23 17:45:36;13.72472243;13.78
2019-07-23 17:46:47;0.3094;0.3095;0.30866;0.3091866667;14.50176271;14.63160971;14.55;2019-07-23 17:45:36;13.73533113;13.78
2019-07-23 17:47:47;0.30977;0.3095;0.30866;0.30931;14.5075992;14.6374462;14.55;2019-07-23 17:45:36;13.7408596;13.78
2019-07-23 17:48:47;0.31025;0.31;0.30866;0.3096366667;14.52305801;14.65290501;14.55;2019-07-23 17:45:36;13.75550258;13.78
2019-07-23 17:49:47;0.31048;0.31064;0.31;0.3103733333;14.55791922;14.68776622;14.55;2019-07-23 17:45:36;13.78852401;13.78
2019-07-23 17:50:47;0.31046;0.31053;0.30973;0.31024;14.5516095;14.6814565;14.55;2019-07-23 17:45:36;13.78254728;13.78
2019-07-23 17:51:47;0.31029;0.30993;0.3096;0.30994;14.53741263;14.66725963;14.55;2019-07-23 17:45:36;13.76909964;13.78
2019-07-23 17:52:47;0.31001;0.31038;0.30988;0.31009;14.54451106;14.67435806;14.55;2019-07-23 17:45:36;13.77582346;13.78
2019-07-23 17:53:47;0.31018;0.31043;0.30944;0.3100166667;14.54104072;14.67088772;14.55;2019-07-23 17:45:36;13.77253626;13.78
2019-07-23 17:54:47;0.31016;0.31026;0.30975;0.3100566667;14.54293363;14.67278063;14.55;2019-07-23 17:45:36;13.77432928;13.78
2019-07-23 17:55:47;0.31001;0.31001;0.30971;0.30991;14.53599294;14.66583994;14.58;2019-07-23 17:55:36;13.76714664;13.81
2019-07-23 17:56:47;0.30997;0.31;0.30962;0.3098633333;14.53378454;14.66363154;14.58;2019-07-23 17:55:36;13.76505488;13.81
2019-07-23 17:57:47;0.31039;0.31057;0.30953;0.3101633333;14.54798141;14.67782841;14.58;2019-07-23 17:55:36;13.77850193;13.81
2019-07-23 17:58:47;0.31053;0.31061;0.31;0.31038;14.5582347;14.6880817;14.58;2019-07-23 17:55:36;13.78821369;13.81
2019-07-23 17:59:47;0.31073;0.31082;0.30976;0.3104366667;14.56091633;14.69076333;14.58;2019-07-23 17:55:36;13.79075368;13.81
