2019-08-08 06:00:58;225.9758768;225.255;225.35;225.5269589;20.17817963;21.69341563;20.16;2019-08-08 05:57:14;18.6281613;18.61
2019-08-08 06:01:23;225.97;225.23;225.1;225.4333333;20.16917379;21.68440979;20.16;2019-08-08 05:57:14;18.61981087;18.61
2019-08-08 06:02:23;225.86;225.11;225.25;225.4066667;20.16660873;21.68184473;20.16;2019-08-08 05:57:14;18.61743247;18.61
2019-08-08 06:03:23;225.72;225.115;225.17;225.335;20.15971512;21.67495112;20.16;2019-08-08 05:57:14;18.61104055;18.61
2019-08-08 06:04:23;225.7263682;225.085;225.13;225.3137894;20.15767487;21.67291087;20.16;2019-08-08 05:57:14;18.60914878;18.61
2019-08-08 06:05:23;225.7263682;225.075;225.17;225.3237894;20.15863677;21.67387277;20.16;2019-08-08 05:57:14;18.61004068;18.61
2019-08-08 06:06:23;225.73;225.195;225.12;225.3483333;20.16099765;21.67623365;20.16;2019-08-08 05:57:14;18.61222974;18.61
2019-08-08 06:07:23;225.68;225.085;225.27;225.345;20.16067702;21.67591302;20.17;2019-08-08 06:07:14;18.61420202;18.62
2019-08-08 06:08:23;225.8865514;225.34;225.3;225.5088505;20.17643778;21.69167378;20.17;2019-08-08 06:07:14;18.62881744;18.62
2019-08-08 06:09:23;225.7;225.065;225.18;225.315;20.15779132;21.67302732;20.17;2019-08-08 06:07:14;18.61152602;18.62
2019-08-08 06:10:23;225.44;225.005;225.02;225.155;20.14240093;21.65763693;20.17;2019-08-08 06:07:14;18.59725406;18.62
2019-08-08 06:11:23;225.38;224.68;224.66;224.9066667;20.11851378;21.63374978;20.17;2019-08-08 06:07:14;18.57510279;18.62
2019-08-08 06:12:23;225.2390615;224.695;224.84;224.9246872;20.12024716;21.63548316;20.17;2019-08-08 06:07:14;18.57671021;18.62
2019-08-08 06:13:23;225.2;224.695;224.82;224.905;20.11835346;21.63358946;20.17;2019-08-08 06:07:14;18.57495412;18.62
2019-08-08 06:14:23;225.2036855;224.755;224.78;224.9128952;20.1191129;21.6343489;20.17;2019-08-08 06:07:14;18.57565837;18.62
2019-08-08 06:15:22;225.2036855;224.765;224.68;224.8828952;20.1162272;21.6314632;20.17;2019-08-08 06:07:14;18.57298237;18.62
2019-08-08 06:16:22;225.14;224.57;224.77;224.8266667;20.11081858;21.62605458;20.17;2019-08-08 06:07:14;18.5679668;18.62
2019-08-08 06:17:23;225.14;224.535;224.66;224.7783333;20.10142658;21.61666258;20.11;2019-08-08 06:17:14;18.56093259;18.57
2019-08-08 06:18:23;225.14;224.49;224.53;224.72;20.09581674;21.61105274;20.11;2019-08-08 06:17:14;18.55572998;18.57
2019-08-08 06:19:23;225.14;224.355;224.32;224.605;20.08475732;21.59999332;20.11;2019-08-08 06:17:14;18.5454734;18.57
2019-08-08 06:20:23;224.7;224.045;224.09;224.2783333;20.05334218;21.56857818;20.11;2019-08-08 06:17:14;18.51633876;18.57
2019-08-08 06:21:23;224.5057597;223.86;224.17;224.1785866;20.04374966;21.55898566;20.11;2019-08-08 06:17:14;18.50744258;18.57
2019-08-08 06:22:23;224.5057597;223.955;224.2;224.2202532;20.04775669;21.56299269;20.11;2019-08-08 06:17:14;18.51115874;18.57
2019-08-08 06:23:23;224.58;223.94;224.18;224.2333333;20.04901459;21.56425059;20.11;2019-08-08 06:17:14;18.51232532;18.57
2019-08-08 06:24:23;224.66;223.935;224.17;224.255;20.05109824;21.56633424;20.11;2019-08-08 06:17:14;18.51425772;18.57
2019-08-08 06:25:23;224.44;223.855;224.1;224.1316667;20.03923743;21.55447343;20.11;2019-08-08 06:17:14;18.50325791;18.57
2019-08-08 06:26:23;224.42;223.77;224.05;224.08;20.0342687;21.5495047;20.11;2019-08-08 06:17:14;18.49864988;18.57
2019-08-08 06:27:23;224.46;223.9;224.34;224.2333333;20.04901459;21.56425059;20.03;2019-08-08 06:27:14;18.51456895;18.5
2019-08-08 06:28:23;224.39;223.94;224.12;224.15;20.04100052;21.55623652;20.03;2019-08-08 06:27:14;18.50713581;18.5
2019-08-08 06:29:23;224.54;223.67;224.23;224.1466667;20.04067996;21.55591596;20.03;2019-08-08 06:27:14;18.50683849;18.5
2019-08-08 06:30:25;224.59;223.89;224.38;224.2866667;20.05414359;21.56937959;20.03;2019-08-08 06:27:14;18.51932616;18.5
2019-08-08 06:31:23;224.72;224.035;224.49;224.415;20.06648525;21.58172125;20.03;2019-08-08 06:27:14;18.53077319;18.5
2019-08-08 06:32:23;224.71;224.295;224.28;224.4283333;20.0677675;21.5830035;20.03;2019-08-08 06:27:14;18.53196249;18.5
2019-08-08 06:33:23;224.64;223.995;224.32;224.3183333;20.05718893;21.57242493;20.03;2019-08-08 06:27:14;18.52215075;18.5
2019-08-08 06:34:23;224.67;223.975;224.7;224.4483333;20.06969088;21.58492688;20.03;2019-08-08 06:27:14;18.53374645;18.5
2019-08-08 06:35:24;224.72;224.345;224.72;224.595;20.08379564;21.59903164;20.03;2019-08-08 06:27:14;18.54682877;18.5
2019-08-08 06:36:23;225;224.345;224.95;224.765;20.10014433;21.61538033;20.03;2019-08-08 06:27:14;18.56199237;18.5
2019-08-08 06:37:23;225.5160627;224.725;224.99;225.0770209;20.13015101;21.64538701;20.11;2019-08-08 06:37:14;18.58757183;18.57
2019-08-08 06:38:23;225.28;224.715;224.9;224.965;20.11937809;21.63461409;20.11;2019-08-08 06:37:14;18.57758095;18.57
2019-08-08 06:39:23;225.38;224.78;224.96;225.04;20.12659075;21.64182675;20.11;2019-08-08 06:37:14;18.58427002;18.57
2019-08-08 06:40:23;225.38;224.78;224.88;225.0133333;20.12402625;21.63926225;20.11;2019-08-08 06:37:14;18.58189169;18.57
2019-08-08 06:41:23;225.23;224.735;224.9;224.955;20.1184164;21.6336524;20.11;2019-08-08 06:37:14;18.57668907;18.57
2019-08-08 06:42:23;225.26;224.735;224.71;224.9016667;20.1132874;21.6285234;20.11;2019-08-08 06:37:14;18.5719324;18.57
2019-08-08 06:43:23;225.04;224.545;224.64;224.7416667;20.09790039;21.61313639;20.11;2019-08-08 06:37:14;18.55766237;18.57
2019-08-08 06:44:23;225.04;224.365;224.64;224.6816667;20.09213027;21.60736627;20.11;2019-08-08 06:37:14;18.55231112;18.57
2019-08-08 06:45:23;225.04;224.375;224.59;224.6683333;20.09084801;21.60608401;20.11;2019-08-08 06:37:14;18.55112195;18.57
2019-08-08 06:46:23;225.04;224.265;224.65;224.6516667;20.0892452;21.6044812;20.11;2019-08-08 06:37:14;18.54963549;18.57
2019-08-08 06:47:23;225.02;224.365;224.68;224.6883333;20.09277139;21.60800739;20.09;2019-08-08 06:47:14;18.55520321;18.55
2019-08-08 06:48:23;225.02;224.435;224.83;224.7616667;20.09982377;21.61505977;20.09;2019-08-08 06:47:14;18.56174439;18.55
2019-08-08 06:49:23;225.37;224.495;224.96;224.9416667;20.11713415;21.63237015;20.09;2019-08-08 06:47:14;18.5778;18.55
2019-08-08 06:50:23;225.18;224.535;224.92;224.8783333;20.11104346;21.62627946;20.09;2019-08-08 06:47:14;18.57215081;18.55
2019-08-08 06:51:23;225.252033;224.615;225;224.9556777;20.11848158;21.63371758;20.09;2019-08-08 06:47:14;18.57904976;18.55
2019-08-08 06:52:23;225.26;224.615;225;224.9583333;20.11873697;21.63397297;20.09;2019-08-08 06:47:14;18.57928664;18.55
2019-08-08 06:53:22;225.26;224.64;224.96;224.9533333;20.11825612;21.63349212;20.09;2019-08-08 06:47:14;18.57884065;18.55
2019-08-08 06:54:23;225.26;224.76;224.88;224.9666667;20.11953837;21.63477437;20.09;2019-08-08 06:47:14;18.58002995;18.55
2019-08-08 06:55:23;225.26;224.63;224.95;224.9466667;20.117615;21.632851;20.09;2019-08-08 06:47:14;18.57824599;18.55
2019-08-08 06:56:23;225.25;224.635;224.95;224.945;20.11745472;21.63269072;20.09;2019-08-08 06:47:14;18.57809733;18.55
2019-08-08 06:57:23;225.12;224.605;224.87;224.865;20.10976121;21.62499721;20.11;2019-08-08 06:57:14;18.5643098;18.56
2019-08-08 06:58:23;225.17;224.515;224.95;224.8783333;20.11104346;21.62627946;20.11;2019-08-08 06:57:14;18.56549871;18.56
2019-08-08 06:59:23;225.18;224.515;224.92;224.8716667;20.11040234;21.62563834;20.11;2019-08-08 06:57:14;18.56490426;18.56
2019-08-08 07:00:23;225.18;224.515;225.05;224.915;20.11456965;21.62980565;20.11;2019-08-08 06:57:14;18.56876822;18.56
2019-08-08 07:01:23;225.44;224.515;225.27;225.075;20.12995666;21.64519266;20.11;2019-08-08 06:57:14;18.58303514;18.56
2019-08-08 07:02:23;225.52;224.735;225.3;225.185;20.14053523;21.65577123;20.11;2019-08-08 06:57:14;18.59284366;18.56
2019-08-08 07:03:23;225.62;224.905;225.14;225.2216667;20.14406142;21.65929742;20.11;2019-08-08 06:57:14;18.59611316;18.56
2019-08-08 07:04:23;225.43;224.745;225.21;225.1283333;20.13508566;21.65032166;20.11;2019-08-08 06:57:14;18.58779079;18.56
2019-08-08 07:05:23;225.54;224.885;225.37;225.265;20.14822873;21.66346473;20.11;2019-08-08 06:57:14;18.59997712;18.56
2019-08-08 07:06:23;225.68;225.03;225.35;225.3533333;20.15672364;21.67195964;20.11;2019-08-08 06:57:14;18.60785365;18.56
2019-08-08 07:07:23;225.68;225.035;225.41;225.375;20.1588073;21.6740433;20.14;2019-08-08 07:07:14;18.61125333;18.59
2019-08-08 07:08:25;225.68;225.035;225.39;225.3683333;20.15816617;21.67340217;20.14;2019-08-08 07:07:14;18.61065883;18.59
2019-08-08 07:09:23;225.69;224.975;225.41;225.3583333;20.15720449;21.67244049;20.14;2019-08-08 07:07:14;18.60976708;18.59
2019-08-08 07:10:23;225.69;225.015;225.48;225.395;20.16073068;21.67596668;20.14;2019-08-08 07:07:14;18.61303683;18.59
2019-08-08 07:11:23;225.69;225.015;225.46;225.3883333;20.16008955;21.67532555;20.14;2019-08-08 07:07:14;18.61244233;18.59
2019-08-08 07:12:23;225.69;225.035;225.53;225.4183333;20.16297461;21.67821061;20.14;2019-08-08 07:07:14;18.61511757;18.59
2019-08-08 07:13:23;225.6895035;225.035;225.45;225.3915012;20.1603942;21.6756302;20.14;2019-08-08 07:07:14;18.61272482;18.59
2019-08-08 07:14:23;226;225.03;225.68;225.57;20.17756022;21.69279622;20.14;2019-08-08 07:07:14;18.62864242;18.59
2019-08-08 07:15:23;226;225.215;225.71;225.6416667;20.18445231;21.69968831;20.14;2019-08-08 07:07:14;18.63503328;18.59
2019-08-08 07:16:23;226.11;225.255;225.72;225.695;20.18958132;21.70481732;20.14;2019-08-08 07:07:14;18.63978927;18.59
2019-08-08 07:17:23;226.05;225.255;225.65;225.6516667;20.21045231;21.72568831;20.2;2019-08-08 07:17:14;18.64114975;18.63
2019-08-08 07:18:23;226.08;225.255;225.55;225.6283333;20.20820578;21.72344178;20.2;2019-08-08 07:17:14;18.63906846;18.63
2019-08-08 07:19:23;226.08;225.22;225.46;225.5866667;20.20419413;21.71943013;20.2;2019-08-08 07:17:14;18.63535188;18.63
2019-08-08 07:20:23;225.75;225.015;225.27;225.345;20.18092652;21.69616252;20.2;2019-08-08 07:17:14;18.6137957;18.63
2019-08-08 07:21:23;225.88;224.915;225.34;225.3783333;20.18413584;21.69937184;20.2;2019-08-08 07:17:14;18.61676897;18.63
2019-08-08 07:22:23;225.8;224.975;225.33;225.3683333;20.18317304;21.69840904;20.2;2019-08-08 07:17:14;18.61587699;18.63
2019-08-08 07:23:23;225.8;224.955;225.39;225.3816667;20.18445678;21.69969278;20.2;2019-08-08 07:17:14;18.6170663;18.63
2019-08-08 07:24:23;225.8;225.035;225.4;225.4116667;20.18734517;21.70258117;20.2;2019-08-08 07:17:14;18.61974223;18.63
2019-08-08 07:25:23;225.8;225.085;225.29;225.3916667;20.18541957;21.70065557;20.2;2019-08-08 07:17:14;18.61795828;18.63
2019-08-08 07:27:23;225.64;225.035;225.4;225.3583333;20.18221025;21.69744625;20.17;2019-08-08 07:27:14;18.61322988;18.6
2019-08-08 07:28:23;226.14;225.23;225.53;225.6333333;20.20868718;21.72392318;20.17;2019-08-08 07:27:14;18.63775717;18.6
2019-08-08 07:29:23;225.94;225.285;225.45;225.5583333;20.2014662;21.7167022;20.17;2019-08-08 07:27:14;18.63106791;18.6
2019-08-08 07:30:23;225.92;225.24;225.38;225.5133333;20.19713361;21.71236961;20.17;2019-08-08 07:27:14;18.62705435;18.6
2019-08-08 07:31:23;225.82;225.035;225.25;225.3683333;20.18317304;21.69840904;20.17;2019-08-08 07:27:14;18.61412178;18.6
2019-08-08 07:32:23;225.77;225.035;225.36;225.3883333;20.18509864;21.70033464;20.17;2019-08-08 07:27:14;18.61590558;18.6
2019-08-08 07:33:23;225.75;225.035;225.23;225.3383333;20.18028465;21.69552065;20.17;2019-08-08 07:27:14;18.61144607;18.6
2019-08-08 07:34:23;225.75;225.035;225.2;225.3283333;20.17932185;21.69455785;20.17;2019-08-08 07:27:14;18.61055417;18.6
2019-08-08 07:35:23;225.73;224.895;225.4;225.3416667;20.18060558;21.69584158;20.17;2019-08-08 07:27:14;18.61174337;18.6
2019-08-08 07:36:23;225.73;224.935;225.18;225.2816667;20.1748288;21.6900648;20.17;2019-08-08 07:27:14;18.60639196;18.6
2019-08-08 07:37:23;225.73;224.715;225.1;225.1816667;20.16520082;21.68043682;20.17;2019-08-08 07:37:14;18.60390339;18.61
2019-08-08 07:38:23;225.73;224.685;225.01;225.1416667;20.16134963;21.67658563;20.17;2019-08-08 07:37:14;18.60033464;18.61
2019-08-08 07:39:26;225.73;224.685;224.94;225.1183333;20.1591031;21.6743391;20.17;2019-08-08 07:37:14;18.59825287;18.61
2019-08-08 07:40:23;225.43;224.565;224.99;224.995;20.1472286;21.6624646;20.17;2019-08-08 07:37:14;18.58724922;18.61
2019-08-08 07:41:23;225.43;224.63;225.02;225.0266667;20.15027746;21.66551346;20.17;2019-08-08 07:37:14;18.59007448;18.61
2019-08-08 07:42:23;225.27;224.535;225.03;224.945;20.14241461;21.65765061;20.17;2019-08-08 07:37:14;18.58278829;18.61
2019-08-08 07:43:23;225.27;224.495;225.03;224.9316667;20.14113088;21.65636688;20.17;2019-08-08 07:37:14;18.5815987;18.61
2019-08-08 07:44:22;225.53;224.805;225.18;225.1716667;20.16423803;21.67947403;20.17;2019-08-08 07:37:14;18.6030112;18.61
2019-08-08 07:45:23;225.55;224.825;225.22;225.1983333;20.16680549;21.68204149;20.17;2019-08-08 07:37:14;18.60539037;18.61
2019-08-08 07:46:23;225.44;224.865;225.15;225.1516667;20.16231243;21.67754843;20.17;2019-08-08 07:37:14;18.60122682;18.61
2019-08-08 07:47:23;225.56;224.855;225.21;225.2083333;20.16776828;21.68300428;20.16;2019-08-08 07:47:14;18.60728656;18.6
2019-08-08 07:48:23;225.51;224.855;225.36;225.2416667;20.17097761;21.68621361;20.16;2019-08-08 07:47:14;18.61026067;18.6
2019-08-08 07:49:23;225.51;224.885;225.31;225.235;20.17033574;21.68557174;20.16;2019-08-08 07:47:14;18.60966585;18.6
2019-08-08 07:50:23;225.51;224.815;225.4;225.2416667;20.17097761;21.68621361;20.16;2019-08-08 07:47:14;18.61026067;18.6
2019-08-08 07:51:23;225.51;224.815;225.36;225.2283333;20.16969388;21.68492988;20.16;2019-08-08 07:47:14;18.60907102;18.6
2019-08-08 07:52:23;225.67;224.815;225.53;225.3383333;20.18028465;21.69552065;20.16;2019-08-08 07:47:14;18.61888557;18.6
2019-08-08 07:53:23;225.67;224.995;225.47;225.3783333;20.18413584;21.69937184;20.16;2019-08-08 07:47:14;18.6224545;18.6
2019-08-08 07:54:23;225.72;224.995;225.41;225.375;20.18381491;21.69905091;20.16;2019-08-08 07:47:14;18.62215709;18.6
2019-08-08 07:55:23;225.72;224.995;225.35;225.355;20.18188931;21.69712531;20.16;2019-08-08 07:47:14;18.62037263;18.6
2019-08-08 07:56:23;225.65;224.995;225.4;225.3483333;20.18124745;21.69648345;20.16;2019-08-08 07:47:14;18.61977781;18.6
2019-08-08 07:57:23;226.07;224.995;225.47;225.5116667;20.19697314;21.71220914;20.18;2019-08-08 07:57:14;18.62709494;18.61
2019-08-08 07:58:22;226.01;224.995;225.5;225.5016667;20.19601035;21.71124635;20.18;2019-08-08 07:57:14;18.62620303;18.61
2019-08-08 07:59:23;226.3;224.995;225.48;225.5916667;20.20467552;21.71991152;20.18;2019-08-08 07:57:14;18.63423023;18.61
2019-08-08 08:00:23;226.49;225.205;225.65;225.7816667;20.22296868;21.73820468;20.18;2019-08-08 07:57:14;18.65117652;18.61
2019-08-08 08:01:23;226.59;225.275;225.78;225.8816667;20.23259666;21.74783266;20.18;2019-08-08 07:57:14;18.66009562;18.61
2019-08-08 08:02:23;226.37;225.495;225.72;225.8616667;20.23067106;21.74590706;20.18;2019-08-08 07:57:14;18.6583118;18.61
2019-08-08 08:03:23;226.57;225.42;225.74;225.91;20.23532458;21.75056058;20.18;2019-08-08 07:57:14;18.6626227;18.61
2019-08-08 08:04:23;226.72;225.54;225.78;226.0133333;20.24527349;21.76050949;20.18;2019-08-08 07:57:14;18.6718391;18.61
2019-08-08 08:05:23;226.67;225.495;225.75;225.9716667;20.24126183;21.75649783;20.18;2019-08-08 07:57:14;18.66812281;18.61
2019-08-08 08:06:23;226.67;225.465;225.84;225.9916667;20.24318743;21.75842343;20.18;2019-08-08 07:57:14;18.66990663;18.61
2019-08-08 08:07:23;226.6644239;225.535;225.63;225.9431413;20.22140022;21.73663622;20.22;2019-08-08 08:07:15;18.65503439;18.65
2019-08-08 08:08:28;226.49;225.435;225.56;225.8283333;20.21035524;21.72559124;20.22;2019-08-08 08:07:15;18.64479991;18.65
2019-08-08 08:09:23;226.4451221;225.315;225.62;225.793374;20.20699201;21.72222801;20.22;2019-08-08 08:07:15;18.64168349;18.65
2019-08-08 08:10:23;226.4451221;225.365;225.67;225.8267074;20.21019882;21.72543482;20.22;2019-08-08 08:07:15;18.64465497;18.65
2019-08-08 08:11:23;226.4451221;225.325;225.55;225.773374;20.20506793;21.72030393;20.22;2019-08-08 08:07:15;18.6399006;18.65
2019-08-08 08:12:23;226.3727642;225.255;225.49;225.7059214;20.19857872;21.71381472;20.22;2019-08-08 08:07:15;18.63388758;18.65
2019-08-08 08:13:23;226.35;225.135;225.6;225.695;20.19752804;21.71276404;20.22;2019-08-08 08:07:15;18.632914;18.65
2019-08-08 08:14:23;226.3453653;225.23;225.65;225.7417884;20.20202927;21.71726527;20.22;2019-08-08 08:07:15;18.63708492;18.65
2019-08-08 08:15:23;226.35;225.265;225.58;225.7316667;20.20105552;21.71629152;20.22;2019-08-08 08:07:15;18.63618263;18.65
2019-08-08 08:16:23;226.3;225.145;225.48;225.6416667;20.19239716;21.70763316;20.22;2019-08-08 08:07:15;18.62815964;18.65
2019-08-08 08:17:23;226.3;225.075;225.49;225.6216667;20.19047308;21.70570908;20.18;2019-08-08 08:17:15;18.62757772;18.62
2019-08-08 08:18:23;226.35;225.075;225.65;225.6916667;20.19720736;21.71244336;20.18;2019-08-08 08:17:15;18.6338182;18.62
2019-08-08 08:19:23;226.3444177;225.305;225.66;225.7698059;20.20472466;21.71996066;20.18;2019-08-08 08:17:15;18.64078428;18.62
2019-08-08 08:20:23;226.345478;225.345;225.68;225.7901593;20.20668275;21.72191875;20.18;2019-08-08 08:17:15;18.64259879;18.62
2019-08-08 08:21:23;226.34;225.345;225.63;225.7716667;20.20490368;21.72013968;20.18;2019-08-08 08:17:15;18.64095017;18.62
2019-08-08 08:22:23;226.34;225.245;225.58;225.7216667;20.20009348;21.71532948;20.18;2019-08-08 08:17:15;18.63649269;18.62
2019-08-08 08:23:23;226.34;225.215;225.57;225.7083333;20.19881076;21.71404676;20.18;2019-08-08 08:17:15;18.63530403;18.62
2019-08-08 08:24:23;226.35;225.185;225.39;225.6416667;20.19239716;21.70763316;20.18;2019-08-08 08:17:15;18.62936072;18.62
2019-08-08 08:25:23;226.35;225.055;225.39;225.5983333;20.18822832;21.70346432;20.18;2019-08-08 08:17:15;18.62549756;18.62
2019-08-08 08:26:23;226.34;225.105;225.37;225.605;20.18886968;21.70410568;20.18;2019-08-08 08:17:15;18.62609189;18.62
2019-08-08 08:27:23;226.35;225.105;225.38;225.6116667;20.18951104;21.70474704;20.18;2019-08-08 08:27:15;18.62876729;18.62
2019-08-08 08:28:23;226.22;225.105;225.43;225.585;20.1869456;21.7021816;20.18;2019-08-08 08:27:15;18.62638972;18.62
2019-08-08 08:29:23;226.22;225.125;225.43;225.5916667;20.18758696;21.70282296;20.18;2019-08-08 08:27:15;18.62698411;18.62
2019-08-08 08:30:22;226.23;225.125;225.44;225.5983333;20.18822832;21.70346432;20.18;2019-08-08 08:27:15;18.62757851;18.62
2019-08-08 08:31:23;226.23;225.065;225.44;225.5783333;20.18630424;21.70154024;20.18;2019-08-08 08:27:15;18.62579533;18.62
2019-08-08 08:32:23;226.21;225.065;225.41;225.5616667;20.18470084;21.69993684;20.18;2019-08-08 08:27:15;18.62430935;18.62
2019-08-08 08:33:23;226.17;225.075;225.41;225.5516667;20.1837388;21.6989748;20.18;2019-08-08 08:27:15;18.62341776;18.62
2019-08-08 08:34:23;226.12;224.955;225.31;225.4616667;20.17508043;21.69031643;20.18;2019-08-08 08:27:15;18.61539346;18.62
2019-08-08 08:35:23;226.09;224.855;225.26;225.4016667;20.16930819;21.68454419;20.18;2019-08-08 08:27:15;18.61004392;18.62
2019-08-08 08:36:23;226.02;224.855;225.25;225.375;20.16674275;21.68197875;20.18;2019-08-08 08:27:15;18.60766635;18.62
2019-08-08 08:37:23;226.04;224.965;225.22;225.4083333;20.16994955;21.68518555;20.16;2019-08-08 08:37:15;18.60846918;18.6
2019-08-08 08:38:23;226.04;224.965;225.21;225.405;20.16962887;21.68486487;20.16;2019-08-08 08:37:15;18.60817202;18.6
2019-08-08 08:39:23;225.96;224.855;225.02;225.2783333;20.15744303;21.67267903;20.16;2019-08-08 08:37:15;18.59687978;18.6
2019-08-08 08:40:24;225.96;224.785;225.06;225.2683333;20.15648099;21.67171699;20.16;2019-08-08 08:37:15;18.59598828;18.6
2019-08-08 08:41:23;226.17;224.765;225.43;225.455;20.17443907;21.68967507;20.16;2019-08-08 08:37:15;18.61262948;18.6
2019-08-08 08:42:23;226.15;225.25;225.6;225.6666667;20.19480226;21.71003826;20.16;2019-08-08 08:37:15;18.63149941;18.6
2019-08-08 08:43:23;226.31;225.285;225.86;225.8183333;20.2093932;21.7246292;20.16;2019-08-08 08:37:15;18.64502038;18.6
2019-08-08 08:44:23;226.57;225.6;226.23;226.1333333;20.23969746;21.75493346;20.16;2019-08-08 08:37:15;18.6731024;18.6
2019-08-08 08:45:23;226.79;225.845;226.48;226.3716667;20.26262608;21.77786208;20.16;2019-08-08 08:37:15;18.69434964;18.6
2019-08-08 08:46:23;227.22;226.395;226.84;226.8183333;20.30559721;21.82083321;20.16;2019-08-08 08:37:15;18.73416965;18.6
2019-08-08 08:47:25;227.24;226.455;226.69;226.795;20.30335245;21.81858845;20.31;2019-08-08 08:47:15;18.73836509;18.74
2019-08-08 08:48:23;227.06;226.37;226.59;226.6733333;20.29164763;21.80688363;20.31;2019-08-08 08:47:15;18.72751523;18.74
2019-08-08 08:49:23;226.81;226.285;226.44;226.5116667;20.27609465;21.79133065;20.31;2019-08-08 08:47:15;18.71309829;18.74
2019-08-08 08:50:23;226.81;226.13;226.48;226.4733333;20.27240682;21.78764282;20.31;2019-08-08 08:47:15;18.70967984;18.74
2019-08-08 08:51:23;226.78;226.015;226.47;226.4216667;20.26743628;21.78267228;20.31;2019-08-08 08:47:15;18.70507237;18.74
2019-08-08 08:52:23;226.62;225.935;226.31;226.2883333;20.25460908;21.76984508;20.31;2019-08-08 08:47:15;18.69318211;18.74
2019-08-08 08:53:23;226.73;225.97;226.47;226.39;20.26438982;21.77962582;20.31;2019-08-08 08:47:15;18.70224843;18.74
2019-08-08 08:54:23;226.46;225.935;225.94;226.1116667;20.23761304;21.75284904;20.31;2019-08-08 08:47:15;18.67742751;18.74
2019-08-08 08:55:23;226.36;225.535;225.86;225.9183333;20.2190136;21.7342496;20.31;2019-08-08 08:47:15;18.66018664;18.74
2019-08-08 08:56:23;226.06;225.245;225.72;225.675;20.19560396;21.71083996;20.31;2019-08-08 08:47:15;18.63848692;18.74
2019-08-08 08:57:23;226.01;225.245;225.71;225.655;20.19367988;21.70891588;20.2;2019-08-08 08:57:15;18.63609616;18.64
2019-08-08 08:58:23;226.2;225.44;225.79;225.81;20.2085915;21.7238275;20.2;2019-08-08 08:57:15;18.64991816;18.64
2019-08-08 08:59:23;226.19;225.41;225.78;225.7933333;20.2069881;21.7222241;20.2;2019-08-08 08:57:15;18.64843193;18.64
2019-08-08 09:00:23;226.2399063;225.415;225.84;225.8316354;20.21067291;21.72590891;20.2;2019-08-08 08:57:15;18.65184749;18.64
2019-08-08 09:01:23;226.24;225.485;226.03;225.9183333;20.2190136;21.7342496;20.2;2019-08-08 08:57:15;18.65957871;18.64
2019-08-08 09:02:23;226.24;225.66;225.9;225.9333333;20.22045666;21.73569266;20.2;2019-08-08 08:57:15;18.66091632;18.64
2019-08-08 09:03:23;226.38;225.5;226.02;225.9666667;20.22366346;21.73889946;20.2;2019-08-08 08:57:15;18.6638888;18.64
2019-08-08 09:04:23;226.23;225.57;225.71;225.8366667;20.21115694;21.72639294;20.2;2019-08-08 08:57:15;18.65229614;18.64
2019-08-08 09:05:23;225.9748106;225.355;225.6;225.6432702;20.19255142;21.70778742;20.2;2019-08-08 08:57:15;18.63505016;18.64
2019-08-08 09:06:23;226.15;225.515;225.8;225.8216667;20.20971388;21.72494988;20.2;2019-08-08 08:57:15;18.65095853;18.64
2019-08-08 09:07:23;226.2;225.515;225.95;225.8883333;20.20371266;21.71894866;20.2;2019-08-08 09:07:15;18.65698534;18.65
2019-08-08 09:08:23;226.2;225.485;225.88;225.855;20.20050769;21.71574369;20.2;2019-08-08 09:07:15;18.65401286;18.65
2019-08-08 09:09:23;226.34;225.56;225.91;225.9366667;20.20835986;21.72359586;20.2;2019-08-08 09:07:15;18.66129545;18.65
2019-08-08 09:10:23;226.36;225.525;226.02;225.9683333;20.21140458;21.72664058;20.2;2019-08-08 09:07:15;18.66411931;18.65
2019-08-08 09:11:23;226.48;225.6;226.14;226.0733333;20.22150023;21.73673623;20.2;2019-08-08 09:07:15;18.67348265;18.65
2019-08-08 09:12:23;226.65;225.78;226.31;226.2466667;20.23816607;21.75340207;20.2;2019-08-08 09:07:15;18.68893958;18.65
2019-08-08 09:13:23;226.51;225.935;225.88;226.1083333;20.22486545;21.74010145;20.2;2019-08-08 09:07:15;18.67660376;18.65
2019-08-08 09:14:23;226.06;225.465;225.62;225.715;20.18704682;21.70228282;20.2;2019-08-08 09:07:15;18.64152841;18.65
2019-08-08 09:15:23;225.76;224.91;225.04;225.2366667;20.14105553;21.65629153;20.2;2019-08-08 09:07:15;18.59887322;18.65
2019-08-08 09:16:23;225.52;224.805;224.93;225.085;20.12647292;21.64170892;20.2;2019-08-08 09:07:15;18.58534841;18.65
2019-08-08 09:17:23;225.3;224.595;225;224.965;20.11493503;21.63017103;20.09;2019-08-08 09:17:15;18.56976223;18.55
2019-08-08 09:18:23;225.52;224.735;225.06;225.105;20.1283959;21.6436319;20.09;2019-08-08 09:17:15;18.58224363;18.55
2019-08-08 09:19:23;225.52;225.005;225.34;225.2883333;20.14602323;21.66125923;20.09;2019-08-08 09:17:15;18.59858833;18.55
2019-08-08 09:20:23;225.98;224.98;225.23;225.3966667;20.15643937;21.67167537;20.09;2019-08-08 09:17:15;18.60824656;18.55
2019-08-08 09:21:23;226.04;225.195;225.4;225.545;20.17070148;21.68593748;20.09;2019-08-08 09:17:15;18.6214709;18.55
2019-08-08 09:22:23;226.05;225.205;225.39;225.5483333;20.17102198;21.68625798;20.09;2019-08-08 09:17:15;18.62176808;18.55
2019-08-08 09:23:23;226.05;225.15;225.31;225.5033333;20.16669527;21.68193127;20.09;2019-08-08 09:17:15;18.6177562;18.55
2019-08-08 09:24:23;226.0464974;225.185;225.26;225.4971658;20.16610227;21.68133827;20.09;2019-08-08 09:17:15;18.61720635;18.55
2019-08-08 09:25:23;225.85;225.12;225.17;225.38;20.15483689;21.67007289;20.09;2019-08-08 09:17:15;18.60676068;18.55
2019-08-08 09:26:23;225.7;224.845;224.98;225.175;20.13512633;21.65036233;20.09;2019-08-08 09:17:15;18.58848433;18.55
2019-08-08 09:27:23;225.524925;224.925;225.02;225.1566417;20.1333612;21.6485972;20.14;2019-08-08 09:27:15;18.58613462;18.59
2019-08-08 09:28:23;225.83;224.835;225.26;225.3083333;20.14794621;21.66318221;20.14;2019-08-08 09:27:15;18.59965789;18.59
2019-08-08 09:29:22;225.99;224.985;225.34;225.4383333;20.16044558;21.67568158;20.14;2019-08-08 09:27:15;18.61124735;18.59
2019-08-08 09:30:23;225.96;225.27;225.31;225.5133333;20.16765676;21.68289276;20.14;2019-08-08 09:27:15;18.61793358;18.59
2019-08-08 09:31:23;225.84;225.085;225.33;225.4183333;20.1585226;21.6737586;20.14;2019-08-08 09:27:15;18.60946436;18.59
2019-08-08 09:32:23;226.1;225.055;225.31;225.4883333;20.16525304;21.68048904;20.14;2019-08-08 09:27:15;18.61570484;18.59
2019-08-08 09:33:23;226.24;225.435;225.59;225.755;20.19089278;21.70612878;20.14;2019-08-08 09:27:15;18.6394781;18.59
2019-08-08 09:34:23;226.25;225.425;225.34;225.6716667;20.18288036;21.69811636;20.14;2019-08-08 09:27:15;18.63204896;18.59
2019-08-08 09:35:23;226.24;225.18;225.32;225.58;20.1740667;21.6893027;20.14;2019-08-08 09:27:15;18.6238769;18.59
2019-08-08 09:36:23;225.9426896;225.31;225.31;225.5208965;20.16838396;21.68361996;20.14;2019-08-08 09:27:15;18.61860784;18.59
2019-08-08 09:37:31;226.05;225.26;225.3;225.5366667;20.16990024;21.68513624;20.15;2019-08-08 09:37:15;18.62664677;18.61
2019-08-08 09:38:23;226.23;225.355;225.56;225.715;20.18704682;21.70228282;20.15;2019-08-08 09:37:15;18.64255039;18.61
2019-08-08 09:39:23;226.24;225.37;225.42;225.6766667;20.18336111;21.69859711;20.15;2019-08-08 09:37:15;18.63913185;18.61
2019-08-08 09:40:23;226.2343444;225.39;225.3;225.6414481;20.17997488;21.69521088;20.15;2019-08-08 09:37:15;18.63599109;18.61
2019-08-08 09:41:23;225.92;225.225;225.25;225.465;20.16300956;21.67824556;20.15;2019-08-08 09:37:15;18.6202556;18.61
2019-08-08 09:42:29;225.92;225.225;225.36;225.5016667;20.16653502;21.68177102;20.15;2019-08-08 09:37:15;18.6235255;18.61
2019-08-08 09:43:23;225.92;225.225;225.45;225.5316667;20.16941949;21.68465549;20.15;2019-08-08 09:37:15;18.62620088;18.61
2019-08-08 09:44:23;225.92;225.305;225.32;225.515;20.16781701;21.68305301;20.15;2019-08-08 09:37:15;18.62471456;18.61
2019-08-08 09:45:23;225.91;225.305;225.28;225.4983333;20.16621453;21.68145053;20.15;2019-08-08 09:37:15;18.62322824;18.61
2019-08-08 09:46:23;225.97;225.275;225.15;225.465;20.16300956;21.67824556;20.15;2019-08-08 09:37:15;18.6202556;18.61
2019-08-08 09:47:23;225.91;225.165;225.1;225.3916667;20.15595863;21.67119463;20.15;2019-08-08 09:47:15;18.61252659;18.61
2019-08-08 09:48:23;225.91;225.065;225.15;225.375;20.15435614;21.66959214;20.15;2019-08-08 09:47:15;18.61104036;18.61
2019-08-08 09:49:23;225.77;225.025;225.07;225.2883333;20.14602323;21.66125923;20.15;2019-08-08 09:47:15;18.60331196;18.61
2019-08-08 09:50:23;225.77;224.965;225.14;225.2916667;20.14634372;21.66157972;20.15;2019-08-08 09:47:15;18.60360921;18.61
2019-08-08 09:51:23;225.93;224.975;225.18;225.3616667;20.15307416;21.66831016;20.15;2019-08-08 09:47:15;18.60985138;18.61
2019-08-08 09:52:23;225.93;225.21;225.24;225.46;20.16252881;21.67776481;20.15;2019-08-08 09:47:15;18.61862014;18.61
2019-08-08 09:53:23;225.99;225.27;225.26;225.5066667;20.16701577;21.68225177;20.15;2019-08-08 09:47:15;18.62278159;18.61
2019-08-08 09:54:23;225.99;225.315;225.4;225.5683333;20.17294496;21.68818096;20.15;2019-08-08 09:47:15;18.62828064;18.61
2019-08-08 09:55:23;226;225.315;225.17;225.495;20.16589403;21.68113003;20.15;2019-08-08 09:47:15;18.62174123;18.61
2019-08-08 09:56:23;225.89;225.22;225.27;225.46;20.16252881;21.67776481;20.15;2019-08-08 09:47:15;18.61862014;18.61
2019-08-08 09:57:23;226.0469817;225.215;226.08;225.7806606;20.17867299;21.69390899;20.16;2019-08-08 09:57:15;18.6405621;18.62
2019-08-08 09:58:23;226.59;225.985;225.81;226.1283333;20.21207878;21.72731478;20.16;2019-08-08 09:57:15;18.67155518;18.62
2019-08-08 09:59:23;226.6840992;225.81;225.95;226.1480331;20.21397161;21.72920761;20.16;2019-08-08 09:57:15;18.6733113;18.62
2019-08-08 10:00:23;226.69;225.905;225.82;226.1383333;20.21303962;21.72827562;20.16;2019-08-08 09:57:15;18.67244662;18.62
2019-08-08 10:01:23;226.49;225.655;225.66;225.935;20.19350254;21.70873854;20.16;2019-08-08 09:57:15;18.65432059;18.62
2019-08-08 10:02:23;226.58;225.56;225.79;225.9766667;20.19750604;21.71274204;20.16;2019-08-08 09:57:15;18.65803494;18.62
2019-08-08 10:03:23;226.58;225.535;225.58;225.8983333;20.18997946;21.70521546;20.16;2019-08-08 09:57:15;18.65105197;18.62
2019-08-08 10:04:23;226.22;225.17;225.42;225.6033333;20.16163468;21.67687068;20.16;2019-08-08 09:57:15;18.62475437;18.62
2019-08-08 10:05:23;226.22;225.29;225.41;225.64;20.16515776;21.68039376;20.16;2019-08-08 09:57:15;18.628023;18.62
2019-08-08 10:06:23;226.044921;225.555;225.53;225.7099737;20.17188111;21.68711711;20.16;2019-08-08 09:57:15;18.63426076;18.62
2019-08-08 10:07:23;226.26;225.495;225.59;225.7816667;20.17876966;21.69400566;20.17;2019-08-08 10:07:15;18.6502565;18.64
2019-08-08 10:08:23;226.05;225.17;225.33;225.5166667;20.1533074;21.6685434;20.17;2019-08-08 10:07:15;18.62662196;18.64
2019-08-08 10:09:22;226.0384141;225.025;225.01;225.3578047;20.13804331;21.65327931;20.17;2019-08-08 10:07:15;18.61245355;18.64
2019-08-08 10:10:23;225.76;224.82;225.21;225.2633333;20.12896612;21.64420212;20.17;2019-08-08 10:07:15;18.60402794;18.64
2019-08-08 10:11:23;225.88;224.955;225.13;225.3216667;20.13457102;21.64980702;20.17;2019-08-08 10:07:15;18.60923051;18.64
2019-08-08 10:12:23;225.88;225.025;225.08;225.3283333;20.13521158;21.65044758;20.17;2019-08-08 10:07:15;18.60982509;18.64
2019-08-08 10:13:23;225.92;224.89;225.01;225.2733333;20.12992696;21.64516296;20.17;2019-08-08 10:07:15;18.6049198;18.64
2019-08-08 10:14:23;225.96;224.955;225.23;225.3816667;20.14033606;21.65557206;20.17;2019-08-08 10:07:15;18.61458172;18.64
2019-08-08 10:15:27;225.96;225.245;225.26;225.4883333;20.15058502;21.66582102;20.17;2019-08-08 10:07:15;18.624095;18.64
2019-08-08 10:16:23;225.83;225.105;225.16;225.365;20.13873466;21.65397066;20.17;2019-08-08 10:07:15;18.61309527;18.64
2019-08-08 10:17:23;225.8243577;225.045;225.22;225.3631192;20.13855395;21.65378995;20.14;2019-08-08 10:17:15;18.61074314;18.61
2019-08-08 10:18:23;226;225.105;225.38;225.495;20.15122558;21.66646158;20.14;2019-08-08 10:17:15;18.62250391;18.61
2019-08-08 10:19:23;226;225.305;225.32;225.5416667;20.1557095;21.6709455;20.14;2019-08-08 10:17:15;18.62666551;18.61
2019-08-08 10:20:23;226.14;225.095;225.24;225.4916667;20.1509053;21.6661413;20.14;2019-08-08 10:17:15;18.62220665;18.61
2019-08-08 10:21:23;226.11;225.345;225.4;225.6183333;20.16307594;21.67831194;20.14;2019-08-08 10:17:15;18.63350243;18.61
2019-08-08 10:22:23;226.08;225.285;225.21;225.525;20.1541081;21.6693441;20.14;2019-08-08 10:17:15;18.62517922;18.61
2019-08-08 10:23:23;226.09;225.265;225.3;225.5516667;20.15667034;21.67190634;20.14;2019-08-08 10:17:15;18.62755728;18.61
2019-08-08 10:24:23;226.09;225.23;225.19;225.5033333;20.15202628;21.66726228;20.14;2019-08-08 10:17:15;18.62324705;18.61
2019-08-08 10:25:23;226.09;225.325;225.36;225.5916667;20.1605137;21.6757497;20.14;2019-08-08 10:17:15;18.63112437;18.61
2019-08-08 10:26:23;226.12;225.255;225.36;225.5783333;20.15923258;21.67446858;20.14;2019-08-08 10:17:15;18.62993534;18.61
2019-08-08 10:27:23;226.12;225.255;225.32;225.565;20.15795146;21.67318746;20.16;2019-08-08 10:27:16;18.63252716;18.63
2019-08-08 10:28:23;226.71;225.255;226.06;226.0083333;20.2005487;21.7157847;20.16;2019-08-08 10:27:16;18.67206984;18.63
2019-08-08 10:29:23;226.52;225.885;225.75;226.0516667;20.20471234;21.71994834;20.16;2019-08-08 10:27:16;18.67593491;18.63
2019-08-08 10:30:23;226.56;225.805;225.71;226.025;20.2021501;21.7173861;20.16;2019-08-08 10:27:16;18.67355641;18.63
2019-08-08 10:31:23;226.44;225.61;225.55;225.8666667;20.1869368;21.7021728;20.16;2019-08-08 10:27:16;18.65943402;18.63
2019-08-08 10:32:22;226.34;225.375;225.6;225.7716667;20.17780882;21.69304482;20.16;2019-08-08 10:27:16;18.65096059;18.63
2019-08-08 10:33:23;226.34;225.445;225.56;225.7816667;20.17876966;21.69400566;20.16;2019-08-08 10:27:16;18.65185253;18.63
2019-08-08 10:34:23;226.34;225.43;225.56;225.7766667;20.17828924;21.69352524;20.16;2019-08-08 10:27:16;18.65140656;18.63
2019-08-08 10:35:22;226.35;225.295;225.41;225.685;20.16948154;21.68471754;20.16;2019-08-08 10:27:16;18.64323044;18.63
2019-08-08 10:36:23;226.28;225.125;225.33;225.5783333;20.15923258;21.67446858;20.16;2019-08-08 10:27:16;18.63371642;18.63
2019-08-08 10:37:23;226.27;225.255;225.37;225.6316667;20.16435706;21.67959306;20.18;2019-08-08 10:37:15;18.63736488;18.65
2019-08-08 10:38:23;226.07;225.005;225.31;225.4616667;20.14802278;21.66325878;20.18;2019-08-08 10:37:15;18.62220273;18.65
2019-08-08 10:39:23;226.08;225.005;225.35;225.4783333;20.14962418;21.66486018;20.18;2019-08-08 10:37:15;18.62368922;18.65
2019-08-08 10:40:23;226.07;225.175;225.33;225.525;20.1541081;21.6693441;20.18;2019-08-08 10:37:15;18.62785138;18.65
2019-08-08 10:41:22;226.05;225.135;225.33;225.505;20.15218642;21.66742242;20.18;2019-08-08 10:37:15;18.62606759;18.65
2019-08-08 10:42:23;225.96;225.045;225.28;225.4283333;20.14481998;21.66005598;20.18;2019-08-08 10:37:15;18.61922976;18.65
2019-08-08 10:43:23;225.97;225.045;225.24;225.4183333;20.14385914;21.65909514;20.18;2019-08-08 10:37:15;18.61833787;18.65
2019-08-08 10:44:23;226.07;225.08;225.51;225.5533333;20.15683048;21.67206648;20.18;2019-08-08 10:37:15;18.6303784;18.65
2019-08-08 10:45:23;226.07;225.365;225.38;225.605;20.16179482;21.67703082;20.18;2019-08-08 10:37:15;18.6349865;18.65
2019-08-08 10:46:23;226.12;225.145;225.37;225.545;20.15602978;21.67126578;20.18;2019-08-08 10:37:15;18.62963516;18.65
2019-08-08 10:47:23;226.1140769;225.28;225.29;225.561359;20.15760161;21.67283761;20.15;2019-08-08 10:47:15;18.62862055;18.62
2019-08-08 10:48:23;226.11;225.105;225.28;225.4983333;20.15154586;21.66678186;20.15;2019-08-08 10:47:15;18.62300005;18.62
2019-08-08 10:49:22;226.19;225.105;225.42;225.5716667;20.15859202;21.67382802;20.15;2019-08-08 10:47:15;18.62953977;18.62
2019-08-08 10:50:23;226.19;225.275;225.41;225.625;20.1637165;21.6789525;20.15;2019-08-08 10:47:15;18.63429594;18.62
2019-08-08 10:51:22;226.19;225.185;225.38;225.585;20.15987314;21.67510914;20.15;2019-08-08 10:47:15;18.63072882;18.62
2019-08-08 10:52:23;226.19;225.245;225.43;225.6216667;20.16339622;21.67863222;20.15;2019-08-08 10:47:15;18.63399868;18.62
2019-08-08 10:53:23;226.19;225.245;225.41;225.615;20.16275566;21.67799166;20.15;2019-08-08 10:47:15;18.63340416;18.62
2019-08-08 10:54:23;226.19;225.245;225.3;225.5783333;20.15923258;21.67446858;20.15;2019-08-08 10:47:15;18.6301343;18.62
2019-08-08 10:55:23;226.2;225.135;225.36;225.565;20.15795146;21.67318746;20.15;2019-08-08 10:47:15;18.62894525;18.62
2019-08-08 10:56:23;226.2;225.245;225.49;225.645;20.16563818;21.68087418;20.15;2019-08-08 10:47:15;18.6360795;18.62
2019-08-08 10:57:23;226.1965748;225.245;225.38;225.6071916;20.15116497;21.66640097;20.15;2019-08-08 10:57:15;18.64766699;18.65
2019-08-08 10:58:23;226.19;225.195;225.24;225.5416667;20.14487222;21.66010822;20.15;2019-08-08 10:57:15;18.64181926;18.65
2019-08-08 10:59:23;226.19;225.105;225.25;225.515;20.14231126;21.65754726;20.15;2019-08-08 10:57:15;18.63943941;18.65
2019-08-08 11:00:22;226.2;225.135;225.3;225.545;20.14519234;21.66042834;20.15;2019-08-08 10:57:15;18.64211674;18.65
2019-08-08 11:01:23;226.19;225.135;225.14;225.4883333;20.13975031;21.65498631;20.15;2019-08-08 10:57:15;18.63705956;18.65
2019-08-08 11:02:23;226;224.945;225.17;225.3716667;20.12854611;21.64378211;20.15;2019-08-08 10:57:15;18.62664771;18.65
2019-08-08 11:03:23;226;224.945;225.23;225.3916667;20.13046683;21.64570283;20.15;2019-08-08 10:57:15;18.6284326;18.65
2019-08-08 11:04:23;226;224.985;225.28;225.4216667;20.13334791;21.64858391;20.15;2019-08-08 10:57:15;18.63110993;18.65
2019-08-08 11:05:23;226.0121462;225.035;225.55;225.5323821;20.14398057;21.65921657;20.15;2019-08-08 10:57:15;18.64099066;18.65
2019-08-08 11:06:22;226.03;225.22;225.36;225.5366667;20.14439204;21.65962804;20.15;2019-08-08 10:57:15;18.64137304;18.65
2019-08-08 11:07:23;226.03;225.14;225.48;225.55;20.14567252;21.66090852;20.14;2019-08-08 11:07:15;18.64833187;18.64
2019-08-08 11:08:23;226.08;225.295;225.43;225.6016667;20.15063438;21.66587038;20.14;2019-08-08 11:07:15;18.65294415;18.64
2019-08-08 11:09:23;226.08;225.39;225.58;225.6833333;20.15847732;21.67371332;20.14;2019-08-08 11:07:15;18.66023454;18.64
2019-08-08 11:10:23;226.08;225.295;225.52;225.6316667;20.15351546;21.66875146;20.14;2019-08-08 11:07:15;18.65562225;18.64
2019-08-08 11:11:23;226.08;225.295;225.43;225.6016667;20.15063438;21.66587038;20.14;2019-08-08 11:07:15;18.65294415;18.64
2019-08-08 11:12:23;226.07;225.235;225.48;225.595;20.14999414;21.66523014;20.14;2019-08-08 11:07:15;18.65234902;18.64
2019-08-08 11:13:23;226.07;225.225;225.6;225.6316667;20.15351546;21.66875146;20.14;2019-08-08 11:07:15;18.65562225;18.64
2019-08-08 11:14:23;226.35;225.54;225.75;225.88;20.17736439;21.69260039;20.14;2019-08-08 11:07:15;18.67779097;18.64
2019-08-08 11:15:23;226.52;225.695;225.84;226.0183333;20.19064936;21.70588536;20.14;2019-08-08 11:07:15;18.69013999;18.64
2019-08-08 11:16:23;226.68;225.81;225.82;226.1033333;20.19881241;21.71404841;20.14;2019-08-08 11:07:15;18.69772794;18.64
2019-08-08 11:17:22;226.68;225.705;225.66;226.015;20.19032924;21.70556524;20.19;2019-08-08 11:17:16;18.6828259;18.68
2019-08-08 11:18:23;226.49;225.525;225.61;225.875;20.17688421;21.69212021;20.19;2019-08-08 11:17:16;18.67033245;18.68
2019-08-08 11:19:22;226.49;225.555;225.63;225.8916667;20.17848481;21.69372081;20.19;2019-08-08 11:17:16;18.67181976;18.68
2019-08-08 11:20:23;226.5;225.615;225.68;225.9316667;20.18232624;21.69756224;20.19;2019-08-08 11:17:16;18.67538932;18.68
2019-08-08 11:21:23;226.5;225.655;225.53;225.895;20.17880493;21.69404093;20.19;2019-08-08 11:17:16;18.67211722;18.68
2019-08-08 11:22:23;226.5;225.585;225.52;225.8683333;20.17624397;21.69147997;20.19;2019-08-08 11:17:16;18.66973752;18.68
2019-08-08 11:23:22;226.22;225.475;225.44;225.7116667;20.16119833;21.67643433;20.19;2019-08-08 11:17:16;18.65575675;18.68
2019-08-08 11:24:23;226.31;225.385;225.51;225.735;20.16343917;21.67867517;20.19;2019-08-08 11:17:16;18.65783899;18.68
2019-08-08 11:25:23;226.2;225.365;225.36;225.6416667;20.15447582;21.66971182;20.19;2019-08-08 11:17:16;18.64951002;18.68
2019-08-08 11:26:23;226.2;225.195;225.57;225.655;20.1557563;21.6709923;20.19;2019-08-08 11:17:16;18.65069987;18.68
2019-08-08 11:27:23;226.28;225.495;225.57;225.7816667;20.16792085;21.68315685;20.17;2019-08-08 11:27:16;18.66628092;18.67
2019-08-08 11:28:23;226.3;225.495;225.66;225.8183333;20.17144217;21.68667817;20.17;2019-08-08 11:27:16;18.66955371;18.67
2019-08-08 11:29:23;226.31;225.495;225.5;225.7683333;20.16664037;21.68187637;20.17;2019-08-08 11:27:16;18.66509081;18.67
2019-08-08 11:30:23;226.31;225.495;225.54;225.7816667;20.16792085;21.68315685;20.17;2019-08-08 11:27:16;18.66628092;18.67
2019-08-08 11:31:23;226.37;225.435;225.34;225.715;20.16151845;21.67675445;20.17;2019-08-08 11:27:16;18.66033039;18.67
2019-08-08 11:32:23;226.36;225.325;225.37;225.685;20.15863738;21.67387338;20.17;2019-08-08 11:27:16;18.65765266;18.67
2019-08-08 11:33:22;226.1;225.135;225.21;225.4816667;20.13911007;21.65434607;20.17;2019-08-08 11:27:16;18.63950355;18.67
2019-08-08 11:34:23;225.91;225.045;225.09;225.3483333;20.12630527;21.64154127;20.17;2019-08-08 11:27:16;18.62760249;18.67
2019-08-08 11:35:23;225.93;224.975;225.01;225.305;20.12214371;21.63737971;20.17;2019-08-08 11:27:16;18.62373465;18.67
2019-08-08 11:36:23;225.93;225.005;225.13;225.355;20.12694551;21.64218151;20.17;2019-08-08 11:27:16;18.62819754;18.67
2019-08-08 11:37:22;225.93;225.005;225.1;225.345;20.12598515;21.64122115;20.13;2019-08-08 11:37:15;18.63181619;18.64
2019-08-08 11:38:23;225.93;224.845;225.03;225.2683333;20.1186224;21.6338584;20.13;2019-08-08 11:37:15;18.62497155;18.64
2019-08-08 11:39:23;225.94;224.845;225.1;225.295;20.12118336;21.63641936;20.13;2019-08-08 11:37:15;18.62735229;18.64
2019-08-08 11:40:23;225.93;224.875;225.09;225.2983333;20.12150348;21.63673948;20.13;2019-08-08 11:37:15;18.62764989;18.64
2019-08-08 11:41:23;225.8;224.875;225.17;225.2816667;20.11990288;21.63513888;20.13;2019-08-08 11:37:15;18.62616192;18.64
2019-08-08 11:42:23;225.93;224.855;225.07;225.285;20.120223;21.635459;20.13;2019-08-08 11:37:15;18.62645951;18.64
2019-08-08 11:43:23;225.55;224.755;224.98;225.095;20.10197617;21.61721217;20.13;2019-08-08 11:37:15;18.60949671;18.64
2019-08-08 11:44:22;225.6;224.705;225.07;225.125;20.10485724;21.62009324;20.13;2019-08-08 11:37:15;18.61217505;18.64
2019-08-08 11:45:23;225.56;224.705;224.99;225.085;20.10101581;21.61625181;20.13;2019-08-08 11:37:15;18.60860393;18.64
2019-08-08 11:46:23;225.42;224.505;224.94;224.955;20.08853113;21.60376713;20.13;2019-08-08 11:37:15;18.5969978;18.64
2019-08-08 11:47:23;225.49;224.445;224.98;224.9716667;20.10382351;21.61905951;20.09;2019-08-08 11:47:16;18.61057091;18.6
2019-08-08 11:48:23;225.61;224.545;224.92;225.025;20.10894867;21.62418467;20.09;2019-08-08 11:47:16;18.61533527;18.6
2019-08-08 11:49:23;225.61;224.545;225.13;225.095;20.11567545;21.63091145;20.09;2019-08-08 11:47:16;18.62158848;18.6
2019-08-08 11:50:23;225.7278293;224.705;225.21;225.2142764;20.12713753;21.64237353;20.09;2019-08-08 11:47:16;18.63224364;18.6
2019-08-08 11:51:23;225.7278293;224.905;225.2;225.2776098;20.13322366;21.64845966;20.09;2019-08-08 11:47:16;18.63790131;18.6
2019-08-08 11:52:23;225.76;224.905;224.98;225.215;20.12720706;21.64244306;20.09;2019-08-08 11:47:16;18.63230828;18.6
2019-08-08 11:53:30;225.65;224.485;224.94;225.025;20.10894867;21.62418467;20.09;2019-08-08 11:47:16;18.61533527;18.6
2019-08-08 11:54:23;225.71;224.485;224.98;225.0583333;20.1121519;21.6273879;20.09;2019-08-08 11:47:16;18.61831299;18.6
2019-08-08 11:55:25;225.75;224.495;224.89;225.045;20.11087061;21.62610661;20.09;2019-08-08 11:47:16;18.6171219;18.6
2019-08-08 11:56:23;225.49;224.46;224.95;224.9666667;20.10334302;21.61857902;20.09;2019-08-08 11:47:16;18.61012425;18.6
2019-08-08 11:57:23;225.48;224.365;224.89;224.9116667;20.0980577;21.6132937;20.09;2019-08-08 11:57:16;18.60878584;18.6
2019-08-08 11:58:23;225.26;224.365;224.69;224.7716667;20.08460415;21.59984015;20.09;2019-08-08 11:57:16;18.59627719;18.6
2019-08-08 11:59:23;225.2429215;224.075;224.41;224.5759738;20.06579869;21.58103469;20.09;2019-08-08 11:57:16;18.57879251;18.6
2019-08-08 12:00:23;224.93;223.925;224.38;224.4116667;20.05000929;21.56524529;20.09;2019-08-08 11:57:16;18.56411207;18.6
2019-08-08 12:01:23;224.96;223.955;224.38;224.4316667;20.05193123;21.56716723;20.09;2019-08-08 11:57:16;18.56589902;18.6
2019-08-08 12:02:22;224.96;224.115;224.6;224.5583333;20.06410349;21.57933949;20.09;2019-08-08 11:57:16;18.57721638;18.6
2019-08-08 12:03:28;224.85;223.665;224.5;224.3383333;20.04296219;21.55819819;20.09;2019-08-08 11:57:16;18.55755992;18.6
2019-08-08 12:04:22;225;223.905;225.19;224.6983333;20.07755705;21.59279305;20.09;2019-08-08 11:57:16;18.58972503;18.6
2019-08-08 12:05:23;225.3219486;224.325;224.9;224.8489829;20.09203399;21.60726999;20.09;2019-08-08 11:57:16;18.6031852;18.6
2019-08-08 12:06:23;225.5;224.695;224.9;225.0316667;20.10958932;21.62482532;20.09;2019-08-08 11:57:16;18.61950755;18.6
2019-08-08 12:07:23;225.49;224.575;225.11;225.0583333;20.1121519;21.6273879;20.1;2019-08-08 12:07:16;18.62325412;18.61
2019-08-08 12:08:22;225.49;224.77;225.07;225.11;20.1171169;21.6323529;20.1;2019-08-08 12:07:16;18.62787072;18.61
2019-08-08 12:09:23;225.5;224.795;225.03;225.1083333;20.11695674;21.63219274;20.1;2019-08-08 12:07:16;18.6277218;18.61
2019-08-08 12:10:23;225.4968385;224.795;224.83;225.0406128;20.11044901;21.62568501;20.1;2019-08-08 12:07:16;18.62167073;18.61
2019-08-08 12:11:23;225.4968385;224.505;224.81;224.9372795;20.10051901;21.61575501;20.1;2019-08-08 12:07:16;18.61243752;18.61
2019-08-08 12:12:23;225.49;224.445;224.83;224.9216667;20.09901867;21.61425467;20.1;2019-08-08 12:07:16;18.61104246;18.61
2019-08-08 12:13:23;225.49;224.515;224.84;224.9483333;20.10158125;21.61681725;20.1;2019-08-08 12:07:16;18.61342522;18.61
2019-08-08 12:14:23;225.49;224.535;224.86;224.9616667;20.10286254;21.61809854;20.1;2019-08-08 12:07:16;18.6146166;18.61
2019-08-08 12:15:23;225.49;224.545;224.88;224.9716667;20.10382351;21.61905951;20.1;2019-08-08 12:07:16;18.61551014;18.61
2019-08-08 12:16:24;225.43;224.545;224.89;224.955;20.10222189;21.61745789;20.1;2019-08-08 12:07:16;18.61402091;18.61
2019-08-08 12:17:23;225.43;224.685;225.07;225.0616667;20.11247222;21.62770822;20.1;2019-08-08 12:17:16;18.62206184;18.61
2019-08-08 12:18:23;225.56;224.895;225.18;225.2116667;20.12688674;21.64212274;20.1;2019-08-08 12:17:16;18.63546389;18.61
2019-08-08 12:19:23;225.79;224.915;225.22;225.3083333;20.1361761;21.6514121;20.1;2019-08-08 12:17:16;18.64410077;18.61
2019-08-08 12:20:23;225.77;224.895;225.2;225.2883333;20.13425416;21.64949016;20.1;2019-08-08 12:17:16;18.64231383;18.61
2019-08-08 12:21:23;225.62;224.745;225.01;225.125;20.11855835;21.63379435;20.1;2019-08-08 12:17:16;18.62772048;18.61
2019-08-08 12:22:23;225.7;224.815;225.19;225.235;20.129129;21.644365;20.1;2019-08-08 12:17:16;18.63754865;18.61
2019-08-08 12:23:23;225.75;224.965;225;225.2383333;20.12944932;21.64468532;20.1;2019-08-08 12:17:16;18.63784648;18.61
2019-08-08 12:24:23;225.67;224.835;225.12;225.2083333;20.12656642;21.64180242;20.1;2019-08-08 12:17:16;18.63516607;18.61
2019-08-08 12:25:23;225.67;224.775;225.03;225.1583333;20.12176158;21.63699758;20.1;2019-08-08 12:17:16;18.63069872;18.61
2019-08-08 12:26:23;225.62;224.725;225.06;225.135;20.11951932;21.63475532;20.1;2019-08-08 12:17:16;18.62861395;18.61
2019-08-08 12:27:23;225.63;224.695;225.02;225.115;20.11759738;21.63283338;20.11;2019-08-08 12:27:16;18.62372222;18.62
2019-08-08 12:28:23;225.63;224.885;225.14;225.2183333;20.12752739;21.64276339;20.11;2019-08-08 12:27:16;18.63295331;18.62
2019-08-08 12:29:22;225.63;224.885;225.21;225.2416667;20.12976965;21.64500565;20.11;2019-08-08 12:27:16;18.63503775;18.62
2019-08-08 12:30:22;225.63;224.905;225.19;225.2416667;20.12976965;21.64500565;20.11;2019-08-08 12:27:16;18.63503775;18.62
2019-08-08 12:31:23;225.63;224.905;225.06;225.1983333;20.12560545;21.64084145;20.11;2019-08-08 12:27:16;18.63116665;18.62
2019-08-08 12:32:23;225.8141126;224.805;225.05;225.2230375;20.12797944;21.64321544;20.11;2019-08-08 12:27:16;18.63337355;18.62
2019-08-08 12:33:23;225.82;224.885;225.14;225.2816667;20.13361352;21.64884952;20.11;2019-08-08 12:27:16;18.63861108;18.62
2019-08-08 12:34:23;225.82;224.875;225.04;225.245;20.13008997;21.64532597;20.11;2019-08-08 12:27:16;18.63533553;18.62
2019-08-08 12:35:23;225.57;224.685;225.03;225.095;20.11567545;21.63091145;20.11;2019-08-08 12:27:16;18.62193555;18.62
2019-08-08 12:36:23;225.58;224.685;224.98;225.0816667;20.11439416;21.62963016;20.11;2019-08-08 12:27:16;18.62074444;18.62
2019-08-08 12:37:23;225.58;224.675;224.99;225.0816667;20.11439416;21.62963016;20.11;2019-08-08 12:37:16;18.62759591;18.62
2019-08-08 12:38:24;225.58;224.645;224.95;225.0583333;20.1121519;21.6273879;20.11;2019-08-08 12:37:16;18.62551076;18.62
2019-08-08 12:39:23;225.58;224.655;225.07;225.1016667;20.11631609;21.63155209;20.11;2019-08-08 12:37:16;18.62938318;18.62
2019-08-08 12:40:23;225.5754176;224.635;224.9;225.0368059;20.11008318;21.62531918;20.11;2019-08-08 12:37:16;18.62358698;18.62
2019-08-08 12:41:23;225.57;224.635;224.93;225.045;20.11087061;21.62610661;20.11;2019-08-08 12:37:16;18.62431924;18.62
2019-08-08 12:42:23;225.5754176;224.69;225.14;225.1351392;20.11953269;21.63476869;20.11;2019-08-08 12:37:16;18.63237441;18.62
2019-08-08 12:43:22;225.57;224.905;224.95;225.1416667;20.12015996;21.63539596;20.11;2019-08-08 12:37:16;18.63295773;18.62
2019-08-08 12:44:23;225.54;224.615;225.1;225.085;20.11471448;21.62995048;20.11;2019-08-08 12:37:16;18.62789379;18.62
2019-08-08 12:45:23;225.8;224.735;225.23;225.255;20.13105094;21.64628694;20.11;2019-08-08 12:37:16;18.6430856;18.62
2019-08-08 12:46:22;225.8;224.855;225.11;225.255;20.13105094;21.64628694;20.11;2019-08-08 12:37:16;18.6430856;18.62
2019-08-08 12:47:23;225.58;224.605;224.93;225.0383333;20.09659039;21.61182639;20.09;2019-08-08 12:47:16;18.62312763;18.62
2019-08-08 12:48:23;225.58;224.545;224.89;225.005;20.09338918;21.60862518;20.09;2019-08-08 12:47:16;18.62014893;18.62
2019-08-08 12:49:22;225.5848558;224.525;224.9;225.0032853;20.0932245;21.6084605;20.09;2019-08-08 12:47:16;18.6199957;18.62
2019-08-08 12:50:23;225.583083;224.515;224.86;224.9860277;20.09156715;21.60680315;20.09;2019-08-08 12:47:16;18.61845355;18.62
2019-08-08 12:51:23;225.59;224.515;224.89;224.9983333;20.09274894;21.60798494;20.09;2019-08-08 12:47:16;18.6195532;18.62
2019-08-08 12:52:23;225.64;224.645;224.97;225.085;20.10107208;21.61630808;20.09;2019-08-08 12:47:16;18.62729781;18.62
2019-08-08 12:53:23;225.6396556;224.65;224.87;225.0532185;20.0980199;21.6132559;20.09;2019-08-08 12:47:16;18.62445779;18.62
2019-08-08 12:54:23;225.38;224.505;224.83;224.905;20.08378556;21.59902156;20.09;2019-08-08 12:47:16;18.61121284;18.62
2019-08-08 12:55:23;225.38;224.505;224.73;224.8716667;20.08058435;21.59582035;20.09;2019-08-08 12:47:16;18.60823414;18.62
2019-08-08 12:56:24;225.2;224.505;224.97;224.8916667;20.08250508;21.59774108;20.09;2019-08-08 12:47:16;18.61002136;18.62
2019-08-08 12:57:24;225.55;224.795;224.65;224.9983333;20.09274894;21.60798494;20.08;2019-08-08 12:57:16;18.61444302;18.6
2019-08-08 12:58:23;225.55;224.435;224.63;224.8716667;20.08058435;21.59582035;20.08;2019-08-08 12:57:16;18.60312684;18.6
2019-08-08 12:59:23;225.55;224.435;224.62;224.8683333;20.08026423;21.59550023;20.08;2019-08-08 12:57:16;18.60282905;18.6
2019-08-08 13:00:23;225.25;224.395;224.63;224.7583333;20.06970025;21.58493625;20.08;2019-08-08 12:57:16;18.59300184;18.6
2019-08-08 13:01:24;225.24;224.395;224.59;224.7416667;20.06809965;21.58333565;20.08;2019-08-08 12:57:16;18.59151286;18.6
2019-08-08 13:02:23;225.11;224.395;224.62;224.7083333;20.06489844;21.58013444;20.08;2019-08-08 12:57:16;18.58853492;18.6
2019-08-08 13:03:24;225.08;224.415;224.66;224.7183333;20.0658588;21.5810948;20.08;2019-08-08 12:57:16;18.5894283;18.6
2019-08-08 13:04:23;225.16;224.295;224.6;224.685;20.0626576;21.5778936;20.08;2019-08-08 12:57:16;18.58645036;18.6
2019-08-08 13:05:23;225.16;224.345;224.51;224.6716667;20.06137711;21.57661311;20.08;2019-08-08 12:57:16;18.58525919;18.6
2019-08-08 13:06:23;225.1260452;224.195;224.38;224.5670151;20.05132677;21.56656277;20.08;2019-08-08 12:57:16;18.57590979;18.6
2019-08-08 13:07:22;225.1260452;224.085;224.38;224.5303484;20.04780545;21.56304145;20.05;2019-08-08 13:07:16;18.57597911;18.58
2019-08-08 13:08:23;225.12273;224.085;224.17;224.4592433;20.04097678;21.55621278;20.05;2019-08-08 13:07:16;18.56962564;18.58
2019-08-08 13:09:23;224.84;224.025;224.08;224.315;20.0271242;21.5423602;20.05;2019-08-08 13:07:16;18.55673704;18.58
2019-08-08 13:10:23;224.84;223.845;224.19;224.2916667;20.02488336;21.54011936;20.05;2019-08-08 13:07:16;18.55465214;18.58
2019-08-08 13:11:23;224.92;223.885;224.36;224.3883333;20.03416686;21.54940286;20.05;2019-08-08 13:07:16;18.56328961;18.58
2019-08-08 13:12:23;224.95;224.005;224.27;224.4083333;20.03608758;21.55132358;20.05;2019-08-08 13:07:16;18.56507667;18.58
2019-08-08 13:13:23;225.02;223.935;224.38;224.445;20.03960891;21.55484491;20.05;2019-08-08 13:07:16;18.56835296;18.58
2019-08-08 13:14:23;225.01;224.045;224.4;224.485;20.04345036;21.55868636;20.05;2019-08-08 13:07:16;18.57192708;18.58
2019-08-08 13:15:23;225.03;224.025;224.48;224.5116667;20.04601132;21.56124732;20.05;2019-08-08 13:07:16;18.57430983;18.58
2019-08-08 13:16:23;225.1;224.135;224.69;224.6416667;20.05849603;21.57373203;20.05;2019-08-08 13:07:16;18.58592575;18.58
2019-08-08 13:17:23;225.0997807;224.255;224.55;224.6349269;20.05784877;21.57308477;20.03;2019-08-08 13:17:16;18.5821859;18.56
2019-08-08 13:18:23;225.09;224.135;224.51;224.5783333;20.05241374;21.56764974;20.03;2019-08-08 13:17:16;18.57712988;18.56
2019-08-08 13:19:23;225.09;224.125;224.43;224.5483333;20.04953265;21.56476865;20.03;2019-08-08 13:17:16;18.5744497;18.56
2019-08-08 13:20:23;225;224.015;224.32;224.445;20.03960891;21.55484491;20.03;2019-08-08 13:17:16;18.56521798;18.56
2019-08-08 13:21:24;225;223.835;224.29;224.375;20.03288638;21.54812238;20.03;2019-08-08 13:17:16;18.55896424;18.56
2019-08-08 13:22:24;225;223.835;224.42;224.4183333;20.03704794;21.55228394;20.03;2019-08-08 13:17:16;18.56283561;18.56
2019-08-08 13:23:23;225.04;223.915;224.48;224.4783333;20.04281012;21.55804612;20.03;2019-08-08 13:17:16;18.56819596;18.56
2019-08-08 13:24:23;225.04;224.045;224.54;224.5416667;20.04889241;21.56412841;20.03;2019-08-08 13:17:16;18.57385411;18.56
2019-08-08 13:25:23;225.05;224.045;224.4;224.4983333;20.04473084;21.55996684;20.03;2019-08-08 13:17:16;18.56998274;18.56
2019-08-08 13:26:23;225;223.975;224.39;224.455;20.04056927;21.55580527;20.03;2019-08-08 13:17:16;18.56611138;18.56
2019-08-08 13:27:23;225;223.985;224.46;224.4816667;20.04313024;21.55836624;20.03;2019-08-08 13:27:16;18.57385128;18.56
2019-08-08 13:28:23;225.01;224.055;224.59;224.5516667;20.04985277;21.56508877;20.03;2019-08-08 13:27:16;18.58010669;18.56
2019-08-08 13:29:23;225;224.145;224.47;224.5383333;20.04857229;21.56380829;20.03;2019-08-08 13:27:16;18.57891518;18.56
2019-08-08 13:30:23;225.01;224.105;224.5;224.5383333;20.04857229;21.56380829;20.03;2019-08-08 13:27:16;18.57891518;18.56
2019-08-08 13:31:23;225.01;224.085;224.58;224.5583333;20.05049301;21.56572901;20.03;2019-08-08 13:27:16;18.58070244;18.56
2019-08-08 13:32:23;225.0064375;224.215;224.52;224.5804792;20.05261981;21.56785581;20.03;2019-08-08 13:27:16;18.58268146;18.56
2019-08-08 13:33:23;225;224.195;224.5;224.565;20.05113325;21.56636925;20.03;2019-08-08 13:27:16;18.5812982;18.56
2019-08-08 13:34:23;225;224.085;224.26;224.4483333;20.03992903;21.55516503;20.03;2019-08-08 13:27:16;18.57087251;18.56
2019-08-08 13:35:23;224.84;223.715;224.26;224.2716667;20.02296263;21.53819863;20.03;2019-08-08 13:27:16;18.55508503;18.56
2019-08-08 13:36:23;224.51;223.435;223.84;223.9283333;19.98999021;21.50522621;20.03;2019-08-08 13:27:16;18.52440371;18.56
2019-08-08 13:37:23;224.5;223.48;224.24;224.0733333;20.00790396;21.52313996;20;2019-08-08 13:37:16;18.52774108;18.52
2019-08-08 13:38:23;224.9;223.775;224.22;224.2983333;20.02951611;21.54475211;20;2019-08-08 13:37:16;18.54783811;18.52
2019-08-08 13:39:23;224.9;223.845;224.13;224.2916667;20.02887575;21.54411175;20;2019-08-08 13:37:16;18.54724264;18.52
2019-08-08 13:40:23;224.6218611;223.7;224;224.107287;20.01116535;21.52640135;20;2019-08-08 13:37:16;18.53077383;18.52
2019-08-08 13:41:23;224.54;223.715;224.01;224.0883333;20.00934477;21.52458077;20;2019-08-08 13:37:16;18.52908088;18.52
2019-08-08 13:42:23;224.51;223.68;223.98;224.0566667;20.00630306;21.52153906;20;2019-08-08 13:37:16;18.52625241;18.52
2019-08-08 13:43:23;224.43;223.605;223.82;223.9516667;19.99621739;21.51145339;20;2019-08-08 13:37:16;18.5168738;18.52
2019-08-08 13:44:23;223.68;223.395;223.16;223.4116667;19.94434823;21.45958423;20;2019-08-08 13:37:16;18.46864092;18.52
2019-08-08 13:45:23;223.91;223.26;223.6;223.59;19.96147786;21.47671386;20;2019-08-08 13:37:16;18.48456968;18.52
2019-08-08 13:46:23;224.54;223.495;223.95;223.995;20.00037973;21.51561573;20;2019-08-08 13:37:16;18.52074433;18.52
2019-08-08 13:47:23;224.26;223.595;223.63;223.8283333;19.98437073;21.49960673;19.98;2019-08-08 13:47:16;18.50699714;18.5
2019-08-08 13:48:22;224.27;223.245;223.37;223.6283333;19.96515993;21.48039593;19.98;2019-08-08 13:47:16;18.4891321;18.5
2019-08-08 13:49:23;224.01;223.245;223.29;223.515;19.95427381;21.46950981;19.98;2019-08-08 13:47:16;18.47900857;18.5
2019-08-08 13:50:23;224.01;223.085;223.34;223.4783333;19.95075183;21.46598783;19.98;2019-08-08 13:47:16;18.47573331;18.5
2019-08-08 13:51:23;223.95;223.095;223.68;223.575;19.96003705;21.47527305;19.98;2019-08-08 13:47:16;18.48436809;18.5
2019-08-08 13:52:23;223.95;223.18;223.65;223.5933333;19.96179804;21.47703404;19.98;2019-08-08 13:47:16;18.48600571;18.5
2019-08-08 13:53:22;223.94;223.315;223.41;223.555;19.95811597;21.47335197;19.98;2019-08-08 13:47:16;18.48258158;18.5
2019-08-08 13:54:23;223.8186062;222.965;223.34;223.3745354;19.94078162;21.45601762;19.98;2019-08-08 13:47:16;18.46646154;18.5
2019-08-08 13:55:23;223.87;223.005;223.25;223.375;19.94082625;21.45606225;19.98;2019-08-08 13:47:16;18.46650304;18.5
2019-08-08 13:56:23;223.89;222.695;222.95;223.1783333;19.92193563;21.43717163;19.98;2019-08-08 13:47:16;18.44893575;18.5
2019-08-08 13:57:23;223.66;222.715;222.88;223.085;19.91297059;21.42820659;19.92;2019-08-08 13:57:16;18.43685024;18.44
2019-08-08 13:58:23;222.7;222.695;222.04;222.4783333;19.85469783;21.36993383;19.92;2019-08-08 13:57:16;18.3826698;18.44
2019-08-08 13:59:23;222.87;222.22;222.93;222.6733333;19.87342836;21.38866436;19.92;2019-08-08 13:57:16;18.40008494;18.44
2019-08-08 14:00:23;222.66;222.155;222.28;222.365;19.84381171;21.35904771;19.92;2019-08-08 13:57:16;18.37254818;18.44
2019-08-08 14:01:23;222.85;222.03;222.74;222.54;19.86062116;21.37585716;19.92;2019-08-08 13:57:16;18.38817715;18.44
2019-08-08 14:02:23;223.28;222.285;223.22;222.9283333;19.89792213;21.41315813;19.92;2019-08-08 13:57:16;18.42285859;18.44
2019-08-08 14:03:23;223.36;222.645;223.09;223.0316667;19.90784771;21.42308371;19.92;2019-08-08 13:57:16;18.43208713;18.44
2019-08-08 14:04:23;223.91;222.795;223.47;223.3916667;19.94242715;21.45766315;19.92;2019-08-08 13:57:16;18.46423816;18.44
2019-08-08 14:05:23;223.85;222.955;223.5;223.435;19.94658949;21.46182549;19.92;2019-08-08 13:57:16;18.46810819;18.44
2019-08-08 14:06:23;223.7;222.705;223.45;223.285;19.93218139;21.44741739;19.92;2019-08-08 13:57:16;18.45471193;18.44
2019-08-08 14:07:27;223.36;222.89;222.71;222.9866667;19.90352528;21.41876128;19.89;2019-08-08 14:07:16;18.43071844;18.42
2019-08-08 14:08:23;223.39;222.505;222.99;222.9616667;19.90112393;21.41635993;19.89;2019-08-08 14:07:16;18.42848543;18.42
2019-08-08 14:09:23;223.23;222.48;222.82;222.8433333;19.88975754;21.40499354;19.89;2019-08-08 14:07:16;18.41791586;18.42
2019-08-08 14:10:23;223.26;222.315;222.79;222.7883333;19.88447457;21.39971057;19.89;2019-08-08 14:07:16;18.41300324;18.42
2019-08-08 14:11:25;223.23;222.375;222.78;222.795;19.88511493;21.40035093;19.89;2019-08-08 14:07:16;18.41359871;18.42
2019-08-08 14:12:23;223.16;222.36;222.74;222.7533333;19.88111268;21.39634868;19.89;2019-08-08 14:07:16;18.40987703;18.42
2019-08-08 14:13:23;223.15;222.225;222.83;222.735;19.87935169;21.39458769;19.89;2019-08-08 14:07:16;18.40823949;18.42
2019-08-08 14:14:23;223.13;222.34;222.74;222.7366667;19.87951178;21.39474778;19.89;2019-08-08 14:07:16;18.40838836;18.42
2019-08-08 14:15:23;223.01;222.115;222.55;222.5583333;19.86238215;21.37761815;19.89;2019-08-08 14:07:16;18.39245957;18.42
2019-08-08 14:16:23;223.01;222.225;222.79;222.675;19.87358845;21.38882445;19.89;2019-08-08 14:07:16;18.40288027;18.42
2019-08-08 14:17:22;223.07;222.555;222.94;222.855;19.89087817;21.40611417;19.89;2019-08-08 14:17:16;18.41925565;18.42
2019-08-08 14:18:23;223.14;222.455;223.06;222.885;19.89375979;21.40899579;19.89;2019-08-08 14:17:16;18.4219353;18.42
2019-08-08 14:19:23;223.64;222.945;223.09;223.225;19.92641815;21.44165415;19.89;2019-08-08 14:17:16;18.45230466;18.42
2019-08-08 14:20:23;223.37;222.595;223.16;223.0416667;19.90880825;21.42404425;19.89;2019-08-08 14:17:16;18.43592903;18.42
2019-08-08 14:21:25;223.43;222.455;223.15;223.0116667;19.90592663;21.42116263;19.89;2019-08-08 14:17:16;18.43324938;18.42
2019-08-08 14:22:23;223.4391862;222.535;223.08;223.0180621;19.90654093;21.42177693;19.89;2019-08-08 14:17:16;18.43382062;18.42
2019-08-08 14:23:23;223.71;222.56;223.14;223.1366667;19.91793338;21.43316938;19.89;2019-08-08 14:17:16;18.44441458;18.42
2019-08-08 14:24:23;223.52;222.61;223.11;223.08;19.91249032;21.42772632;19.89;2019-08-08 14:17:16;18.43935302;18.42
2019-08-08 14:25:23;223.36;222.465;222.92;222.915;19.89664141;21.41187741;19.89;2019-08-08 14:17:16;18.42461495;18.42
2019-08-08 14:26:23;223.3415433;222.365;222.83;222.8455144;19.88996704;21.40520304;19.89;2019-08-08 14:17:16;18.41840839;18.42
2019-08-08 14:27:23;223.17;222.285;222.85;222.7683333;19.88255349;21.39778949;19.88;2019-08-08 14:27:16;18.41188939;18.41
2019-08-08 14:28:23;223.15;222.285;222.79;222.7416667;19.87999205;21.39522805;19.88;2019-08-08 14:27:16;18.40950743;18.41
2019-08-08 14:29:23;223.12;222.305;222.64;222.6883333;19.87486917;21.39010517;19.88;2019-08-08 14:27:16;18.40474352;18.41
2019-08-08 14:30:23;222.9466767;222.225;222.72;222.6305589;19.8693197;21.3845557;19.88;2019-08-08 14:27:16;18.39958292;18.41
2019-08-08 14:31:24;222.9;222.455;222.64;222.665;19.87262791;21.38786391;19.88;2019-08-08 14:27:16;18.40265931;18.41
2019-08-08 14:32:23;222.83;222.22;222.42;222.49;19.85581846;21.37105446;19.88;2019-08-08 14:27:16;18.38702773;18.41
2019-08-08 14:33:23;222.92;221.965;222.57;222.485;19.85533819;21.37057419;19.88;2019-08-08 14:27:16;18.38658111;18.41
2019-08-08 14:34:23;222.8372633;222.105;222.52;222.4874211;19.85557075;21.37080675;19.88;2019-08-08 14:27:16;18.38679737;18.41
2019-08-08 14:35:23;222.84;222.02;222.51;222.4566667;19.85261666;21.36785266;19.88;2019-08-08 14:27:16;18.38405029;18.41
2019-08-08 14:36:23;223.01;222.1;222.66;222.59;19.86542386;21.38065986;19.88;2019-08-08 14:27:16;18.39596006;18.41
2019-08-08 14:37:23;223.07;222.105;222.76;222.645;19.85749285;21.37272885;19.85;2019-08-08 14:37:16;18.3902667;18.38
2019-08-08 14:38:25;223.04;222.345;222.65;222.6783333;19.86069267;21.37592867;19.85;2019-08-08 14:37:16;18.39324256;18.38
2019-08-08 14:39:23;223.11;222.215;222.74;222.6883333;19.86165262;21.37688862;19.85;2019-08-08 14:37:16;18.39413532;18.38
2019-08-08 14:40:23;223.03;222.355;222.86;222.7483333;19.8674123;21.3826483;19.85;2019-08-08 14:37:16;18.39949186;18.38
2019-08-08 14:41:23;223.07;222.475;222.81;222.785;19.8709321;21.3861681;19.85;2019-08-08 14:37:16;18.4027653;18.38
2019-08-08 14:42:23;222.95;222.475;222.7;222.7083333;19.86357251;21.37880851;19.85;2019-08-08 14:37:16;18.39592083;18.38
2019-08-08 14:43:25;222.9476829;222.385;222.52;222.617561;19.85485885;21.37009485;19.85;2019-08-08 14:37:16;18.38781707;18.38
2019-08-08 14:44:23;222.94;222.195;222.62;222.585;19.85173317;21.36696917;19.85;2019-08-08 14:37:16;18.38491016;18.38
2019-08-08 14:45:23;222.87;222.35;222.7;222.64;19.85701288;21.37224888;19.85;2019-08-08 14:37:16;18.38982033;18.38
2019-08-08 14:46:23;222.87;222.405;222.72;222.665;19.85941274;21.37464874;19.85;2019-08-08 14:37:16;18.39205222;18.38
2019-08-08 14:47:23;222.87;222.405;222.89;222.7216667;19.86485244;21.38008844;19.85;2019-08-08 14:47:17;18.39830261;18.38
2019-08-08 14:48:40;223.2;222.615;222.87;222.895;19.88149151;21.39672751;19.85;2019-08-08 14:47:17;18.41377799;18.38
2019-08-08 14:49:22;223.21;222.735;223.04;222.995;19.89109098;21.40632698;19.85;2019-08-08 14:47:17;18.4227061;18.38
2019-08-08 14:50:25;223.3118161;222.735;223.18;223.0756054;19.89882866;21.41406466;19.85;2019-08-08 14:47:17;18.42990263;18.38
2019-08-08 14:51:22;223.45;222.915;223.27;223.2116667;19.91188982;21.42712582;19.85;2019-08-08 14:47:17;18.44205032;18.38
2019-08-08 14:52:23;223.34;222.765;223.1;223.0683333;19.89813058;21.41336658;19.85;2019-08-08 14:47:17;18.42925337;18.38
2019-08-08 14:53:23;223.41;222.765;223.23;223.135;19.90453023;21.41976623;19.85;2019-08-08 14:47:17;18.43520544;18.38
2019-08-08 14:54:23;223.43;222.965;223.34;223.245;19.91508964;21.43032564;19.85;2019-08-08 14:47:17;18.44502636;18.38
2019-08-08 14:55:23;223.43;222.955;223.23;223.205;19.91124985;21.42648585;19.85;2019-08-08 14:47:17;18.44145511;18.38
2019-08-08 14:56:23;223.4945338;222.955;223.18;223.2098446;19.91171491;21.42695091;19.85;2019-08-08 14:47:17;18.44188764;18.38
2019-08-08 14:57:23;223.49;222.955;223.04;223.1616667;19.90709009;21.42232609;19.9;2019-08-08 14:57:16;18.43834709;18.43
2019-08-08 14:58:23;223.26;222.715;222.97;222.9816667;19.88981105;21.40504705;19.9;2019-08-08 14:57:16;18.42227589;18.43
2019-08-08 14:59:23;223.35;222.685;222.85;222.9616667;19.88789116;21.40312716;19.9;2019-08-08 14:57:16;18.4204902;18.43
2019-08-08 15:00:22;223.18;222.545;222.83;222.8516667;19.87733174;21.39256774;19.9;2019-08-08 14:57:16;18.41066891;18.43
2019-08-08 15:01:23;223.24;222.545;222.82;222.8683333;19.87893165;21.39416765;19.9;2019-08-08 14:57:16;18.41215699;18.43
2019-08-08 15:02:23;223.24;222.495;222.98;222.905;19.88245146;21.39768746;19.9;2019-08-08 14:57:16;18.41543075;18.43
2019-08-08 15:03:23;223.24;222.445;223.09;222.925;19.88437135;21.39960735;19.9;2019-08-08 14:57:16;18.41721644;18.43
2019-08-08 15:04:23;223.23;222.515;222.93;222.8916667;19.88117153;21.39640753;19.9;2019-08-08 14:57:16;18.41424029;18.43
2019-08-08 15:05:23;223.23;222.355;222.89;222.825;19.87477189;21.39000789;19.9;2019-08-08 14:57:16;18.40828799;18.43
2019-08-08 15:06:24;223.1;222.335;222.88;222.7716667;19.86965217;21.38488817;19.9;2019-08-08 14:57:16;18.40352616;18.43
2019-08-08 15:07:23;222.99;222.385;222.96;222.7783333;19.87029214;21.38552814;19.86;2019-08-08 15:07:16;18.40056344;18.39
2019-08-08 15:08:24;222.99;222.325;222.91;222.7416667;19.86677233;21.38200833;19.86;2019-08-08 15:07:16;18.39729026;18.39
2019-08-08 15:09:23;222.9798928;222.345;222.78;222.7016309;19.86292912;21.37816512;19.86;2019-08-08 15:07:16;18.39371633;18.39
2019-08-08 15:10:23;222.92;222.325;222.91;222.7183333;19.86453246;21.37976846;19.86;2019-08-08 15:07:16;18.39520733;18.39
2019-08-08 15:11:25;222.91;222.325;222.86;222.6983333;19.86261256;21.37784856;19.86;2019-08-08 15:07:16;18.39342196;18.39
2019-08-08 15:12:23;222.935075;222.355;222.93;222.740025;19.86661474;21.38185074;19.86;2019-08-08 15:07:16;18.39714371;18.39
2019-08-08 15:13:23;222.9933206;222.435;222.91;222.7794402;19.87039839;21.38563439;19.86;2019-08-08 15:07:16;18.40066224;18.39
2019-08-08 15:14:23;223.07;222.345;223;222.805;19.87285199;21.38808799;19.86;2019-08-08 15:07:16;18.40294393;18.39
2019-08-08 15:15:23;223.07;222.525;223.09;222.895;19.88149151;21.39672751;19.86;2019-08-08 15:07:16;18.41097809;18.39
2019-08-08 15:16:22;223.24;222.595;223.11;222.9816667;19.88981105;21.40504705;19.86;2019-08-08 15:07:16;18.41871469;18.39
2019-08-08 15:17:23;223.25;222.605;223.15;223.0016667;19.89173094;21.40696694;19.88;2019-08-08 15:17:16;18.42294552;18.41
2019-08-08 15:18:23;223.26;222.675;223.11;223.015;19.89301087;21.40824687;19.88;2019-08-08 15:17:16;18.42413591;18.41
2019-08-08 15:19:23;223.25;222.545;223.18;222.9916667;19.89077099;21.40600699;19.88;2019-08-08 15:17:16;18.42205272;18.41
2019-08-08 15:20:22;223.25;222.645;223.2;223.0316667;19.89461078;21.40984678;19.88;2019-08-08 15:17:16;18.4256239;18.41
2019-08-08 15:21:24;223.25;222.645;223.25;223.0483333;19.89621069;21.41144669;19.88;2019-08-08 15:17:16;18.42711189;18.41
2019-08-08 15:22:22;223.26;222.645;223.15;223.0183333;19.89333085;21.40856685;19.88;2019-08-08 15:17:16;18.42443351;18.41
2019-08-08 15:23:23;223.26;222.705;223.16;223.0416667;19.89557073;21.41080673;19.88;2019-08-08 15:17:16;18.4265167;18.41
2019-08-08 15:24:22;223.25;222.685;223.26;223.065;19.8978106;21.4130466;19.88;2019-08-08 15:17:16;18.42859988;18.41
2019-08-08 15:25:23;223.26;222.705;223.19;223.0516667;19.89653067;21.41176667;19.88;2019-08-08 15:17:16;18.42740949;18.41
2019-08-08 15:26:22;223.24;222.645;223.16;223.015;19.89301087;21.40824687;19.88;2019-08-08 15:17:16;18.42413591;18.41
2019-08-08 15:27:23;223.22;222.585;223.05;222.9516667;19.8375162;21.3527522;19.83;2019-08-08 15:27:16;18.39579655;18.39
2019-08-08 15:28:23;223.22;222.555;223.06;222.945;19.83687771;21.35211371;19.83;2019-08-08 15:27:16;18.39520203;18.39
2019-08-08 15:29:22;223.24;222.505;223.1;222.9483333;19.83719696;21.35243296;19.83;2019-08-08 15:27:16;18.39549929;18.39
2019-08-08 15:30:23;223.2;222.515;223.05;222.9216667;19.83464301;21.34987901;19.83;2019-08-08 15:27:16;18.39312122;18.39
2019-08-08 15:31:23;223.14;222.505;222.94;222.8616667;19.82889663;21.34413263;19.83;2019-08-08 15:27:16;18.38777056;18.39
2019-08-08 15:32:23;223.02;222.515;222.98;222.8383333;19.82666193;21.34189793;19.83;2019-08-08 15:27:16;18.38568974;18.39
2019-08-08 15:33:22;223.05;222.505;222.92;222.825;19.82538495;21.34062095;19.83;2019-08-08 15:27:16;18.38450071;18.39
2019-08-08 15:34:22;223.22;222.515;223.01;222.915;19.83400452;21.34924052;19.83;2019-08-08 15:27:16;18.3925267;18.39
2019-08-08 15:35:23;223.22;222.505;223.02;222.915;19.83400452;21.34924052;19.83;2019-08-08 15:27:16;18.3925267;18.39
2019-08-08 15:36:23;223.18;222.505;223.04;222.9083333;19.83336604;21.34860204;19.83;2019-08-08 15:27:16;18.39193218;18.39
2019-08-08 15:37:23;223.18;222.515;223;222.8983333;19.83095531;21.34764431;19.82;2019-08-08 15:37:17;18.38936352;18.38
2019-08-08 15:38:23;223.15;222.515;222.92;222.8616667;19.82744363;21.34413263;19.82;2019-08-08 15:37:17;18.38609372;18.38
2019-08-08 15:39:22;223.15;222.345;222.83;222.775;19.8191433;21.3358323;19.82;2019-08-08 15:37:17;18.3783651;18.38
2019-08-08 15:40:23;223.08;222.31;222.62;222.67;19.80908714;21.32577614;19.82;2019-08-08 15:37:17;18.36900158;18.38
2019-08-08 15:41:23;222.85;222.165;222.62;222.545;19.79711551;21.31380451;19.82;2019-08-08 15:37:17;18.35785454;18.38
2019-08-08 15:42:23;222.82;222.085;222.52;222.475;19.7904114;21.3071004;19.82;2019-08-08 15:37:17;18.3516122;18.38
2019-08-08 15:43:23;222.82;222.055;222.45;222.4416667;19.78721897;21.30390797;19.82;2019-08-08 15:37:17;18.34863965;18.38
2019-08-08 15:44:23;222.46;221.875;222.36;222.2316667;19.76710663;21.28379563;19.82;2019-08-08 15:37:17;18.32991262;18.38
2019-08-08 15:45:25;222.39;221.805;222.31;222.1683333;19.76104101;21.27773001;19.82;2019-08-08 15:37:17;18.32426478;18.38
2019-08-08 15:46:23;222.39;221.725;222.33;222.1483333;19.75912555;21.27581455;19.82;2019-08-08 15:37:17;18.32248126;18.38
2019-08-08 15:47:23;222.3939235;222.025;222.6;222.3396412;19.77744768;21.29413668;19.76;2019-08-08 15:47:17;18.33679255;18.32
2019-08-08 15:48:24;222.36;221.895;222.3;222.185;19.76263723;21.27932623;19.76;2019-08-08 15:47:17;18.32300413;18.32
2019-08-08 15:49:23;222.34;221.725;222.27;222.1116667;19.75561387;21.27230287;19.76;2019-08-08 15:47:17;18.31646544;18.32
2019-08-08 15:50:23;222.39;221.675;222.31;222.125;19.75689085;21.27357985;19.76;2019-08-08 15:47:17;18.31765429;18.32
2019-08-08 15:51:23;222.22;221.665;222.05;221.9783333;19.74284414;21.25953314;19.76;2019-08-08 15:47:17;18.30457691;18.32
2019-08-08 15:52:23;222.12;221.47;221.94;221.8433333;19.72991478;21.24660378;19.76;2019-08-08 15:47:17;18.29253977;18.32
2019-08-08 15:53:22;222.19;221.535;222.17;221.965;19.74156716;21.25825616;19.76;2019-08-08 15:47:17;18.30338805;18.32
2019-08-08 15:54:23;222.25;221.395;222.19;221.945;19.7396517;21.2563407;19.76;2019-08-08 15:47:17;18.30160477;18.32
2019-08-08 15:55:23;222.33;221.585;222.13;222.015;19.74635582;21.26304482;19.76;2019-08-08 15:47:17;18.30784625;18.32
2019-08-08 15:56:23;222.2;221.575;222.01;221.9283333;19.73805549;21.25474449;19.76;2019-08-08 15:47:17;18.30011871;18.32
2019-08-08 15:57:23;222;221.325;221.8;221.7083333;19.71698543;21.23367443;19.71;2019-08-08 15:57:17;18.27549705;18.27
2019-08-08 15:58:23;221.95;221.205;222.05;221.735;19.71953937;21.23622837;19.71;2019-08-08 15:57:17;18.27787416;18.27
2019-08-08 15:59:23;221.96;221.345;221.95;221.7516667;19.72113559;21.23782459;19.71;2019-08-08 15:57:17;18.27935985;18.27
2019-08-08 16:00:27;221.89;221.285;221.9;221.6916667;19.71538921;21.23207821;19.71;2019-08-08 15:57:17;18.27401136;18.27
2019-08-08 16:01:22;221.9;221.28;221.72;221.6333333;19.70980245;21.22649145;19.71;2019-08-08 15:57:17;18.26881145;18.27
2019-08-08 16:02:23;220.6;219.405;219.83;219.945;19.54810568;21.06479468;19.71;2019-08-08 15:57:17;18.11831104;18.27
2019-08-08 16:03:22;219.98;219.155;220.05;219.7283333;19.52735487;21.04404387;19.71;2019-08-08 15:57:17;18.09899707;18.27
2019-08-08 16:04:23;220.1;219.4;220.29;219.93;19.54666909;21.06335809;19.71;2019-08-08 15:57:17;18.11697392;18.27
2019-08-08 16:05:23;220.52;219.985;220.56;220.355;19.58737262;21.10406162;19.71;2019-08-08 15:57:17;18.15485902;18.27
2019-08-08 16:06:23;220.59;219.835;220.6;220.3416667;19.58609565;21.10278465;19.71;2019-08-08 15:57:17;18.15367047;18.27
2019-08-08 16:07:23;220.6;219.835;220.55;220.3283333;19.58481867;21.10150767;19.55;2019-08-08 16:07:17;18.1525367;18.12
2019-08-08 16:08:23;220.89;220.025;220.79;220.5683333;19.60780419;21.12449319;19.55;2019-08-08 16:07:17;18.1739307;18.12
2019-08-08 16:09:23;221.2;220.365;221.23;220.9316667;19.64260172;21.15929072;19.55;2019-08-08 16:07:17;18.20631883;18.12
2019-08-08 16:10:23;220.99;220.385;220.95;220.775;19.62759728;21.14428628;19.55;2019-08-08 16:07:17;18.19235331;18.12
2019-08-08 16:11:23;221.2;220.195;220.98;220.7916667;19.6291935;21.1458825;19.55;2019-08-08 16:07:17;18.193839;18.12
2019-08-08 16:12:23;220.99;220.12;220.66;220.59;19.60987928;21.12656828;19.55;2019-08-08 16:07:17;18.1758621;18.12
2019-08-08 16:13:22;220.85;219.995;220.8;220.5483333;19.60588873;21.12257773;19.55;2019-08-08 16:07:17;18.17214787;18.12
2019-08-08 16:14:22;220.81;220.115;220.63;220.5183333;19.60301554;21.11970454;19.55;2019-08-08 16:07:17;18.16947362;18.12
2019-08-08 16:15:24;220.88;219.925;220.51;220.4383333;19.5953537;21.1120427;19.55;2019-08-08 16:07:17;18.16234228;18.12
2019-08-08 16:16:23;220.83;219.86;220.61;220.4333333;19.59487484;21.11156384;19.55;2019-08-08 16:07:17;18.16189658;18.12
2019-08-08 16:17:23;220.9;220.065;220.79;220.585;19.60940041;21.12608941;19.59;2019-08-08 16:17:17;18.18125173;18.16
2019-08-08 16:18:23;221.2;220.405;221;220.8683333;19.6365361;21.1532251;19.59;2019-08-08 16:17:17;18.20651603;18.16
2019-08-08 16:19:22;221.57;220.6;221.1;221.09;19.65776578;21.17445478;19.59;2019-08-08 16:17:17;18.22628163;18.16
2019-08-08 16:20:23;221.45;220.635;221.07;221.0516667;19.65409448;21.17078348;19.59;2019-08-08 16:17:17;18.22286351;18.16
2019-08-08 16:21:23;221.49;220.495;221.08;221.0216667;19.65122129;21.16791029;19.59;2019-08-08 16:17:17;18.22018847;18.16
2019-08-08 16:22:23;221.56;220.575;221.27;221.135;19.66207557;21.17876457;19.59;2019-08-08 16:17:17;18.23029419;18.16
2019-08-08 16:23:22;221.62;220.745;221.29;221.2183333;19.67005665;21.18674565;19.59;2019-08-08 16:17:17;18.23772487;18.16
2019-08-08 16:24:23;221.57;220.695;221.37;221.2116667;19.66941816;21.18610716;19.59;2019-08-08 16:17:17;18.23713041;18.16
2019-08-08 16:25:23;221.66;220.685;221.4;221.2483333;19.67292984;21.18961884;19.59;2019-08-08 16:17:17;18.24039991;18.16
2019-08-08 16:26:23;221.48;220.695;221.07;221.0816667;19.65696767;21.17365667;19.59;2019-08-08 16:17:17;18.22553856;18.16
2019-08-08 16:27:23;221.4;220.505;221.01;220.9716667;19.65725362;21.17394262;19.64;2019-08-08 16:27:17;18.22471945;18.21
2019-08-08 16:28:26;221.37;220.385;221.21;220.9883333;19.65885066;21.17553966;19.64;2019-08-08 16:27:17;18.22620626;18.21
2019-08-08 16:29:22;221.4398638;220.595;221.32;221.1182879;19.67130316;21.18799216;19.64;2019-08-08 16:27:17;18.23779935;18.21
2019-08-08 16:30:23;221.43;220.605;221.02;221.0183333;19.66172532;21.17841432;19.64;2019-08-08 16:27:17;18.22888253;18.21
2019-08-08 16:31:23;221.21;220.425;220.92;220.8516667;19.64575499;21.16244399;19.64;2019-08-08 16:27:17;18.2140144;18.21
2019-08-08 16:32:23;221.12;220.425;220.96;220.835;19.64415795;21.16084695;19.64;2019-08-08 16:27:17;18.21252758;18.21
2019-08-08 16:33:23;221.12;220.425;220.91;220.8183333;19.64256092;21.15924992;19.64;2019-08-08 16:27:17;18.21104077;18.21
2019-08-08 16:34:23;221.24;220.435;221.1;220.925;19.65278193;21.16947093;19.64;2019-08-08 16:27:17;18.22055637;18.21
2019-08-08 16:35:23;221.3;220.515;221.2;221.005;19.66044769;21.17713669;19.64;2019-08-08 16:27:17;18.22769308;18.21
2019-08-08 16:36:23;221.36;220.685;221.27;221.105;19.67002989;21.18671889;19.64;2019-08-08 16:27:17;18.23661395;18.21
2019-08-08 16:37:23;221.41;220.715;221.31;221.145;19.67386277;21.19055177;19.65;2019-08-08 16:37:18;18.24632479;18.22
2019-08-08 16:38:23;221.42;220.64;221.24;221.1;19.66955078;21.18623978;19.65;2019-08-08 16:37:18;18.24230914;18.22
2019-08-08 16:39:23;221.46;220.645;221.45;221.185;19.67769565;21.19438465;19.65;2019-08-08 16:37:18;18.24989425;18.22
2019-08-08 16:40:23;221.59;220.675;221.24;221.1683333;19.67609861;21.19278761;19.65;2019-08-08 16:37:18;18.24840697;18.22
2019-08-08 16:41:23;221.61;220.665;221.52;221.265;19.6853614;21.2020504;19.65;2019-08-08 16:37:18;18.25703317;18.22
2019-08-08 16:42:23;221.65;220.755;221.38;221.2616667;19.685042;21.201731;19.65;2019-08-08 16:37:18;18.25673572;18.22
2019-08-08 16:43:23;221.6;220.675;221.28;221.185;19.67769565;21.19438465;19.65;2019-08-08 16:37:18;18.24989425;18.22
2019-08-08 16:44:22;221.59;220.675;221.29;221.185;19.67769565;21.19438465;19.65;2019-08-08 16:37:18;18.24989425;18.22
2019-08-08 16:45:23;221.6;220.695;221.53;221.275;19.68631962;21.20300862;19.65;2019-08-08 16:37:18;18.25792554;18.22
2019-08-08 16:46:23;221.6;220.695;221.4;221.2316667;19.68216734;21.19885634;19.65;2019-08-08 16:37:18;18.25405862;18.22
2019-08-08 16:47:23;221.6;220.695;221.43;221.2416667;19.68312556;21.19981456;19.65;2019-08-08 16:47:17;18.25751818;18.23
2019-08-08 16:48:22;221.6;220.695;221.36;221.2183333;19.68088971;21.19757871;19.65;2019-08-08 16:47:17;18.25543573;18.23
2019-08-08 16:49:24;221.48;220.615;221.32;221.1383333;19.67322395;21.18991295;19.65;2019-08-08 16:47:17;18.24829587;18.23
2019-08-08 16:50:22;221.45;220.605;221.13;221.0616667;19.6658776;21.1825666;19.65;2019-08-08 16:47:17;18.24145351;18.23
2019-08-08 16:51:23;221.43;220.575;221.1;221.035;19.66332235;21.18001135;19.65;2019-08-08 16:47:17;18.23907356;18.23
2019-08-08 16:52:22;221.39;220.575;221.32;221.095;19.66907167;21.18576067;19.65;2019-08-08 16:47:17;18.24442845;18.23
2019-08-08 16:53:23;221.43;220.575;221.29;221.0983333;19.66939107;21.18608007;19.65;2019-08-08 16:47:17;18.24472595;18.23
2019-08-08 16:54:23;221.25;220.575;221.05;220.9583333;19.655976;21.172665;19.65;2019-08-08 16:47:17;18.2322312;18.23
2019-08-08 16:55:23;220.98;220.245;220.83;220.685;19.62978466;21.14647366;19.65;2019-08-08 16:47:17;18.20783671;18.23
2019-08-08 16:56:22;220.81;220.205;220.58;220.5316667;19.61509195;21.13178095;19.65;2019-08-08 16:47:17;18.19415199;18.23
2019-08-08 16:57:23;220.63;219.835;220.41;220.2916667;19.59209468;21.10878368;19.57;2019-08-08 16:57:17;18.17186484;18.15
2019-08-08 16:58:23;220.9;219.915;220.72;220.5116667;19.61317551;21.12986451;19.57;2019-08-08 16:57:17;18.19149857;18.15
2019-08-08 16:59:23;221;220.105;220.66;220.5883333;19.62052186;21.13721086;19.57;2019-08-08 16:57:17;18.19834062;18.15
2019-08-08 17:00:23;220.81;220.105;220.4;220.4383333;19.60614857;21.12283757;19.57;2019-08-08 16:57:17;18.18495399;18.15
2019-08-08 17:01:23;220.59;219.675;220;220.0883333;19.57261087;21.08929987;19.57;2019-08-08 16:57:17;18.15371851;18.15
2019-08-08 17:02:23;220.25;219.395;219.95;219.865;19.55121063;21.06789963;19.57;2019-08-08 16:57:17;18.1337873;18.15
2019-08-08 17:03:23;220.39;219.225;220.27;219.9616667;19.56047342;21.07716242;19.57;2019-08-08 16:57:17;18.14241424;18.15
2019-08-08 17:04:23;220.56;219.77;220.38;220.2366667;19.58682447;21.10351347;19.57;2019-08-08 16:57:17;18.1669564;18.15
2019-08-08 17:05:23;220.69;219.855;220.34;220.295;19.59241408;21.10910308;19.57;2019-08-08 16:57:17;18.17216232;18.15
2019-08-08 17:06:23;220.66;219.855;220.45;220.3216667;19.59496934;21.11165834;19.57;2019-08-08 16:57:17;18.17454216;18.15
2019-08-08 17:07:23;220.69;219.855;220.41;220.3183333;19.59464993;21.11133893;19.57;2019-08-08 17:07:17;18.17335118;18.15
2019-08-08 17:08:23;220.7061287;219.87;220.51;220.3620429;19.59883827;21.11552727;19.57;2019-08-08 17:07:17;18.17725183;18.15
2019-08-08 17:09:23;220.72;219.88;220.43;220.3433333;19.59704548;21.11373448;19.57;2019-08-08 17:07:17;18.17558218;18.15
2019-08-08 17:10:23;220.86;219.88;220.62;220.4533333;19.6075859;21.1242749;19.57;2019-08-08 17:07:17;18.1853986;18.15
2019-08-08 17:11:23;220.86;220.095;220.62;220.525;19.61445314;21.13114214;19.57;2019-08-08 17:07:17;18.19179415;18.15
2019-08-08 17:12:23;221.26;220.155;220.69;220.7016667;19.63138169;21.14807069;19.57;2019-08-08 17:07:17;18.20755991;18.15
2019-08-08 17:13:23;221.11;220.16;220.56;220.61;19.62259801;21.13928701;19.57;2019-08-08 17:07:17;18.19937956;18.15
2019-08-08 17:14:23;221.09;220.005;220.51;220.535;19.61541136;21.13210036;19.57;2019-08-08 17:07:17;18.19268655;18.15
2019-08-08 17:15:23;221.09;220.085;220.31;220.495;19.61157848;21.12826748;19.57;2019-08-08 17:07:17;18.18911694;18.15
2019-08-08 17:16:23;220.9;219.98;220.33;220.4033333;19.6027948;21.1194838;19.57;2019-08-08 17:07:17;18.18093659;18.15
2019-08-08 17:17:23;220.9;219.865;220.28;220.3483333;19.5888032;21.1054922;19.58;2019-08-08 17:17:17;18.16966456;18.16
2019-08-08 17:18:23;220.84;219.855;220.26;220.3183333;19.58592973;21.10261873;19.58;2019-08-08 17:17:17;18.16698822;18.16
2019-08-08 17:19:23;220.85;219.75;220.21;220.27;19.58130025;21.09798925;19.58;2019-08-08 17:17:17;18.16267634;18.16
2019-08-08 17:20:23;220.85;219.79;220.4;220.3466667;19.58864357;21.10533257;19.58;2019-08-08 17:17:17;18.16951587;18.16
2019-08-08 17:21:23;220.85;219.765;220.33;220.315;19.58561046;21.10229946;19.58;2019-08-08 17:17:17;18.16669085;18.16
2019-08-08 17:22:23;220.66;219.625;220.25;220.1783333;19.57252019;21.08920919;19.58;2019-08-08 17:17:17;18.15449864;18.16
2019-08-08 17:23:23;220.67;219.555;220.02;220.0816667;19.56326123;21.07995023;19.58;2019-08-08 17:17:17;18.14587488;18.16
2019-08-08 17:24:23;220.38;219.545;220.05;219.9916667;19.55464081;21.07132981;19.58;2019-08-08 17:17:17;18.13784586;18.16
2019-08-08 17:25:23;220.34;219.495;219.95;219.9283333;19.54857459;21.06526359;19.58;2019-08-08 17:17:17;18.13219581;18.16
2019-08-08 17:26:23;219.48;218.95;219.48;219.3033333;19.48871059;21.00539959;19.58;2019-08-08 17:17:17;18.07643876;18.16
2019-08-08 17:27:23;219.37;218.66;218.95;218.9933333;19.45901805;20.97570705;19.43;2019-08-08 17:27:17;18.05468925;18.03
2019-08-08 17:29:23;219.31;218.025;219.26;218.865;19.44672598;20.96341498;19.43;2019-08-08 17:27:17;18.04323701;18.03
2019-08-08 17:30:23;218.91;218.09;218.73;218.5766667;19.41910872;20.93579772;19.43;2019-08-08 17:27:17;18.01750664;18.03
2019-08-08 17:31:23;219.12;218.25;219.01;218.7933333;19.43986157;20.95655057;19.43;2019-08-08 17:27:17;18.0368416;18.03
2019-08-08 17:32:23;218.4827803;218.49;218.72;218.5642601;19.41792039;20.93460939;19.43;2019-08-08 17:27:17;18.0163995;18.03
2019-08-08 17:33:23;218.66;217.91;218.45;218.34;19.39644022;20.91312922;19.43;2019-08-08 17:27:17;17.99638692;18.03
2019-08-08 17:34:22;218.75;217.55;218.59;218.2966667;19.39228965;20.90897865;19.43;2019-08-08 17:27:17;17.99251993;18.03
2019-08-08 17:35:23;218.9200156;218;218.79;218.5700052;19.41847067;20.93515967;19.43;2019-08-08 17:27:17;18.01691219;18.03
2019-08-08 17:36:23;218.98;218.1;218.93;218.67;19.42804841;20.94473741;19.43;2019-08-08 17:27:17;18.02583555;18.03
2019-08-08 17:37:23;219.26;218.265;218.91;218.8116667;19.44161758;20.95830658;19.42;2019-08-08 17:37:17;18.03394004;18.01
2019-08-08 17:38:23;219.24;218.325;218.96;218.8416667;19.44449105;20.96118005;19.42;2019-08-08 17:37:17;18.03661656;18.01
2019-08-08 17:39:22;219.18;218.12;218.71;218.67;19.42804841;20.94473741;19.42;2019-08-08 17:37:17;18.02130089;18.01
2019-08-08 17:40:23;219.19;217.88;218.6;218.5566667;19.41719307;20.93388207;19.42;2019-08-08 17:37:17;18.01118957;18.01
2019-08-08 17:41:23;219.18;217.935;218.5;218.5383333;19.41543706;20.93212606;19.42;2019-08-08 17:37:17;18.00955391;18.01
2019-08-08 17:42:23;219.18;217.79;218.67;218.5466667;19.41623525;20.93292425;19.42;2019-08-08 17:37:17;18.01029739;18.01
2019-08-08 17:43:23;219;217.925;218.53;218.485;19.41032866;20.92701766;19.42;2019-08-08 17:37:17;18.00479564;18.01
2019-08-08 17:44:23;218.8;217.615;218.57;218.3283333;19.39532275;20.91201175;19.42;2019-08-08 17:37:17;17.99081823;18.01
2019-08-08 17:45:23;218.77;217.815;218.6;218.395;19.40170825;20.91839725;19.42;2019-08-08 17:37:17;17.99676607;18.01
2019-08-08 17:46:23;218.82;217.8;218.41;218.3433333;19.39675949;20.91344849;19.42;2019-08-08 17:37:17;17.9921565;18.01
2019-08-08 17:47:22;218.8;217.695;218.39;218.295;19.39213001;20.90881901;19.37;2019-08-08 17:47:18;17.98829001;17.97
2019-08-08 17:48:22;218.51;217.365;218.14;218.005;19.36435311;20.88104211;19.37;2019-08-08 17:47:18;17.96241634;17.97
2019-08-08 17:49:23;218.07;217.365;217.13;217.5216667;19.31805829;20.83474729;19.37;2019-08-08 17:47:18;17.91929355;17.97
2019-08-08 17:50:23;218.06;216.935;217.69;217.5616667;19.32188958;20.83857858;19.37;2019-08-08 17:47:18;17.92286233;17.97
2019-08-08 17:51:22;217.83;216.925;217.55;217.435;19.30975714;20.82644614;19.37;2019-08-08 17:47:18;17.91156118;17.97
2019-08-08 17:52:23;217.79;216.84;217.65;217.4266667;19.30895896;20.82564796;19.37;2019-08-08 17:47:18;17.91081769;17.97
2019-08-08 17:53:23;218;217.015;217.92;217.645;19.32987145;20.84656045;19.37;2019-08-08 17:47:18;17.93029729;17.97
2019-08-08 17:54:23;217.97;216.98;217.84;217.5966667;19.32524197;20.84193097;19.37;2019-08-08 17:47:18;17.92598501;17.97
2019-08-08 17:55:23;218.17;217.13;218.09;217.7966667;19.34439845;20.86108745;19.37;2019-08-08 17:47:18;17.94382893;17.97
2019-08-08 17:56:23;218.19;217.275;218.01;217.825;19.34711228;20.86380128;19.37;2019-08-08 17:47:18;17.94635682;17.97
2019-08-08 17:57:23;218.32;217.475;218.18;217.9916667;19.36307601;20.87976501;19.34;2019-08-08 17:57:17;17.96394393;17.94
2019-08-08 17:58:23;218.39;217.415;218.17;217.9916667;19.36307601;20.87976501;19.34;2019-08-08 17:57:17;17.96394393;17.94
2019-08-08 17:59:23;218.4;217.415;218.09;217.9683333;19.36084109;20.87753009;19.34;2019-08-08 17:57:17;17.96186185;17.94
