2019-07-10 06:00:59;13044.25;13043.09;13043.715;13043.685;601.0175977;617.7946397;600.89;2019-07-10 06:00:31;565.3902209;565.27
2019-07-10 06:01:59;13044.25;13034.97;13034.3;13037.84;600.740758;617.5178;600.89;2019-07-10 06:00:31;565.1294821;565.27
2019-07-10 06:02:59;13022;13028.85;13033;13027.95;600.272333;617.049375;600.89;2019-07-10 06:00:31;564.6883004;565.27
2019-07-10 06:03:58;13006.5;13000.99;13010.845;13006.11167;599.237993;616.015035;600.89;2019-07-10 06:00:31;563.7141172;565.27
2019-07-10 06:04:59;13016.25;13015.91;13002.76;13011.64;599.4998342;616.2768762;600.89;2019-07-10 06:00:31;563.9607298;565.27
2019-07-10 06:05:59;13006.75;12995.74;13011.005;13004.49833;599.1615798;615.9386218;600.89;2019-07-10 06:00:31;563.6421482;565.27
2019-07-10 06:06:59;12999.5;12982.63;12991.925;12991.35167;598.5389076;615.3159496;600.89;2019-07-10 06:00:31;563.0556903;565.27
2019-07-10 06:07:59;13009.5;13006.97;12999.995;13005.48833;599.2084697;615.9855117;600.89;2019-07-10 06:00:31;563.686311;565.27
2019-07-10 06:08:59;13009.5;13018.87;13016;13014.79;599.6490292;616.4260712;600.89;2019-07-10 06:00:31;564.1012477;565.27
2019-07-10 06:09:59;13009.5;12995.24;13002.585;13002.44167;599.0641689;615.8412109;600.89;2019-07-10 06:00:31;563.5504026;565.27
2019-07-10 06:10:59;13000.5;12999.19;12992.335;12997.34167;598.822615;615.599657;598.84;2019-07-10 06:00:31;563.3213387;563.34
2019-07-10 06:11:59;13002.75;13002.49;12999.42;13001.55333;599.0220943;615.7991363;598.84;2019-07-10 06:00:31;563.5092158;563.34
2019-07-10 06:12:59;12996.5;12989.8;12989.325;12991.875;598.5636945;615.3407365;598.84;2019-07-10 06:00:31;563.0774775;563.34
2019-07-10 06:13:59;12966.5;12952.77;12989.325;12969.53167;597.5054359;614.2824779;598.84;2019-07-10 06:00:31;562.0807695;563.34
2019-07-10 06:14:59;12966.5;12974.71;12963.995;12968.40167;597.4519152;614.2289572;598.84;2019-07-10 06:00:31;562.0303616;563.34
2019-07-10 06:15:59;12966.5;12993.5;12986.605;12982.20167;598.1055316;614.8825736;598.84;2019-07-10 06:00:31;562.6459623;563.34
2019-07-10 06:16:59;12990;12999.26;12995.44;12994.9;598.7069691;615.4840111;598.84;2019-07-10 06:00:31;563.212419;563.34
2019-07-10 06:17:59;13002;12996.38;12998.47;12998.95;598.8987913;615.6758333;598.84;2019-07-10 06:00:31;563.3930844;563.34
2019-07-10 06:18:59;12984;12980;12994.475;12986.15833;598.2929332;615.0699752;598.84;2019-07-10 06:00:31;562.8224642;563.34
2019-07-10 06:19:59;12984;12973.34;12980.415;12979.25167;597.9658092;614.7428512;598.84;2019-07-10 06:00:31;562.5143665;563.34
2019-07-10 06:20:59;12976.25;12983.72;12979.77;12979.91333;597.9971481;614.7741901;597.63;2019-07-10 06:00:31;562.5494385;562.2
2019-07-10 06:21:59;12983.5;12985.17;12981.69;12983.45333;598.1648149;614.9418569;597.63;2019-07-10 06:00:31;562.707355;562.2
2019-07-10 06:22:58;12989.25;12977.28;12982.51;12983.01333;598.1439749;614.9210169;597.63;2019-07-10 06:00:31;562.687727;562.2
2019-07-10 06:23:59;12989.25;12982.6;12980.265;12984.03833;598.1925225;614.9695645;597.63;2019-07-10 06:00:31;562.7334514;562.2
2019-07-10 06:24:59;12989.25;12985.1;12972.85;12982.4;598.1149253;614.8919673;597.63;2019-07-10 06:00:31;562.6603667;562.2
2019-07-10 06:25:59;12989.25;12983.58;12976.035;12982.955;598.1412121;614.9182541;597.63;2019-07-10 06:00:31;562.6851248;562.2
2019-07-10 06:26:59;12982;12964.09;12969.785;12971.95833;597.6203714;614.3974134;597.63;2019-07-10 06:00:31;562.1945726;562.2
2019-07-10 06:27:58;12959.25;12922.91;12955.005;12945.72167;596.3777109;613.1547529;597.63;2019-07-10 06:00:31;561.0241766;562.2
2019-07-10 06:28:59;12951.75;12956.59;12952.815;12953.71833;596.756461;613.533503;597.63;2019-07-10 06:00:31;561.3809012;562.2
2019-07-10 06:29:58;12951.75;12945.94;12953.85;12950.51333;596.604661;613.381703;597.63;2019-07-10 06:00:31;561.2379288;562.2
2019-07-10 06:30:59;12951.75;12957.97;12952.465;12954.06167;596.7727225;613.5497645;597.11;2019-07-10 06:00:31;561.3969176;561.71
2019-07-10 06:31:59;12970.5;12976.38;12966.915;12971.265;597.5875327;614.3645747;597.11;2019-07-10 06:00:31;562.164345;561.71
2019-07-10 06:32:58;12980;12965.6;12973.935;12973.17833;597.6781549;614.4551969;597.74;2019-07-10 06:32:45;562.2432726;562.3
2019-07-10 06:33:59;12976.25;12969.42;12965.715;12970.46167;597.549484;614.326526;597.74;2019-07-10 06:32:45;562.1220855;562.3
2019-07-10 06:34:59;12976.25;12957.05;12967.325;12966.875;597.3796069;614.1566489;597.74;2019-07-10 06:32:45;561.9620889;562.3
2019-07-10 06:35:59;12976;12954.48;12966.425;12965.635;597.3208762;614.0979182;597.74;2019-07-10 06:32:45;561.906774;562.3
2019-07-10 06:36:59;12958.25;12941.41;12956.475;12952.045;596.6772061;613.4542481;597.74;2019-07-10 06:32:45;561.3005414;562.3
2019-07-10 06:37:59;12958.25;12950.26;12958.645;12955.71833;596.8511881;613.6282301;597.74;2019-07-10 06:32:45;561.4644041;562.3
2019-07-10 06:38:59;12959.75;12961.42;12957.195;12959.455;597.0281697;613.8052117;597.74;2019-07-10 06:32:45;561.6310921;562.3
2019-07-10 06:39:59;12971.25;12961.25;12961.695;12964.73167;597.2780911;614.0551331;597.74;2019-07-10 06:32:45;561.8664775;562.3
2019-07-10 06:40:59;12978.25;12978.35;12967.85;12974.81667;597.7557521;614.5327941;597.74;2019-07-10 06:32:45;562.3163565;562.3
2019-07-10 06:41:59;12996;12987.13;12982.82;12988.65;598.4109472;615.1879892;597.74;2019-07-10 06:32:45;562.933444;562.3
2019-07-10 06:42:59;12996;12993.35;12996.31;12995.22;598.7221254;615.4991674;598.76;2019-07-10 06:32:45;563.2320822;563.27
2019-07-10 06:43:59;13006.75;13006.99;12995.47;13003.07;599.093929;615.870971;598.76;2019-07-10 06:32:45;563.5822641;563.27
2019-07-10 06:44:59;13010.5;13010.21;13012.825;13011.17833;599.477968;616.25501;598.76;2019-07-10 06:32:45;563.94397;563.27
2019-07-10 06:45:59;13010.5;13013.88;13011.005;13011.795;599.5071755;616.2842175;598.76;2019-07-10 06:32:45;563.971479;563.27
2019-07-10 06:46:59;13010.5;13011.19;13009.055;13010.24833;599.43392;616.210962;598.76;2019-07-10 06:32:45;563.9024835;563.27
2019-07-10 06:47:59;13010.5;13008.06;13008.425;13008.995;599.3745577;616.1515997;598.76;2019-07-10 06:32:45;563.8465734;563.27
2019-07-10 06:48:58;13011.5;13012.07;13003.935;13009.16833;599.3827674;616.1598094;598.76;2019-07-10 06:32:45;563.8543056;563.27
2019-07-10 06:49:58;12997;12995.83;12989.765;12994.19833;598.6737357;615.4507777;598.76;2019-07-10 06:32:45;563.1865065;563.27
2019-07-10 06:51:00;12997;12994.16;12989.885;12993.68167;598.6492646;615.4263066;598.76;2019-07-10 06:32:45;563.1634585;563.27
2019-07-10 06:51:59;12988;12989.71;12986.215;12987.975;598.3789769;615.1560189;598.76;2019-07-10 06:32:45;562.9088889;563.27
2019-07-10 06:52:59;12988;12997.49;12984.755;12990.08167;598.9015182;615.6785602;598.82;2019-07-10 06:32:45;563.1254798;563.05
2019-07-10 06:53:59;12988;13001.72;12991.855;12993.85833;599.0805173;615.8575593;598.82;2019-07-10 06:32:45;563.2939894;563.05
2019-07-10 06:54:58;12991.25;12993.38;12994.795;12993.14167;599.0465501;615.8235921;598.82;2019-07-10 06:32:45;563.2620127;563.05
2019-07-10 06:55:58;12991.25;12987.69;12983.88;12987.60667;598.784213;615.561255;598.82;2019-07-10 06:32:45;563.0150488;563.05
2019-07-10 06:56:59;12986.5;12976.53;12975.955;12979.66167;598.4076513;615.1846933;598.82;2019-07-10 06:32:45;562.660554;563.05
2019-07-10 06:57:59;12979.5;12965.93;12952.635;12966.02167;597.7611692;614.5382112;598.82;2019-07-10 06:32:45;562.0519563;563.05
2019-07-10 06:58:59;12949.5;12950.48;12955.655;12951.87833;597.0908311;613.8678731;598.82;2019-07-10 06:32:45;561.4209006;563.05
2019-07-10 06:59:59;12953.5;12967.4;12960.665;12960.52167;597.5004909;614.2775329;598.82;2019-07-10 06:32:45;561.806554;563.05
2019-07-10 07:00:59;12973.25;12976.53;12961.73;12970.50333;597.9735825;614.7506245;598.82;2019-07-10 06:32:45;562.251922;563.05
2019-07-10 07:01:59;12973.25;12978.27;12979.58;12977.03333;598.2830787;615.0601207;598.82;2019-07-10 06:32:45;562.5432815;563.05
2019-07-10 07:02:59;12973.25;12971.12;12979.125;12974.49833;598.1629297;614.9399717;598.35;2019-07-10 06:32:45;562.4272525;562.6
2019-07-10 07:03:59;12965.75;12945.23;12956.945;12955.975;597.2849969;614.0620389;598.35;2019-07-10 06:32:45;561.6007715;562.6
2019-07-10 07:04:58;12964.5;12969.02;12952.125;12961.88167;597.5649496;614.3419916;598.35;2019-07-10 06:32:45;561.8643174;562.6
2019-07-10 07:05:59;12960.75;12954.61;12967.825;12961.06167;597.5260848;614.3031268;598.35;2019-07-10 06:32:45;561.8277303;562.6
2019-07-10 07:06:59;12960.75;12951.08;12960.435;12957.42167;597.3535632;614.1306052;598.35;2019-07-10 06:32:45;561.6653194;562.6
2019-07-10 07:07:59;12940;12936.01;12946.41;12940.80667;596.5660778;613.3431198;598.35;2019-07-10 06:32:45;560.9239852;562.6
2019-07-10 07:08:59;12936.5;12927.79;12935.005;12933.09833;596.2007333;612.9777753;598.35;2019-07-10 06:32:45;560.5800519;562.6
2019-07-10 07:09:59;12813.75;12807.03;12935.005;12851.92833;592.3535959;609.1306379;598.35;2019-07-10 06:32:45;556.9583785;562.6
2019-07-10 07:10:59;12838.75;12844.63;12847.525;12843.635;591.9605246;608.7375666;598.35;2019-07-10 06:32:45;556.5883435;562.6
2019-07-10 07:11:59;12851;12831.98;12861.975;12848.31833;592.1824961;608.9595381;598.35;2019-07-10 06:32:45;556.7973062;562.6
2019-07-10 07:12:59;12852.5;12849.51;12827.255;12843.08833;591.9346148;608.7116568;591.72;2019-07-10 06:32:45;556.6116175;556.41
2019-07-10 07:13:58;12865.75;12862.92;12867.075;12865.24833;592.9849113;609.7619533;591.72;2019-07-10 06:32:45;557.6004428;556.41
2019-07-10 07:14:59;12865.75;12865.33;12855.515;12862.19833;592.8403533;609.6173953;591.72;2019-07-10 06:32:45;557.4643455;556.41
2019-07-10 07:15:59;12865.25;12853.29;12856.82;12858.45333;592.6628551;609.4398971;591.72;2019-07-10 06:32:45;557.2972358;556.41
2019-07-10 07:16:59;12863.75;12859.08;12855.845;12859.55833;592.7152277;609.4922697;591.72;2019-07-10 06:32:45;557.3465432;556.41
2019-07-10 07:17:58;12852.25;12851.1;12846.19;12849.84667;592.2549331;609.0319751;591.72;2019-07-10 06:32:45;556.9131884;556.41
2019-07-10 07:18:59;12852.25;12845.03;12852.375;12849.885;592.25675;609.033792;591.72;2019-07-10 06:32:45;556.9148989;556.41
2019-07-10 07:19:59;12852;12846.54;12847.905;12848.815;592.2060362;608.9830782;591.72;2019-07-10 06:32:45;556.8671533;556.41
2019-07-10 07:20:59;12852;12842.45;12848.575;12847.675;592.1520047;608.9290467;591.72;2019-07-10 06:32:45;556.8162841;556.41
2019-07-10 07:21:59;12863.75;12860.25;12865.995;12863.33167;592.8940688;609.6711108;591.72;2019-07-10 06:32:45;557.5149172;556.41
2019-07-10 07:22:59;12885;12883.51;12885.495;12884.66833;593.9053426;610.6823846;594.02;2019-07-10 06:32:45;558.423287;558.53
2019-07-10 07:23:59;12885;12889.68;12885.995;12886.89167;594.0107198;610.7877618;594.02;2019-07-10 06:32:45;558.5224892;558.53
2019-07-10 07:24:59;12885.25;12904.13;12890.96;12893.44667;594.3214009;611.0984429;594.02;2019-07-10 06:32:45;558.8149647;558.53
2019-07-10 07:25:58;12891.75;12891.53;12895.365;12892.88167;594.2946221;611.0716641;594.02;2019-07-10 06:32:45;558.7897551;558.53
2019-07-10 07:26:59;12891.75;12898.87;12893.035;12894.55167;594.3737735;611.1508155;594.02;2019-07-10 06:32:45;558.8642684;558.53
2019-07-10 07:27:59;12891.75;12894.87;12890.005;12892.20833;594.2627088;611.0397508;594.02;2019-07-10 06:32:45;558.7597119;558.53
2019-07-10 07:28:59;12891.75;12886.91;12888.685;12889.115;594.116097;610.893139;594.02;2019-07-10 06:32:45;558.6216914;558.53
2019-07-10 07:29:59;12889.5;12893.62;12887.005;12890.04167;594.1600173;610.9370593;594.02;2019-07-10 06:32:45;558.6630381;558.53
2019-07-10 07:30:59;12895;12902.05;12900.44;12899.16333;594.5923483;611.3693903;594.02;2019-07-10 06:32:45;559.0700349;558.53
2019-07-10 07:31:59;12895.25;12908.95;12901.875;12902.025;594.72798;611.505022;594.02;2019-07-10 06:32:45;559.1977187;558.53
2019-07-10 07:32:59;12895.25;12907.52;12899.745;12900.83833;594.6717367;611.4487787;594.45;2019-07-10 07:32:44;559.141417;558.93
2019-07-10 07:33:59;12895.25;12906.41;12899.44;12900.36667;594.6493816;611.4264236;594.45;2019-07-10 07:32:44;559.120372;558.93
2019-07-10 07:34:59;12895.25;12910.84;12899.825;12901.97167;594.7254522;611.5024942;594.45;2019-07-10 07:32:44;559.1919846;558.93
2019-07-10 07:35:59;12895.25;12909.65;12901.865;12902.255;594.7388811;611.5159231;594.45;2019-07-10 07:32:44;559.2046264;558.93
2019-07-10 07:36:58;12895.25;12900.82;12901.67;12899.24667;594.596298;611.37334;594.45;2019-07-10 07:32:44;559.0703993;558.93
2019-07-10 07:37:59;12899.5;12889.7;12892.81;12894.00333;594.3477847;611.1248267;594.45;2019-07-10 07:32:44;558.83645;558.93
2019-07-10 07:38:59;12892.75;12889.97;12887.335;12890.01833;594.1589114;610.9359534;594.45;2019-07-10 07:32:44;558.6586456;558.93
2019-07-10 07:39:59;12892.75;12891.95;12889.845;12891.515;594.2298475;611.0068895;594.45;2019-07-10 07:32:44;558.7254245;558.93
2019-07-10 07:40:59;12886.75;12880.99;12881.16;12882.96667;593.8246903;610.6017323;594.45;2019-07-10 07:32:44;558.3440113;558.93
2019-07-10 07:41:59;12880.75;12880.01;12873.995;12878.25167;593.6012179;610.3782599;594.45;2019-07-10 07:32:44;558.1336354;558.93
2019-07-10 07:43:00;12880.75;12886.94;12876.375;12881.355;592.9942935;609.7713355;592.94;2019-07-10 07:32:44;557.8310489;557.78
2019-07-10 07:43:59;12880.75;12892.98;12885.52;12886.41667;593.2339003;610.0109423;592.94;2019-07-10 07:32:44;558.0567192;557.78
2019-07-10 07:44:58;12896.75;12903.51;12898.985;12899.74833;593.8649882;610.6420302;592.94;2019-07-10 07:32:44;558.6511008;557.78
2019-07-10 07:45:59;12901;12900.85;12898.245;12900.03167;593.8784005;610.6554425;592.94;2019-07-10 07:32:44;558.663733;557.78
2019-07-10 07:46:59;12901;12894.15;12897.515;12897.555;593.7611613;610.5382033;592.94;2019-07-10 07:32:44;558.5533128;557.78
2019-07-10 07:47:58;12888;12890.13;12891.065;12889.73167;593.3908241;610.1678661;592.94;2019-07-10 07:32:44;558.2045158;557.78
2019-07-10 07:48:59;12888;12898.8;12892.125;12892.975;593.5443555;610.3213975;592.94;2019-07-10 07:32:44;558.3491172;557.78
2019-07-10 07:49:59;12888;12893.64;12894.445;12892.02833;593.4995426;610.2765846;592.94;2019-07-10 07:32:44;558.3069108;557.78
2019-07-10 07:50:59;12882.5;12888.88;12884.835;12885.405;593.1860105;609.9630525;592.94;2019-07-10 07:32:44;558.0116149;557.78
2019-07-10 07:51:59;12875.75;12886.15;12875;12878.96667;592.8812358;609.6582778;592.94;2019-07-10 07:32:44;557.724567;557.78
2019-07-10 07:52:59;12875.75;12880.1;12878.83;12878.22667;592.846206;609.623248;592.81;2019-07-10 07:32:44;557.6977484;557.66
2019-07-10 07:53:59;12870.25;12871.83;12873.98;12872.02;592.5523978;609.3294398;592.81;2019-07-10 07:32:44;557.4210262;557.66
2019-07-10 07:54:59;12870.25;12875;12867.755;12871.00167;592.5041925;609.2812345;592.81;2019-07-10 07:32:44;557.3756241;557.66
2019-07-10 07:55:59;12870.25;12876.73;12878.565;12875.18167;592.7020633;609.4791053;592.81;2019-07-10 07:32:44;557.561988;557.66
2019-07-10 07:56:59;12880.25;12884.71;12883.215;12882.725;593.0591459;609.8361879;592.81;2019-07-10 07:32:44;557.8983051;557.66
2019-07-10 07:57:59;12880.25;12890;12882.555;12884.26833;593.1322035;609.9092455;592.81;2019-07-10 07:32:44;557.9671141;557.66
2019-07-10 07:58:59;12880.25;12882.72;12882.14;12881.70333;593.0107828;609.7878248;592.81;2019-07-10 07:32:44;557.8527544;557.66
2019-07-10 07:59:59;12880.25;12876;12883.015;12879.755;592.9185535;609.6955955;592.81;2019-07-10 07:32:44;557.7658886;557.66
2019-07-10 08:01:00;12893.25;12899;12873.475;12888.575;593.3360704;610.1131124;592.81;2019-07-10 07:32:44;558.1591254;557.66
2019-07-10 08:01:59;12910;12911.93;12901.12;12907.68333;594.2406114;611.0176534;592.81;2019-07-10 07:32:44;559.0110642;557.66
2019-07-10 08:02:59;12912.5;12921.39;12912.695;12915.52833;594.6119742;611.3890162;594.38;2019-07-10 07:32:44;559.4871006;559.27
2019-07-10 08:03:59;12917.5;12922.45;12912.39;12917.44667;594.7027833;611.4798253;594.38;2019-07-10 07:32:44;559.5726477;559.27
2019-07-10 08:04:59;12917.5;12925;12915.995;12919.49833;594.7999041;611.5769461;594.38;2019-07-10 07:32:44;559.6641406;559.27
2019-07-10 08:05:59;12912.25;12898.53;12915.995;12908.925;594.2993888;611.0764308;594.38;2019-07-10 07:32:44;559.1926286;559.27
2019-07-10 08:06:59;12909;12915.52;12910.535;12911.685;594.4300404;611.2070824;594.38;2019-07-10 07:32:44;559.3157093;559.27
2019-07-10 08:07:59;12898.75;12905.2;12900.005;12901.31833;593.9393081;610.7163501;594.38;2019-07-10 07:32:44;558.8534135;559.27
2019-07-10 08:08:59;12898.75;12909.41;12900.005;12902.72167;594.0057384;610.7827804;594.38;2019-07-10 07:32:44;558.9159944;559.27
2019-07-10 08:09:59;12900.5;12909.38;12899.335;12903.07167;594.0223066;610.7993486;594.38;2019-07-10 07:32:44;558.9316025;559.27
2019-07-10 08:10:58;12896.25;12898.23;12894.895;12896.45833;593.7092478;610.4862898;594.38;2019-07-10 07:32:44;558.6366845;559.27
2019-07-10 08:11:59;12896.25;12898.62;12893.38;12896.08333;593.6914962;610.4685382;594.38;2019-07-10 07:32:44;558.6199616;559.27
2019-07-10 08:12:59;12896.25;12906.97;12901.995;12901.73833;593.9591899;610.7362319;594.07;2019-07-10 07:32:44;558.7473807;558.85
2019-07-10 08:13:59;12896.25;12920.37;12910.245;12908.955;594.3008089;611.0778509;594.07;2019-07-10 07:32:44;559.0691342;558.85
2019-07-10 08:14:59;12906.5;12909.39;12905.18;12907.02333;594.2093686;610.9864106;594.07;2019-07-10 07:32:44;558.9830113;558.85
2019-07-10 08:15:59;12906.5;12913.04;12905.925;12908.48833;594.2787181;611.0557601;594.07;2019-07-10 07:32:44;559.048328;558.85
2019-07-10 08:16:59;12906.5;12916.56;12898.51;12907.19;594.2172582;610.9943002;594.07;2019-07-10 07:32:44;558.9904421;558.85
2019-07-10 08:17:58;12906.5;12909.41;12903.645;12906.51833;594.1854632;610.9625052;594.07;2019-07-10 07:32:44;558.9604959;558.85
2019-07-10 08:18:59;12901;12905.64;12903.185;12903.275;594.0319319;610.8089739;594.07;2019-07-10 07:32:44;558.8158926;558.85
2019-07-10 08:19:59;12901;12905.12;12895.465;12900.52833;593.9019115;610.6789535;594.07;2019-07-10 07:32:44;558.6934331;558.85
2019-07-10 08:20:59;12901;12905.13;12895.465;12900.53167;593.9020693;610.6791113;594.07;2019-07-10 07:32:44;558.6935817;558.85
2019-07-10 08:21:59;12901;12910.11;12899.935;12903.68167;594.0511825;610.8282245;594.07;2019-07-10 07:32:44;558.8340238;558.85
2019-07-10 08:22:59;12902.5;12905.44;12902.815;12903.585;594.0466065;610.8236485;594.02;2019-07-10 07:32:44;558.8229609;558.8
2019-07-10 08:23:58;12902.5;12896.94;12899.655;12899.69833;593.8626213;610.6396633;594.02;2019-07-10 07:32:44;558.6496768;558.8
2019-07-10 08:24:59;12874.5;12869.02;12878.135;12873.885;592.6406823;609.4177243;594.02;2019-07-10 07:32:44;557.4988085;558.8
2019-07-10 08:25:59;12858.5;12859.78;12862.685;12860.32167;591.9986278;608.7756698;594.02;2019-07-10 07:32:44;556.8940974;558.8
2019-07-10 08:26:59;12858.25;12858.36;12854.92;12857.17667;591.8497513;608.6267933;594.02;2019-07-10 07:32:44;556.7538799;558.8
2019-07-10 08:27:58;12848.5;12852.27;12836.185;12845.65167;591.3041865;608.0812285;594.02;2019-07-10 07:32:44;556.2400464;558.8
2019-07-10 08:28:59;12868.25;12879.07;12858.55;12868.62333;592.3916081;609.1686501;594.02;2019-07-10 07:32:44;557.264221;558.8
2019-07-10 08:29:59;12868.25;12867.72;12872.185;12869.385;592.4276635;609.2047055;594.02;2019-07-10 07:32:44;557.2981794;558.8
2019-07-10 08:30:59;12874.75;12871.92;12865.605;12870.75833;592.4926737;609.2697157;594.02;2019-07-10 07:32:44;557.3594084;558.8
2019-07-10 08:31:59;12871;12876.92;12875.86;12874.59333;592.674213;609.451255;594.02;2019-07-10 07:32:44;557.530389;558.8
2019-07-10 08:32:58;12874.75;12880.89;12876.67;12877.43667;592.8088094;609.5858514;592.91;2019-07-10 08:32:44;557.6604279;557.76
2019-07-10 08:33:59;12883.5;12878.36;12881.185;12881.015;592.9781988;609.7552408;592.91;2019-07-10 08:32:44;557.8199662;557.76
2019-07-10 08:34:59;12876.5;12866.62;12854.745;12865.955;592.2652958;609.0423378;592.91;2019-07-10 08:32:44;557.1485235;557.76
2019-07-10 08:35:58;12876.5;12852.15;12853.21;12860.62;592.0127502;608.7897922;592.91;2019-07-10 08:32:44;556.9106651;557.76
2019-07-10 08:36:59;12876.5;12867.9;12853.095;12865.83167;592.2594575;609.0364995;592.91;2019-07-10 08:32:44;557.1430247;557.76
2019-07-10 08:37:59;12865;12860.52;12863.955;12863.15833;592.1329086;608.9099506;592.91;2019-07-10 08:32:44;557.0238355;557.76
2019-07-10 08:38:58;12850.75;12848.58;12851.945;12850.425;591.5301442;608.3071862;592.91;2019-07-10 08:32:44;556.4561261;557.76
2019-07-10 08:39:59;12851;12850.31;12844.245;12848.51833;591.4398873;608.2169293;592.91;2019-07-10 08:32:44;556.3711183;557.76
2019-07-10 08:40:59;12857.25;12854.79;12854.45;12855.49667;591.7702243;608.5472663;592.91;2019-07-10 08:32:44;556.6822438;557.76
2019-07-10 08:41:59;12857.25;12856.4;12854.995;12856.215;591.8042284;608.5812704;592.91;2019-07-10 08:32:44;556.7142704;557.76
2019-07-10 08:42:59;12857.25;12850.1;12844.98;12850.77667;591.1591475;607.9361895;591.17;2019-07-10 08:32:44;556.0460406;556.06
2019-07-10 08:43:58;12865;12874.72;12862.375;12867.365;591.9438976;608.7209396;591.17;2019-07-10 08:32:44;556.7850737;556.06
2019-07-10 08:44:58;12865;12879.43;12876.75;12873.72667;592.2448512;609.0218932;591.17;2019-07-10 08:32:44;557.0684947;556.06
2019-07-10 08:45:59;12923.25;12932.05;12897.455;12917.585;594.3196727;611.0967147;591.17;2019-07-10 08:32:44;559.0224438;556.06
2019-07-10 08:46:59;12925.5;12929.85;12935.23;12930.19333;594.9161396;611.6931816;591.17;2019-07-10 08:32:44;559.5841624;556.06
2019-07-10 08:47:59;12936;12950;12929.585;12938.52833;595.3104463;612.0874883;591.17;2019-07-10 08:32:44;559.9554982;556.06
2019-07-10 08:48:58;12942.5;12943.07;12947.12;12944.23;595.5801771;612.3572191;591.17;2019-07-10 08:32:44;560.2095153;556.06
2019-07-10 08:49:59;12932.5;12936.1;12934.425;12934.34167;595.1123862;611.8894282;591.17;2019-07-10 08:32:44;559.7689764;556.06
2019-07-10 08:50:59;12937.75;12936.39;12941.07;12938.40333;595.3045329;612.0815749;591.17;2019-07-10 08:32:44;559.9499292;556.06
2019-07-10 08:51:59;12943.75;12949.59;12944.495;12945.945;595.6613092;612.4383512;591.17;2019-07-10 08:32:44;560.2859209;556.06
2019-07-10 08:52:59;12966;12973.47;12960.995;12966.82167;596.648929;613.425971;596.48;2019-07-10 08:32:44;561.2160041;561.06
2019-07-10 08:53:59;12954;12955.98;12958.41;12956.13;596.1431346;612.9201766;596.48;2019-07-10 08:32:44;560.7396756;561.06
2019-07-10 08:54:58;12954;12968;12959.995;12960.665;596.3576734;613.1347154;596.48;2019-07-10 08:32:44;560.9417161;561.06
2019-07-10 08:55:58;12954;12967.98;12959.995;12960.65833;596.357358;613.1344;596.48;2019-07-10 08:32:44;560.9414191;561.06
2019-07-10 08:56:59;12954;12955.92;12951.6;12953.84;596.0348007;612.8118427;596.48;2019-07-10 08:32:44;560.6376529;561.06
2019-07-10 08:57:59;12954;12956;12957.525;12955.84167;596.1294943;612.9065363;596.48;2019-07-10 08:32:44;560.72683;561.06
2019-07-10 08:58:58;12948.75;12955.77;12942.07;12948.86333;595.7993678;612.5764098;596.48;2019-07-10 08:32:44;560.4159356;561.06
2019-07-10 08:59:59;12948.5;12946.77;12946.76;12947.34333;595.7274606;612.5045026;596.48;2019-07-10 08:32:44;560.3482175;561.06
2019-07-10 09:00:59;12948.75;12958.04;12945.415;12950.735;595.8879114;612.6649534;596.48;2019-07-10 08:32:44;560.4993209;561.06
2019-07-10 09:01:59;12983.25;12992.4;12963.43;12979.69333;597.2578534;614.0348954;596.48;2019-07-10 08:32:44;561.7894545;561.06
2019-07-10 09:02:59;12996.75;13009.82;12991.35;12999.30667;598.1857082;614.9627502;598.31;2019-07-10 08:32:44;562.6657995;562.78
2019-07-10 09:03:59;12997.25;13003.8;12994.585;12998.545;598.1496758;614.9267178;598.31;2019-07-10 08:32:44;562.631866;562.78
2019-07-10 09:04:59;12989;12994.2;13002.625;12995.275;597.9949808;614.7720228;598.31;2019-07-10 08:32:44;562.4861824;562.78
2019-07-10 09:05:59;13009;13018.35;12996.96;13008.10333;598.6018552;615.3788972;598.31;2019-07-10 08:32:44;563.0577048;562.78
2019-07-10 09:06:59;13006;13005.72;13007.57;13006.43;598.5226943;615.2997363;598.31;2019-07-10 08:32:44;562.9831552;562.78
2019-07-10 09:07:59;12997.5;12998.01;13005.855;13000.455;598.2400328;615.0170748;598.31;2019-07-10 08:32:44;562.7169595;562.78
2019-07-10 09:08:58;12995.25;12986.13;12991.36;12990.91333;597.7886419;614.5656839;598.31;2019-07-10 08:32:44;562.2918633;562.78
2019-07-10 09:09:59;12982;12975.11;12983.235;12980.115;597.2778013;614.0548433;598.31;2019-07-10 08:32:44;561.8107805;562.78
2019-07-10 09:10:59;12982;12997.2;12977.54;12985.58;597.536336;614.313378;598.31;2019-07-10 08:32:44;562.0542549;562.78
2019-07-10 09:11:59;12977;12981.05;12971.355;12976.46833;597.1052872;613.8823292;598.31;2019-07-10 08:32:44;561.6483158;562.78
2019-07-10 09:12:59;12976.5;12980.31;12968.175;12974.995;597.0355877;613.8126297;597.07;2019-07-10 08:32:44;561.5808188;561.61
2019-07-10 09:13:59;12976.5;12981.14;12969.455;12975.69833;597.0688605;613.8459025;597.07;2019-07-10 08:32:44;561.6121533;561.61
2019-07-10 09:14:59;12976.5;12982;12979.205;12979.235;597.2361709;614.0132129;597.07;2019-07-10 08:32:44;561.7697169;561.61
2019-07-10 09:15:58;12976.5;12985.68;12979.275;12980.485;597.2953051;614.0723471;597.07;2019-07-10 08:32:44;561.8254062;561.61
2019-07-10 09:16:59;13011.25;13020.41;12982.315;13004.65833;598.4388814;615.2159234;597.07;2019-07-10 08:32:44;562.9023627;561.61
2019-07-10 09:17:59;13041.25;13050.9;13036.955;13043.035;600.2543798;617.0314218;597.07;2019-07-10 08:32:44;564.6120981;561.61
2019-07-10 09:18:59;13049;13055.3;13057.625;13053.975;600.7719222;617.5489642;597.07;2019-07-10 08:32:44;565.0994907;561.61
2019-07-10 09:19:59;13046;13034.12;13042.03;13040.71667;600.1447056;616.9217476;597.07;2019-07-10 08:32:44;564.508813;561.61
2019-07-10 09:20:59;13032.75;13037.48;13038.875;13036.36833;599.9389975;616.7160395;597.07;2019-07-10 08:32:44;564.3150885;561.61
2019-07-10 09:21:59;13015;13025.05;13018.97;13019.67333;599.1492013;615.9262433;597.07;2019-07-10 08:32:44;563.5713024;561.61
2019-07-10 09:22:58;13018.25;13012.25;13016.225;13015.575;598.95532;615.732362;598.93;2019-07-10 08:32:44;563.3873991;563.36
2019-07-10 09:23:59;13028.25;13029.64;13013.485;13023.79167;599.3440287;616.1210707;598.93;2019-07-10 08:32:44;563.7534625;563.36
2019-07-10 09:24:59;13028.25;13040.36;13034.325;13034.31167;599.841702;616.618744;598.93;2019-07-10 08:32:44;564.2221425;563.36
2019-07-10 09:25:59;13030.5;13035.81;13034.16;13033.49;599.8028312;616.5798732;598.93;2019-07-10 08:32:44;564.1855361;563.36
2019-07-10 09:26:59;13019.5;13022.44;13018.27;13020.07;599.1679665;615.9450085;598.93;2019-07-10 08:32:44;563.5876573;563.36
2019-07-10 09:27:58;13042.75;13049.89;13034.625;13042.42167;600.2253646;617.0024066;598.93;2019-07-10 08:32:44;564.5834537;563.36
2019-07-10 09:28:59;13026.25;13033.34;13037.07;13032.22;599.7427508;616.5197928;598.93;2019-07-10 08:32:44;564.1289559;563.36
2019-07-10 09:30:00;13015.5;13011.61;13014.315;13013.80833;598.8717437;615.6487857;598.93;2019-07-10 08:32:44;563.3086917;563.36
2019-07-10 09:30:59;13015.5;13009.03;13011.11;13011.88;598.7805193;615.5575613;598.93;2019-07-10 08:32:44;563.2227819;563.36
2019-07-10 09:31:59;13015.5;13014.99;13014.995;13015.16167;598.9357663;615.7128083;598.93;2019-07-10 08:32:44;563.3689845;563.36
2019-07-10 09:32:59;13010.5;13012.17;13011.855;13011.50833;599.4642571;616.2412991;599.51;2019-07-10 09:32:44;563.2002755;563.24
2019-07-10 09:33:59;12988.75;12992.47;12991.1;12990.77333;598.4822215;615.2592635;599.51;2019-07-10 09:32:44;562.2765132;563.24
2019-07-10 09:34:59;12988.5;12992.54;12988.26;12989.76667;598.4345445;615.2115865;599.51;2019-07-10 09:32:44;562.2316653;563.24
2019-07-10 09:35:59;12988.5;12992.29;12988.93;12989.90667;598.4411751;615.2182171;599.51;2019-07-10 09:32:44;562.2379024;563.24
2019-07-10 09:36:59;12999;13000.17;12998.495;12999.22167;598.8823452;615.6593872;599.51;2019-07-10 09:32:44;562.6528938;563.24
2019-07-10 09:37:59;12999;13000.45;13003.205;13000.885;598.9611227;615.7381647;599.51;2019-07-10 09:32:44;562.7269967;563.24
2019-07-10 09:38:59;12999;13007.97;13003.645;13003.53833;599.0867879;615.8638299;599.51;2019-07-10 09:32:44;562.845205;563.24
2019-07-10 09:39:59;13020;13018.73;13006.6;13015.11;599.6348365;616.4118785;599.51;2019-07-10 09:32:44;563.3607329;563.24
2019-07-10 09:40:59;13028.75;13020;13026.12;13024.95667;600.1011869;616.8782289;599.51;2019-07-10 09:32:44;563.7994104;563.24
2019-07-10 09:41:58;13013.5;13011.16;13008.315;13010.99167;599.4397871;616.2168291;599.51;2019-07-10 09:32:44;563.1772575;563.24
2019-07-10 09:42:59;13003.75;13009.6;13001.685;13005.01167;599.1565668;615.9336088;599.13;2019-07-10 09:32:44;562.9150229;562.89
2019-07-10 09:43:59;13005.25;13005.74;13000.865;13003.95167;599.1063639;615.8834059;599.13;2019-07-10 09:32:44;562.8677987;562.89
2019-07-10 09:45:00;13005.25;13008.93;13001.685;13005.28833;599.1696701;615.9467121;599.13;2019-07-10 09:32:44;562.9273487;562.89
2019-07-10 09:45:59;12980.25;12992.38;13000.005;12990.87833;598.4871945;615.2642365;599.13;2019-07-10 09:32:44;562.2853661;562.89
2019-07-10 09:46:58;12984.25;12986.14;12985.275;12985.22167;598.2192877;614.9963297;599.13;2019-07-10 09:32:44;562.0333548;562.89
2019-07-10 09:47:59;12983.25;12993.33;12982.295;12986.29167;598.2699642;615.0470062;599.13;2019-07-10 09:32:44;562.0810246;562.89
2019-07-10 09:48:58;12983.25;12988.86;12975.005;12982.37167;598.0843081;614.8613501;599.13;2019-07-10 09:32:44;561.9063839;562.89
2019-07-10 09:49:59;12978.5;12979.78;12979.385;12979.22167;597.9351202;614.7121622;599.13;2019-07-10 09:32:44;561.7660477;562.89
2019-07-10 09:50:59;12968.75;12973.62;12975.33;12972.56667;597.619931;614.396973;599.13;2019-07-10 09:32:44;561.4695595;562.89
2019-07-10 09:51:58;12968.75;12983.51;12968.815;12973.69167;597.6732124;614.4502544;599.13;2019-07-10 09:32:44;561.5196796;562.89
2019-07-10 09:52:59;12968.75;12992;12988.255;12983.00167;598.1141457;614.8911877;598.17;2019-07-10 09:32:44;561.9297318;561.98
2019-07-10 09:53:59;12968.75;12996.6;12992.79;12986.04667;598.2583607;615.0354027;598.17;2019-07-10 09:32:44;562.0653891;561.98
2019-07-10 09:54:59;12988.5;12996;12993.565;12992.68833;598.5729183;615.3499603;598.17;2019-07-10 09:32:44;562.3612808;561.98
2019-07-10 09:55:59;12988.5;12992;12994.145;12991.54833;598.5189265;615.2959685;598.17;2019-07-10 09:32:44;562.3104929;561.98
2019-07-10 09:56:59;12974.25;12983.97;12990.005;12982.74167;598.1018318;614.8788738;598.17;2019-07-10 09:32:44;561.9181486;561.98
2019-07-10 09:57:59;12974.25;12970.58;12972.005;12972.27833;597.6062752;614.3833172;598.17;2019-07-10 09:32:44;561.4519984;561.98
2019-07-10 09:58:59;12974.25;12975.74;12970.005;12973.33167;597.6561624;614.4332044;598.17;2019-07-10 09:32:44;561.4989253;561.98
2019-07-10 09:59:59;12974.25;12975.6;12973.725;12974.525;597.7126802;614.4897222;598.17;2019-07-10 09:32:44;561.5520893;561.98
2019-07-10 10:00:58;12984.25;12991.96;12970.005;12982.07167;598.0700997;614.8471417;598.17;2019-07-10 09:32:44;561.8882995;561.98
2019-07-10 10:01:59;12983.5;12982.69;12988.805;12984.99833;598.2087103;614.9857523;598.17;2019-07-10 09:32:44;562.018685;561.98
2019-07-10 10:02:59;12983.5;12977.16;12982.23;12980.96333;598.0176077;614.7946497;598.34;2019-07-10 09:32:44;561.8423005;562.15
2019-07-10 10:03:59;12986;12996;12983.71;12988.57;598.3778689;615.1549109;598.34;2019-07-10 09:32:44;562.1811858;562.15
2019-07-10 10:04:58;12998.5;13000.67;12999.575;12999.58167;598.8993952;615.6764372;598.34;2019-07-10 09:32:44;562.6717675;562.15
2019-07-10 10:05:59;13000.75;13011.27;13008.905;13006.975;599.2495527;616.0265947;598.34;2019-07-10 09:32:44;563.0011486;562.15
2019-07-10 10:06:59;13010;13007.65;13014.045;13010.565;599.4195796;616.1966216;598.34;2019-07-10 09:32:44;563.161087;562.15
2019-07-10 10:07:59;13012.25;13021.18;13014.715;13016.04833;599.6792771;616.4563191;598.34;2019-07-10 09:32:44;563.4053754;562.15
2019-07-10 10:08:59;13012.25;13013.9;13015.6;13013.91667;599.5783187;616.3553607;598.34;2019-07-10 09:32:44;563.3104074;562.15
2019-07-10 10:09:58;13036.75;13034.03;13035.76;13035.51333;600.6011639;617.3782059;598.34;2019-07-10 09:32:44;564.2725624;562.15
2019-07-10 10:10:59;13029.5;13020.77;13029.66;13026.64333;600.1810696;616.9581116;598.34;2019-07-10 09:32:44;563.8773942;562.15
2019-07-10 10:11:59;13023.25;13021.85;13022.8;13022.63333;599.991151;616.768193;598.34;2019-07-10 09:32:44;563.6987444;562.15
2019-07-10 10:12:59;13023.25;13025.68;13025.32;13024.75;600.0913989;616.8684409;600.12;2019-07-10 09:32:44;563.7914874;563.82
2019-07-10 10:13:59;13023.25;13018.64;13027.635;13023.175;600.016805;616.793847;600.12;2019-07-10 09:32:44;563.7213196;563.82
2019-07-10 10:14:59;13008.25;13011.48;13021.19;13013.64;599.5652155;616.3422575;600.12;2019-07-10 09:32:44;563.2965261;563.82
2019-07-10 10:15:59;13008.25;13011.49;13008.685;13009.475;599.3679558;616.1449978;600.12;2019-07-10 09:32:44;563.1109713;563.82
2019-07-10 10:16:59;13015.5;13031.13;13012.575;13019.735;599.8538823;616.6309243;600.12;2019-07-10 09:32:44;563.5680643;563.82
2019-07-10 10:17:59;13029.5;13028.65;13031.485;13029.87833;600.3342832;617.1113252;600.12;2019-07-10 09:32:44;564.0199596;563.82
2019-07-10 10:18:59;13029.5;13018.72;13027.19;13025.13667;600.109712;616.886754;600.12;2019-07-10 09:32:44;563.8087138;563.82
2019-07-10 10:19:59;13023.25;13029.01;13026.985;13026.415;600.1702554;616.9472974;600.12;2019-07-10 09:32:44;563.8656647;563.82
2019-07-10 10:20:58;13023.25;13022.98;13021.36;13022.53;599.986257;616.763299;600.12;2019-07-10 09:32:44;563.6925842;563.82
2019-07-10 10:21:59;13030.5;13043.22;13037.81;13037.17667;600.6799414;617.4569834;600.12;2019-07-10 09:32:44;564.3451074;563.82
2019-07-10 10:22:59;13018.75;13010;13015.925;13014.89167;599.6244959;616.4015379;599.86;2019-07-10 09:32:44;563.3009029;563.52
2019-07-10 10:23:58;13018.75;13025.76;13012.32;13018.94333;599.8163879;616.5934299;599.86;2019-07-10 09:32:44;563.4813926;563.52
2019-07-10 10:24:59;12995;13006;12998.565;12999.855;598.9123406;615.6893826;599.86;2019-07-10 09:32:44;562.6310642;563.52
2019-07-10 10:25:59;12997;12997.21;12981.23;12991.81333;598.5314772;615.3085192;599.86;2019-07-10 09:32:44;562.2728319;563.52
2019-07-10 10:26:59;12997;12997.26;12993.965;12996.075;598.7333151;615.5103571;599.86;2019-07-10 09:32:44;562.4626764;563.52
2019-07-10 10:27:59;12997;13004;12994.995;12998.665;598.8559807;615.6330227;599.86;2019-07-10 09:32:44;562.5780532;563.52
2019-07-10 10:28:59;12996;12987.6;13003.335;12995.645;598.7129498;615.4899918;599.86;2019-07-10 09:32:44;562.4435212;563.52
2019-07-10 10:29:59;12996;12989.02;12991.985;12992.335;598.556184;615.333226;599.86;2019-07-10 09:32:44;562.2960706;563.52
2019-07-10 10:30:59;12982.25;12986.41;12971.595;12980.085;597.9760087;614.7530507;599.86;2019-07-10 09:32:44;561.7503696;563.52
2019-07-10 10:31:58;12980.25;12989.02;12977.095;12982.12167;598.0724678;614.8495098;599.86;2019-07-10 09:32:44;561.841097;563.52
2019-07-10 10:32:58;13005.25;13004.38;13003.405;13004.345;599.0144557;615.7914977;598.91;2019-07-10 10:32:44;562.9400269;562.84
2019-07-10 10:33:58;13001.25;12990;12994.845;12995.365;598.589228;615.36627;598.91;2019-07-10 10:32:44;562.5399194;562.84
2019-07-10 10:34:58;13001.25;12998.31;12986.7;12995.42;598.5918324;615.3688744;598.91;2019-07-10 10:32:44;562.5423699;562.84
2019-07-10 10:35:59;13000;13014.99;12995.83;13003.60667;598.9794936;615.7565356;598.91;2019-07-10 10:32:44;562.9071301;562.84
2019-07-10 10:36:59;13007;13008.72;13011.145;13008.955;599.2327519;616.0097939;598.91;2019-07-10 10:32:44;563.1454273;562.84
2019-07-10 10:37:59;13007;13021.36;13011.29;13013.21667;599.4345535;616.2115955;598.91;2019-07-10 10:32:44;563.3353075;562.84
2019-07-10 10:39:00;13007;13011;13010.005;13009.335;599.2507459;616.0277879;598.91;2019-07-10 10:32:44;563.1623583;562.84
2019-07-10 10:39:59;12996.75;12992.85;12986.71;12992.10333;598.4347791;615.2118211;598.91;2019-07-10 10:32:44;562.3945945;562.84
2019-07-10 10:40:59;12990.25;12984.61;12987.685;12987.515;598.2175089;614.9945509;598.91;2019-07-10 10:32:44;562.1901595;562.84
2019-07-10 10:41:59;12972.5;12964.38;12966.165;12967.68167;597.278346;614.055388;598.91;2019-07-10 10:32:44;561.3064774;562.84
2019-07-10 10:43:14;12972.5;12979.55;12974.035;12975.36167;597.6420152;614.4190572;597.5;2019-07-10 10:32:44;561.6559699;561.52
2019-07-10 10:43:59;12972;12976;12972.425;12973.475;597.5526763;614.3297183;597.5;2019-07-10 10:32:44;561.5719077;561.52
2019-07-10 10:44:59;12989;12992.91;12976.01;12985.97333;598.1445068;614.9215488;597.5;2019-07-10 10:32:44;562.128783;561.52
2019-07-10 10:45:59;12989;12984.81;12990.005;12987.93833;598.2375549;615.0145969;597.5;2019-07-10 10:32:44;562.2163354;561.52
2019-07-10 10:46:59;12969;12971.34;12982.395;12974.245;597.5891379;614.3661799;597.5;2019-07-10 10:32:44;561.6062158;561.52
2019-07-10 10:47:58;12935.25;12912;12959.675;12935.64167;595.7611639;612.5382059;597.5;2019-07-10 10:32:44;559.8862071;561.52
2019-07-10 10:48:59;12930.5;12933.45;12940.995;12934.98167;595.7299111;612.5069531;597.5;2019-07-10 10:32:44;559.8568002;561.52
2019-07-10 10:49:59;12930.5;12925.16;12934.39;12930.01667;595.4948047;612.2718467;597.5;2019-07-10 10:32:44;559.6355798;561.52
2019-07-10 10:50:59;12940.5;12950.57;12939.625;12943.565;596.1363556;612.9133976;597.5;2019-07-10 10:32:44;560.2392389;561.52
2019-07-10 10:51:58;12955;12965.07;12954.29;12958.12;596.8255748;613.6026168;597.5;2019-07-10 10:32:44;560.8877509;561.52
2019-07-10 10:52:59;12955.25;12961.58;12961.53;12959.45333;596.8887118;613.6657538;596.98;2019-07-10 10:32:44;560.950145;561.04
2019-07-10 10:53:58;12957.25;12960.21;12957.22;12958.22667;596.8306258;613.6076678;596.98;2019-07-10 10:32:44;560.8954894;561.04
2019-07-10 10:54:58;12955.5;12952.51;12950.38;12952.79667;596.5735004;613.3505424;596.98;2019-07-10 10:32:44;560.6535493;561.04
2019-07-10 10:55:59;12955.5;12967.94;12958.13;12960.52333;596.9393793;613.7164213;596.98;2019-07-10 10:32:44;560.9978201;561.04
2019-07-10 10:56:59;12967.25;12980;12976.375;12974.54167;597.6031859;614.3802279;596.98;2019-07-10 10:32:44;561.6224237;561.04
2019-07-10 10:57:59;13006.75;13001.9;13006.93;13005.19333;599.0546266;615.8316686;596.98;2019-07-10 10:32:44;562.9881453;561.04
2019-07-10 10:58:59;13009;13019.48;13008.68;13012.38667;599.3952507;616.1722927;596.98;2019-07-10 10:32:44;563.3086528;561.04
2019-07-10 10:59:58;13007;13010.32;13005.73;13007.68333;599.172535;615.949577;596.98;2019-07-10 10:32:44;563.0990902;561.04
2019-07-10 11:00:58;13011.75;13015;13009.7;13012.15;599.3840439;616.1610859;596.98;2019-07-10 10:32:44;563.2981078;561.04
2019-07-10 11:01:59;13027.25;13042.8;13016.4;13028.81667;600.1732564;616.9502984;596.98;2019-07-10 10:32:44;564.0407111;561.04
2019-07-10 11:02:59;13007.5;13010.76;13019.26;13012.50667;599.4009331;616.1779751;599.91;2019-07-10 10:32:44;563.3077587;563.79
2019-07-10 11:03:58;13007.5;13018;13015.28;13013.59333;599.4523897;616.2294317;599.91;2019-07-10 10:32:44;563.3561759;563.79
2019-07-10 11:04:59;13011.75;13008.55;13008.215;13009.505;599.2587959;616.0358379;599.91;2019-07-10 10:32:44;563.1740173;563.79
2019-07-10 11:05:59;13001;12992;13002.325;12998.44167;598.7349166;615.5119586;599.91;2019-07-10 10:32:44;562.6810826;563.79
2019-07-10 11:06:59;12998.75;13001.5;12990.19;12996.81333;598.6578106;615.4348526;599.91;2019-07-10 10:32:44;562.608531;563.79
2019-07-10 11:07:59;12998.75;13006.23;13006.08;13003.68667;598.9832818;615.7603238;599.91;2019-07-10 10:32:44;562.9147773;563.79
2019-07-10 11:08:59;12998.75;13019.96;13008.615;13009.10833;599.2400126;616.0170546;599.91;2019-07-10 10:32:44;563.1563435;563.79
2019-07-10 11:09:59;13008.75;13019.94;13013.5;13014.06333;599.4746455;616.2516875;599.91;2019-07-10 10:32:44;563.3771171;563.79
2019-07-10 11:10:58;13014.75;13018.38;13022.57;13018.56667;599.6878907;616.4649327;599.91;2019-07-10 10:32:44;563.5777663;563.79
2019-07-10 11:11:59;13010.25;13014.83;13016.135;13013.73833;599.4592559;616.2362979;599.91;2019-07-10 10:32:44;563.3626365;563.79
2019-07-10 11:12:59;13002.75;13012.29;13004.19;13006.41;599.1122391;615.8892811;599.19;2019-07-10 10:32:44;563.0387105;563.11
2019-07-10 11:13:58;13003;13011.31;13011.92;13008.74333;599.2227289;615.9997709;599.19;2019-07-10 10:32:44;563.1426743;563.11
2019-07-10 11:14:58;13008;13014.26;13012.035;13011.43167;599.3500289;616.1270709;599.19;2019-07-10 10:32:44;563.2624555;563.11
2019-07-10 11:15:59;13010;13016.67;13022.86;13016.51;599.5905019;616.3675439;599.19;2019-07-10 10:32:44;563.4887253;563.11
2019-07-10 11:16:58;13007.75;13015.58;13006.585;13009.97167;599.2808938;616.0579358;599.19;2019-07-10 10:32:44;563.1974038;563.11
2019-07-10 11:17:59;13010;13024.08;13010.67;13014.91667;599.5150532;616.2920952;599.19;2019-07-10 10:32:44;563.4177328;563.11
2019-07-10 11:18:58;13010;13016.07;13013.28;13013.11667;599.4298182;616.2068602;599.19;2019-07-10 10:32:44;563.3375322;563.11
2019-07-10 11:19:59;13010;13019.76;13017.535;13015.765;599.5552241;616.3322661;599.19;2019-07-10 10:32:44;563.4555311;563.11
2019-07-10 11:20:59;13010.75;13008.65;13007.405;13008.935;599.2318048;616.0088468;599.19;2019-07-10 10:32:44;563.1512142;563.11
2019-07-10 11:21:59;12998.25;13009.07;13002.615;13003.31167;598.9655245;615.7425665;599.19;2019-07-10 10:32:44;562.9006615;563.11
2019-07-10 11:22:59;13008.25;13019.29;12991.845;13006.46167;599.3442497;616.1212917;599.53;2019-07-10 10:32:44;563.2649019;563.44
2019-07-10 11:23:59;12990.75;13000.8;12994.595;12995.38167;598.8193857;615.5964277;599.53;2019-07-10 10:32:44;562.7710317;563.44
2019-07-10 11:24:59;13006.75;13012.21;13014.295;13011.085;599.5632589;616.3403009;599.53;2019-07-10 10:32:44;563.4709783;563.44
2019-07-10 11:25:58;13005.75;13019.96;13010.005;13011.905;599.6021026;616.3791446;599.53;2019-07-10 10:32:44;563.5075283;563.44
2019-07-10 11:26:59;13010.75;13012.89;13008.26;13010.63333;599.5418633;616.3189053;599.53;2019-07-10 10:32:44;563.4508461;563.44
2019-07-10 11:27:59;13010.75;13014.91;13012.5;13012.72;599.6407095;616.4177515;599.53;2019-07-10 10:32:44;563.5438554;563.44
2019-07-10 11:28:59;13013.75;13020.07;13009.495;13014.43833;599.7221076;616.4991496;599.53;2019-07-10 10:32:44;563.6204469;563.44
2019-07-10 11:29:59;13013.75;13025;13022.04;13020.26333;599.9980402;616.7750822;599.53;2019-07-10 10:32:44;563.8800853;563.44
2019-07-10 11:30:59;13017.75;13025.43;13024.2;13022.46;600.1020972;616.8791392;599.53;2019-07-10 10:32:44;563.9779976;563.44
2019-07-10 11:31:59;13017.75;13020.88;13023.565;13020.73167;600.0202253;616.7972673;599.53;2019-07-10 10:32:44;563.9009604;563.44
2019-07-10 11:32:59;13018.5;13027.31;13023.005;13022.93833;600.124756;616.901798;599.84;2019-07-10 11:32:44;564.0004851;563.73
2019-07-10 11:33:59;13018.5;13022.18;13020.37;13020.35;600.0021456;616.7791876;599.84;2019-07-10 11:32:44;563.8851148;563.73
2019-07-10 11:34:59;13018.5;13027.61;13019.6;13021.90333;600.0757277;616.8527697;599.84;2019-07-10 11:32:44;563.9543519;563.73
2019-07-10 11:35:59;13043;13048.83;13026.91;13039.58;600.9130784;617.6901204;599.84;2019-07-10 11:32:44;564.7422577;563.73
2019-07-10 11:36:59;13043.5;13049.39;13055.685;13049.525;601.3841771;618.1612191;599.84;2019-07-10 11:32:44;565.1855384;563.73
2019-07-10 11:37:59;13043.5;13049.42;13056.915;13049.945;601.4040726;618.1811146;599.84;2019-07-10 11:32:44;565.2042591;563.73
2019-07-10 11:38:58;13043.5;13044.7;13038.52;13042.24;601.0390837;617.8161257;599.84;2019-07-10 11:32:44;564.8608225;563.73
2019-07-10 11:39:59;13043.5;13040;13035.375;13039.625;600.9152101;617.6922521;599.84;2019-07-10 11:32:44;564.7442635;563.73
2019-07-10 11:40:59;13031;13037.83;13030.415;13033.08167;600.6052498;617.3822918;599.84;2019-07-10 11:32:44;564.4526061;563.73
2019-07-10 11:41:58;13028.5;13043.24;13028.9;13033.54667;600.627277;617.404319;599.84;2019-07-10 11:32:44;564.4733327;563.73
2019-07-10 11:42:58;13085;13084.32;13049.995;13073.105;602.5011711;619.2782131;601.53;2019-07-10 11:32:44;566.2430925;565.33
2019-07-10 11:43:58;13067.25;13080;13078.125;13075.125;602.5968593;619.3739013;601.53;2019-07-10 11:32:44;566.3331314;565.33
2019-07-10 11:44:59;13102;13105;13093.845;13100.28167;603.7885407;620.5655827;601.53;2019-07-10 11:32:44;567.4544575;565.33
2019-07-10 11:45:59;13134.25;13150.3;13113.995;13132.84833;605.3312367;622.1082787;601.53;2019-07-10 11:32:44;568.9060748;565.33
2019-07-10 11:46:58;13094;13099.93;13127.46;13107.13;604.112949;620.889991;601.53;2019-07-10 11:32:44;567.7597132;565.33
2019-07-10 11:47:59;13094;13120.37;13110.535;13108.30167;604.1684513;620.9454933;601.53;2019-07-10 11:32:44;567.8119387;565.33
2019-07-10 11:48:58;13106.75;13106.51;13118.66;13110.64;604.2792191;621.0562611;601.53;2019-07-10 11:32:44;567.9161669;565.33
2019-07-10 11:49:59;13078.25;13085;13078.48;13080.57667;602.8551069;619.6321489;601.53;2019-07-10 11:32:44;566.5761325;565.33
2019-07-10 11:50:59;13090;13080;13094.44;13088.14667;603.2137009;619.9907429;601.53;2019-07-10 11:32:44;566.9135555;565.33
2019-07-10 11:51:59;13072.25;13069.36;13069.995;13070.535;602.3794292;619.1564712;601.53;2019-07-10 11:32:44;566.1285381;565.33
2019-07-10 11:52:59;12999;13024.44;13053.08;13025.50667;600.246419;617.023461;601.06;2019-07-10 11:32:44;564.1205104;564.89
2019-07-10 11:53:59;12995.75;13002.82;12993.585;12997.385;598.9142844;615.6913264;601.06;2019-07-10 11:32:44;562.8670253;564.89
2019-07-10 11:54:58;13018.75;13005.87;13015.795;13013.47167;599.6763162;616.4533582;601.06;2019-07-10 11:32:44;563.5840666;564.89
2019-07-10 11:55:59;13018.75;13024.62;13022.845;13022.07167;600.0837017;616.8607437;601.06;2019-07-10 11:32:44;563.9673999;564.89
2019-07-10 11:56:59;13013.75;13033.21;13008.16;13018.37333;599.9085101;616.6855521;601.06;2019-07-10 11:32:44;563.8025517;564.89
2019-07-10 11:57:59;13002.5;13011.18;13009.33;13007.67;599.401489;616.178531;601.06;2019-07-10 11:32:44;563.3254652;564.89
2019-07-10 11:58:59;13011.5;13017.55;13004.025;13011.025;599.5604167;616.3374587;601.06;2019-07-10 11:32:44;563.4750097;564.89
2019-07-10 11:59:59;13010.25;13009.06;13013.4;13010.90333;599.5546533;616.3316953;601.06;2019-07-10 11:32:44;563.4695866;564.89
2019-07-10 12:00:59;13005;13021.81;13010.665;13012.49167;599.6298932;616.4069352;601.06;2019-07-10 11:32:44;563.5403844;564.89
2019-07-10 12:01:59;13055.25;13041.08;13032.695;13043.00833;601.07548;617.852522;601.06;2019-07-10 11:32:44;564.9006234;564.89
2019-07-10 12:02:58;13055.5;13058.55;13057.405;13057.15167;601.7454553;618.5224973;601.61;2019-07-10 11:32:44;565.5275541;565.4
2019-07-10 12:03:59;13048;13049.87;13043.825;13047.23167;601.2755409;618.0525829;601.61;2019-07-10 11:32:44;565.0853863;565.4
2019-07-10 12:04:59;13058;13059.97;13046.84;13054.93667;601.6405299;618.4175719;601.61;2019-07-10 11:32:44;565.4288241;565.4
2019-07-10 12:05:59;13065.5;13073.89;13069.41;13069.6;602.3351378;619.1121798;601.61;2019-07-10 11:32:44;566.0824184;565.4
2019-07-10 12:07:01;13070;13069.34;13083.07;13074.13667;602.5500416;619.3270836;601.61;2019-07-10 11:32:44;566.2846329;565.4
2019-07-10 12:07:59;13068.25;13064.62;13073.12;13068.66333;602.2907676;619.0678096;601.61;2019-07-10 11:32:44;566.040668;565.4
2019-07-10 12:08:59;13060.5;13070.01;13057.24;13062.58333;602.0027555;618.7797975;601.61;2019-07-10 11:32:44;565.7696619;565.4
2019-07-10 12:09:59;13061;13071.98;13066.995;13066.65833;602.1957899;618.9728319;601.61;2019-07-10 11:32:44;565.9512984;565.4
2019-07-10 12:10:59;13056;13055.63;13057.6;13056.41;601.7103223;618.4873643;601.61;2019-07-10 11:32:44;565.4944956;565.4
2019-07-10 12:11:59;13050.75;13047.83;13046.83;13048.47;601.3342013;618.1112433;601.61;2019-07-10 11:32:44;565.140583;565.4
2019-07-10 12:12:59;13039.75;13045.28;13043.005;13042.67833;601.0598477;617.8368897;601.24;2019-07-10 11:32:44;564.8832211;565.05
2019-07-10 12:13:59;13033;13037.65;13040.075;13036.90833;600.7865205;617.5635625;601.24;2019-07-10 11:32:44;564.6260323;565.05
2019-07-10 12:14:58;13033;13036;13030.775;13033.25833;600.6136186;617.3906606;601.24;2019-07-10 11:32:44;564.4633393;565.05
2019-07-10 12:15:58;13041;13054.02;13029.995;13041.67167;601.0121615;617.7892035;601.24;2019-07-10 11:32:44;564.8383505;565.05
2019-07-10 12:16:59;13040.5;13044.81;13037.52;13040.94333;600.9776601;617.7547021;601.24;2019-07-10 11:32:44;564.8058862;565.05
2019-07-10 12:17:59;13040.5;13050;13040.845;13043.78167;601.1121131;617.8891551;601.24;2019-07-10 11:32:44;564.9324004;565.05
2019-07-10 12:18:59;13040.5;13042.78;13045.005;13042.76167;601.0637953;617.8408373;601.24;2019-07-10 11:32:44;564.8869355;565.05
2019-07-10 12:19:59;13040.5;13034.04;13037.505;13037.34833;600.8073635;617.5844055;601.24;2019-07-10 11:32:44;564.6456447;565.05
2019-07-10 12:20:59;13024.5;13023.4;13025.575;13024.49167;600.198338;616.97538;601.24;2019-07-10 11:32:44;564.0725789;565.05
2019-07-10 12:21:59;13018.75;13016.37;13014.705;13016.60833;599.8249014;616.6019434;601.24;2019-07-10 11:32:44;563.7211916;565.05
2019-07-10 12:22:59;13019.5;13017.34;13018.935;13018.59167;598.714633;615.491675;598.65;2019-07-10 11:32:44;563.5966618;563.54
2019-07-10 12:23:58;13003.25;13008.7;13016.955;13009.635;598.2911806;615.0682226;598.65;2019-07-10 11:32:44;563.1975788;563.54
2019-07-10 12:24:59;12981.75;13000;12996.05;12992.6;597.4858015;614.2628435;598.65;2019-07-10 11:32:44;562.438549;563.54
2019-07-10 12:25:59;12981.75;13020.31;13014.725;13005.595;598.1001779;614.8772199;598.65;2019-07-10 11:32:44;563.0175682;563.54
2019-07-10 12:26:59;12981.75;13010.96;13008.585;13000.43167;597.8560663;614.6331083;598.65;2019-07-10 11:32:44;562.7875052;563.54
2019-07-10 12:27:59;13013;13020.7;13015.91;13016.53667;598.6174769;615.3945189;598.65;2019-07-10 11:32:44;563.505097;563.54
2019-07-10 12:28:59;13013;13023.63;13022.51;13019.71333;598.767663;615.544705;598.65;2019-07-10 11:32:44;563.6466399;563.54
2019-07-10 12:29:58;13015;13014.08;13023.08;13017.38667;598.6576631;615.4347051;598.65;2019-07-10 11:32:44;563.5429705;563.54
2019-07-10 12:30:59;13015;13014.52;13012.055;13013.85833;598.4908509;615.2678929;598.65;2019-07-10 11:32:44;563.3857582;563.54
2019-07-10 12:31:59;13023.25;13020.62;13011.87;13018.58;598.7140814;615.4911234;598.65;2019-07-10 11:32:44;563.5961419;563.54
2019-07-10 12:32:58;13023.25;13027.38;13029.215;13026.615;599.0939593;615.8710013;599.17;2019-07-10 12:32:44;563.9567033;564.03
2019-07-10 12:33:59;13023.25;13027.72;13028.53;13026.5;599.0885224;615.8655644;599.17;2019-07-10 12:32:44;563.9515792;564.03
2019-07-10 12:34:59;13034.75;13033.69;13032.945;13033.795;599.4334146;616.2104566;599.17;2019-07-10 12:32:44;564.2766245;564.03
2019-07-10 12:36:04;13034.75;13033.7;13033.15;13033.86667;599.4368029;616.2138449;599.17;2019-07-10 12:32:44;564.2798178;564.03
2019-07-10 12:36:58;13034.75;13022.27;13030.635;13029.21833;599.2170394;615.9940814;599.17;2019-07-10 12:32:44;564.0727007;564.03
2019-07-10 12:37:59;13023;13020.01;13015.46;13019.49;598.7571043;615.5341463;599.17;2019-07-10 12:32:44;563.6392327;564.03
2019-07-10 12:38:59;13023;13018.01;13016.025;13019.01167;598.7344897;615.5115317;599.17;2019-07-10 12:32:44;563.6179195;564.03
2019-07-10 12:39:59;13023;13018.78;13014.405;13018.72833;598.7210943;615.4981363;599.17;2019-07-10 12:32:44;563.6052949;564.03
2019-07-10 12:40:59;12987;12989.1;12990.01;12988.70333;597.3015753;614.0786173;599.17;2019-07-10 12:32:44;562.2674627;564.03
2019-07-10 12:41:59;12914.75;12927.58;12935.94;12926.09;594.3413484;611.1183904;599.17;2019-07-10 12:32:44;559.4775833;564.03
2019-07-10 12:42:59;12951.75;12951.95;12946.025;12949.90833;595.4674292;612.2444712;595.77;2019-07-10 12:32:44;560.5434202;560.83
2019-07-10 12:43:59;12951.75;12976.58;12953.89;12960.74;595.9795276;612.7565696;595.77;2019-07-10 12:32:44;561.0260536;560.83
2019-07-10 12:44:59;12973;12993.4;12980.785;12982.395;597.0033306;613.7803726;595.77;2019-07-10 12:32:44;561.990949;560.83
2019-07-10 12:45:59;13001.5;13024.01;12999.605;13008.37167;598.2314528;615.0084948;595.77;2019-07-10 12:32:44;563.1484076;560.83
2019-07-10 12:46:59;13023;13029.72;13014.645;13022.455;598.8972832;615.6743252;595.77;2019-07-10 12:32:44;563.7759275;560.83
2019-07-10 12:47:59;13031.5;13025.07;13025.52;13027.36333;599.1293389;615.9063809;595.77;2019-07-10 12:32:44;563.9946311;560.83
2019-07-10 12:48:58;13035.25;13044.58;13019.97;13033.26667;599.4084361;616.1854781;595.77;2019-07-10 12:32:44;564.2576697;560.83
2019-07-10 12:49:59;13035.25;13033.71;13035.565;13034.84167;599.4828988;616.2599408;595.77;2019-07-10 12:32:44;564.3278479;560.83
2019-07-10 12:50:59;13032.25;13027.84;13034.135;13031.40833;599.320578;616.09762;595.77;2019-07-10 12:32:44;564.1748667;560.83
2019-07-10 12:51:59;13032.25;13039.76;13026.44;13032.81667;599.3871611;616.1642031;595.77;2019-07-10 12:32:44;564.2376187;560.83
2019-07-10 12:52:58;13032.25;13039.76;13036.77;13036.26;599.5499547;616.3269967;599.56;2019-07-10 12:32:44;564.3888606;564.4
2019-07-10 12:53:59;13030.75;13034.77;13023.525;13029.68167;599.2389449;616.0159869;599.56;2019-07-10 12:32:44;564.0957468;564.4
2019-07-10 12:54:59;13030.75;13031.93;13027.515;13030.065;599.2570681;616.0341101;599.56;2019-07-10 12:32:44;564.1128272;564.4
2019-07-10 12:55:59;13030.75;13039.53;13032.405;13034.22833;599.4539017;616.2309437;599.56;2019-07-10 12:32:44;564.2983347;564.4
2019-07-10 12:56:59;13030.75;13021.9;13028.445;13027.03167;599.1136584;615.8907004;599.56;2019-07-10 12:32:44;563.9776696;564.4
2019-07-10 12:57:59;13039;13038.8;13037.135;13038.31167;599.6469531;616.4239951;599.56;2019-07-10 12:32:44;564.4802777;564.4
2019-07-10 12:58:58;13048.5;13047.61;13037.625;13044.57833;599.943228;616.72027;599.56;2019-07-10 12:32:44;564.7595044;564.4
2019-07-10 12:59:59;13054.5;13051.56;13052.425;13052.82833;600.3332707;617.1103127;599.56;2019-07-10 12:32:44;565.1271035;564.4
2019-07-10 13:00:58;13055;13047.63;13059.215;13053.94833;600.3862219;617.1632639;599.56;2019-07-10 12:32:44;565.1770078;564.4
2019-07-10 13:01:59;13054.5;13053.81;13051.165;13053.15833;600.3488724;617.1259144;599.56;2019-07-10 12:32:44;565.1418074;564.4
2019-07-10 13:02:59;13054.5;13047.62;13043.555;13048.55833;600.131394;616.908436;600.05;2019-07-10 12:32:44;564.9305739;564.85
2019-07-10 13:03:59;13044;13042.01;13037.855;13041.28833;599.7876837;616.5647257;600.05;2019-07-10 12:32:44;564.6066446;564.85
2019-07-10 13:05:00;13040.25;13047.6;13042.335;13043.395;599.8872825;616.6643245;600.05;2019-07-10 12:32:44;564.7005113;564.85
2019-07-10 13:05:59;13040.25;13047.57;13042.375;13043.39833;599.8874401;616.6644821;600.05;2019-07-10 12:32:44;564.7006599;564.85
2019-07-10 13:06:58;13040.25;13051.15;13044.885;13045.42833;599.9834142;616.7604562;600.05;2019-07-10 12:32:44;564.7911105;564.85
2019-07-10 13:07:59;13039.75;13035.01;13035.705;13036.82167;599.5765091;616.3535511;600.05;2019-07-10 12:32:44;564.4076235;564.85
2019-07-10 13:08:59;13039.25;13040.09;13037.685;13039.00833;599.6798901;616.4569321;600.05;2019-07-10 12:32:44;564.5050547;564.85
2019-07-10 13:09:59;13037.75;13042.33;13035.935;13038.67167;599.6639732;616.4410152;600.05;2019-07-10 12:32:44;564.4900539;564.85
2019-07-10 13:10:59;13037.75;13040.09;13032.145;13036.66167;599.5689446;616.3459866;600.05;2019-07-10 12:32:44;564.4004944;564.85
2019-07-10 13:11:59;13037.75;13039.9;13031.495;13036.38167;599.5557068;616.3327488;600.05;2019-07-10 12:32:44;564.3880184;564.85
2019-07-10 13:12:59;13072.5;13056.38;13049.46;13059.44667;598.5332184;615.3102604;598.17;2019-07-10 12:32:44;564.2209021;563.88
2019-07-10 13:13:59;13100;13099.84;13069.365;13089.735;599.9602867;616.7373287;598.17;2019-07-10 12:32:44;565.5676876;563.88
2019-07-10 13:14:59;13078.75;13074.65;13088.945;13080.78167;599.5384405;616.3154825;598.17;2019-07-10 12:32:44;565.1695732;563.88
2019-07-10 13:15:59;13068.25;13054.87;13083.395;13068.83833;598.9757171;615.7527591;598.17;2019-07-10 12:32:44;564.6385071;563.88
2019-07-10 13:16:59;13068.25;13053.97;13062.245;13061.48833;598.6294138;615.4064558;598.17;2019-07-10 12:32:44;564.3116858;563.88
2019-07-10 13:17:59;13067.5;13071.32;13058.15;13065.65667;598.8258094;615.6028514;598.17;2019-07-10 12:32:44;564.4970327;563.88
2019-07-10 13:18:59;13072.25;13067.25;13074.1;13071.2;599.0869897;615.8640317;598.17;2019-07-10 12:32:44;564.7435198;563.88
2019-07-10 13:19:58;13072.25;13067.37;13073.995;13071.205;599.0872253;615.8642673;598.17;2019-07-10 12:32:44;564.7437421;563.88
2019-07-10 13:20:59;13061;13061.19;13065.41;13062.53333;598.6786501;615.4556921;598.17;2019-07-10 12:32:44;564.3581522;563.88
2019-07-10 13:21:58;13061;13064.18;13056.685;13060.62167;598.5885798;615.3656218;598.17;2019-07-10 12:32:44;564.273149;563.88
2019-07-10 13:22:59;13061;13077.35;13064.665;13067.67167;598.9207484;615.6977904;599.11;2019-07-10 12:32:44;564.6057637;564.78
2019-07-10 13:23:59;13067;13066.5;13068.225;13067.24167;598.9004884;615.6775304;599.11;2019-07-10 12:32:44;564.5866429;564.78
2019-07-10 13:24:59;13078.25;13085;13080.315;13081.18833;599.557601;616.334643;599.11;2019-07-10 12:32:44;565.2068086;564.78
2019-07-10 13:25:58;13091.25;13091.52;13090.865;13091.21167;600.0298615;616.8069035;599.11;2019-07-10 12:32:44;565.6525157;564.78
2019-07-10 13:26:59;13095.25;13091.59;13096.055;13094.29833;600.1752932;616.9523352;599.11;2019-07-10 12:32:44;565.7897704;564.78
2019-07-10 13:27:58;13071.5;13062.75;13091.49;13075.24667;599.2776528;616.0546948;599.11;2019-07-10 12:32:44;564.9426008;564.78
2019-07-10 13:28:59;13071.5;13079.15;13065.365;13072.005;599.1249181;615.9019601;599.11;2019-07-10 12:32:44;564.7984538;564.78
2019-07-10 13:29:59;13073.5;13071.07;13079.99;13074.85333;599.2591205;616.0361625;599.11;2019-07-10 12:32:44;564.9251105;564.78
2019-07-10 13:30:59;13073.5;13079.74;13075.465;13076.235;599.3242193;616.1012613;599.11;2019-07-10 12:32:44;564.986549;564.78
2019-07-10 13:31:59;13087.25;13097.95;13086.955;13090.71833;600.0066175;616.7836595;599.11;2019-07-10 12:32:44;565.6305787;564.78
2019-07-10 13:32:59;13126;13124;13106.96;13118.98667;601.3385113;618.1155533;601.48;2019-07-10 13:32:44;566.8724525;567.01
2019-07-10 13:33:59;13113.5;13131.72;13132.955;13126.05833;601.6717007;618.4487427;601.48;2019-07-10 13:32:44;567.1868998;567.01
2019-07-10 13:34:58;13124.75;13128.39;13131.305;13128.14833;601.7701733;618.5472153;601.48;2019-07-10 13:32:44;567.2798333;567.01
2019-07-10 13:35:59;13189.5;13200;13138.84;13176.11333;604.0300973;620.8071393;601.48;2019-07-10 13:32:44;569.4126353;567.01
2019-07-10 13:36:59;13164.5;13151.55;13151.16;13155.73667;603.0700281;619.8470701;601.48;2019-07-10 13:32:44;568.5065705;567.01
2019-07-10 13:37:59;13135.75;13108.37;13124.31;13122.81;601.5186519;618.2956939;601.48;2019-07-10 13:32:44;567.04246;567.01
2019-07-10 13:38:59;13119;13124.65;13114.525;13119.39167;601.3575933;618.1346353;601.48;2019-07-10 13:32:44;566.8904611;567.01
2019-07-10 13:39:59;13135;13126.97;13134.995;13132.32167;601.9668045;618.7438465;601.48;2019-07-10 13:32:44;567.4654039;567.01
2019-07-10 13:40:59;13110;13104.22;13100.41;13104.87667;600.673703;617.450745;601.48;2019-07-10 13:32:44;566.2450401;567.01
2019-07-10 13:41:59;13102.5;13096.55;13102.655;13100.56833;600.4707112;617.2477532;601.48;2019-07-10 13:32:44;566.0534666;567.01
2019-07-10 13:42:59;13073.25;13073.58;13091.995;13079.60833;599.4831576;616.2601996;599.56;2019-07-10 13:32:44;565.1170025;565.19
2019-07-10 13:43:59;13079.75;13089.26;13082.565;13083.85833;599.683401;616.460443;599.56;2019-07-10 13:32:44;565.3059807;565.19
2019-07-10 13:44:59;13079.75;13059.55;13052.455;13063.91833;598.7439059;615.5209479;599.56;2019-07-10 13:32:44;564.4193395;565.19
2019-07-10 13:45:59;13051.5;13058.58;13043.79;13051.29;598.148908;614.92595;599.56;2019-07-10 13:32:44;563.8578149;565.19
2019-07-10 13:46:59;13073.75;13084.82;13062.685;13073.75167;599.2072143;615.9842563;599.56;2019-07-10 13:32:44;564.8565832;565.19
2019-07-10 13:47:59;13062.5;13061.47;13060.375;13061.44833;598.6275291;615.4045711;599.56;2019-07-10 13:32:44;564.3095098;565.19
2019-07-10 13:48:58;13072.25;13074.89;13062.67;13069.93667;599.0274663;615.8045083;599.56;2019-07-10 13:32:44;564.6869475;565.19
2019-07-10 13:49:59;13072.25;13055.17;13058.875;13062.09833;598.6581546;615.4351966;599.56;2019-07-10 13:32:44;564.3384124;565.19
2019-07-10 13:50:58;13049.75;13049.81;13059.005;13052.855;598.2226447;614.9996867;599.56;2019-07-10 13:32:44;563.9274034;565.19
2019-07-10 13:51:59;13043.5;13073.55;13065.625;13060.89167;598.6013012;615.3783432;599.56;2019-07-10 13:32:44;564.2847574;565.19
2019-07-10 13:52:59;13073.75;13068.29;13078.735;13073.59167;599.1996757;615.9767177;598.96;2019-07-10 13:32:44;564.8559612;564.63
2019-07-10 13:53:58;13073.75;13068.06;13060.115;13067.30833;598.9036295;615.6806715;598.96;2019-07-10 13:32:44;564.5765667;564.63
2019-07-10 13:54:59;13042.25;13045;13071.275;13052.84167;598.2220165;614.9990585;598.96;2019-07-10 13:32:44;563.9332926;564.63
2019-07-10 13:55:59;13042.25;13048.81;13033.005;13041.355;597.6808095;614.4578515;598.96;2019-07-10 13:32:44;563.422527;564.63
2019-07-10 13:57:00;13042.25;13057.89;13055.395;13051.845;598.1750575;614.9520995;598.96;2019-07-10 13:32:44;563.8889749;564.63
2019-07-10 13:57:59;13063.25;13060.06;13069.16;13064.15667;598.7551352;615.5321772;598.96;2019-07-10 13:32:44;564.4364249;564.63
2019-07-10 13:59:00;13063.25;13067;13067.12;13065.79;598.8320915;615.6091335;598.96;2019-07-10 13:32:44;564.5090526;564.63
2019-07-10 13:59:59;13063.25;13067;13063.85;13064.7;598.780735;615.557777;598.96;2019-07-10 13:32:44;564.4605847;564.63
2019-07-10 14:01:05;13053.5;13056.26;13064.905;13058.22167;598.4755012;615.2525432;598.96;2019-07-10 13:32:44;564.1725194;564.63
2019-07-10 14:01:58;13064.25;13069.43;13078.835;13070.83833;599.0699494;615.8469914;598.96;2019-07-10 13:32:44;564.7335316;564.63
2019-07-10 14:03:00;13075;13090;13072.435;13079.145;599.4613271;616.2383691;599.44;2019-07-10 13:32:44;565.1006766;565.08
2019-07-10 14:03:59;13083.25;13085.49;13078.22;13082.32;599.6109208;616.3879628;599.44;2019-07-10 13:32:44;565.2418555;565.08
2019-07-10 14:04:59;13076.75;13088.35;13081.7;13082.26667;599.6084079;616.3854499;599.44;2019-07-10 13:32:44;565.2394839;565.08
2019-07-10 14:05:59;13066.25;13076.19;13079.68;13074.04;599.2207994;615.9978414;599.44;2019-07-10 13:32:44;564.8736788;565.08
2019-07-10 14:06:59;13005.5;13019.86;13053.205;13026.18833;596.9662153;613.7432573;599.44;2019-07-10 13:32:44;562.7459169;565.08
2019-07-10 14:07:58;13014.75;13019.26;12987.72;13007.24333;596.0736007;612.8506427;599.44;2019-07-10 13:32:44;561.9035126;565.08
2019-07-10 14:08:59;12998.75;13003;13014.595;13005.44833;595.9890272;612.7660692;599.44;2019-07-10 13:32:44;561.8236965;565.08
2019-07-10 14:09:59;12940;12947.05;12982.38;12956.47667;593.6816731;610.4587151;599.44;2019-07-10 13:32:44;559.646133;565.08
2019-07-10 14:10:59;12940;12987.06;12974.43;12967.16333;594.1851872;610.9622292;599.44;2019-07-10 13:32:44;560.121324;565.08
2019-07-10 14:11:59;12972;12971.42;12981.435;12974.95167;594.5521431;611.3291851;599.44;2019-07-10 13:32:44;560.4676384;565.08
2019-07-10 14:12:59;12949.5;12970.73;12966.305;12962.17833;594.5056779;611.2827199;594.22;2019-07-10 13:32:44;560.2535583;559.98
2019-07-10 14:13:59;12864.25;12871.96;12931.585;12889.265;591.0671617;607.8442037;594.22;2019-07-10 13:32:44;557.0094191;559.98
2019-07-10 14:14:59;12881;12884.05;12870.915;12878.655;590.5668052;607.3438472;594.22;2019-07-10 13:32:44;556.5373475;559.98
2019-07-10 14:15:59;12760.75;12714.37;12842.84;12772.65333;585.5678779;602.3449199;594.22;2019-07-10 13:32:44;551.8210062;559.98
2019-07-10 14:16:59;12755.5;12804.62;12731.715;12763.945;585.1572021;601.9342441;594.22;2019-07-10 13:32:44;551.4335456;559.98
2019-07-10 14:17:58;12858;12850;12838.205;12848.735;589.1558094;605.9328514;594.22;2019-07-10 13:32:44;555.2061143;559.98
2019-07-10 14:18:59;12836.5;12817.35;12835.005;12829.61833;588.2542875;605.0313295;594.22;2019-07-10 13:32:44;554.3555549;559.98
2019-07-10 14:19:59;12856.25;12866.16;12811.135;12844.515;588.9567987;605.7338407;594.22;2019-07-10 13:32:44;555.0183535;559.98
2019-07-10 14:20:58;12850.5;12838.8;12865.015;12851.43833;589.2832958;606.0603378;594.22;2019-07-10 13:32:44;555.326394;559.98
2019-07-10 14:21:59;12843;12852.12;12837.275;12844.13167;588.9387211;605.7157631;594.22;2019-07-10 13:32:44;555.0012978;559.98
2019-07-10 14:22:59;12860.5;12880;12852.73;12864.41;589.895026;606.672068;590.21;2019-07-10 13:32:44;555.8750255;556.17
2019-07-10 14:23:59;12903.75;12889.1;12889.76;12894.20333;591.3000483;608.0770903;590.21;2019-07-10 13:32:44;557.2005568;556.17
2019-07-10 14:24:59;12891.25;12905.92;12885.71;12894.29333;591.3042926;608.0813346;590.21;2019-07-10 13:32:44;557.204561;556.17
2019-07-10 14:25:59;12889.25;12865.13;12889.355;12881.245;590.6889469;607.4659889;590.21;2019-07-10 13:32:44;556.6240293;556.17
2019-07-10 14:27:00;12891.25;12889.64;12890.425;12890.43833;591.1224948;607.8995368;590.21;2019-07-10 13:32:44;557.0330487;556.17
2019-07-10 14:27:59;12913.75;12933.04;12904.995;12917.26167;592.3874551;609.1644971;590.21;2019-07-10 13:32:44;558.2264421;556.17
2019-07-10 14:28:59;12909.75;12912;12913.585;12911.77833;592.1288668;608.9059088;590.21;2019-07-10 13:32:44;557.9824839;556.17
2019-07-10 14:29:59;12930.5;12921.48;12925.97;12925.98333;592.7987597;609.5758017;590.21;2019-07-10 13:32:44;558.6144767;556.17
2019-07-10 14:30:59;12903.75;12892.86;12900.025;12898.87833;591.5205164;608.2975584;590.21;2019-07-10 13:32:44;557.4085516;556.17
2019-07-10 14:31:59;12873.25;12860.75;12852.7;12862.23333;589.7923767;606.5694187;590.21;2019-07-10 13:32:44;555.7781837;556.17
2019-07-10 14:32:59;12898.25;12904.54;12882.495;12895.095;591.3420984;608.1191404;591.38;2019-07-10 14:32:44;557.2419602;557.28
2019-07-10 14:33:59;12895;12894.39;12894.155;12894.515;591.3147462;608.0917882;591.38;2019-07-10 14:32:44;557.2161554;557.28
2019-07-10 14:34:59;12865.75;12872.86;12880.005;12872.87167;590.2940693;607.0711113;591.38;2019-07-10 14:32:44;556.2532218;557.28
2019-07-10 14:35:59;12864.75;12877.87;12854.06;12865.56;589.9492588;606.7263008;591.38;2019-07-10 14:32:44;555.9279184;557.28
2019-07-10 14:36:59;12875.5;12882.42;12880.17;12879.36333;590.6002095;607.3772515;591.38;2019-07-10 14:32:44;556.5420426;557.28
2019-07-10 14:37:59;12869.75;12866.28;12867.02;12867.68333;590.0493929;606.8264349;591.38;2019-07-10 14:32:44;556.0223876;557.28
2019-07-10 14:38:59;12851.25;12859.34;12850.965;12853.85167;589.3971061;606.1741481;591.38;2019-07-10 14:32:44;555.4070029;557.28
2019-07-10 14:39:59;12829;12852.65;12838.29;12839.98;588.7429328;605.5199748;591.38;2019-07-10 14:32:44;554.7898385;557.28
2019-07-10 14:40:59;12829;12859.98;12858.37;12849.11667;589.1738084;605.9508504;591.38;2019-07-10 14:32:44;555.196338;557.28
2019-07-10 14:41:59;12845.25;12859.73;12868.195;12857.725;589.5797684;606.3568104;591.38;2019-07-10 14:32:44;555.5793314;557.28
2019-07-10 14:42:59;12826;12836.25;12834.87;12832.37333;588.3842104;605.1612524;588.02;2019-07-10 14:32:44;554.4513943;554.11
2019-07-10 14:43:58;12833.5;12830.36;12825.015;12829.625;588.2546019;605.0316439;588.02;2019-07-10 14:32:44;554.3291182;554.11
2019-07-10 14:44:59;12801.75;12820.7;12800.705;12807.71833;587.2215065;603.9985485;588.02;2019-07-10 14:32:44;553.3544686;554.11
2019-07-10 14:45:59;12775.75;12813.11;12768.555;12785.805;586.1880967;602.9651387;588.02;2019-07-10 14:32:44;552.3795225;554.11
2019-07-10 14:46:59;12748.25;12700;12785.135;12744.46167;584.2383885;601.0154305;588.02;2019-07-10 14:32:44;550.5401161;554.11
2019-07-10 14:47:59;12794.25;12793.86;12756.225;12781.445;585.9824837;602.7595257;588.02;2019-07-10 14:32:44;552.1855417;554.11
2019-07-10 14:48:59;12749;12742.76;12783.875;12758.545;584.9025437;601.6795857;588.02;2019-07-10 14:32:44;551.1666977;554.11
2019-07-10 14:49:59;12769.75;12767.95;12742.455;12760.05167;584.9735965;601.7506385;588.02;2019-07-10 14:32:44;551.2337309;554.11
2019-07-10 14:50:59;12783;12807.05;12772.575;12787.54167;586.2699961;603.0470381;588.02;2019-07-10 14:32:44;552.4567885;554.11
2019-07-10 14:51:59;12805.5;12817.19;12809.66;12810.78333;587.3660487;604.1430907;588.02;2019-07-10 14:32:44;553.4908336;554.11
2019-07-10 14:52:59;12838;12844.93;12806.07;12829.66667;588.2565669;605.0336089;588;2019-07-10 14:32:44;554.3318831;554.09
2019-07-10 14:53:59;12821.75;12822.89;12820.925;12821.855;587.8881769;604.6652189;588;2019-07-10 14:32:44;553.9843337;554.09
2019-07-10 14:54:59;12800;12796.73;12792.88;12796.53667;586.6941908;603.4712328;588;2019-07-10 14:32:44;552.8578939;554.09
2019-07-10 14:55:59;12765;12763.8;12792.43;12773.74333;585.6192812;602.3963232;588;2019-07-10 14:32:44;551.843794;554.09
2019-07-10 14:56:59;12745.75;12735.54;12757.23;12746.17333;584.3191089;601.0961509;588;2019-07-10 14:32:44;550.6171751;554.09
2019-07-10 14:57:58;12748;12751.45;12759.995;12753.14833;584.6480426;601.4250846;588;2019-07-10 14:32:44;550.9275004;554.09
2019-07-10 14:58:59;12650;12659;12689.785;12666.26167;580.5505586;597.3276006;588;2019-07-10 14:32:44;547.0618193;554.09
2019-07-10 14:59:59;12471.75;12522.44;12586.835;12527.00833;573.9835176;590.7605596;588;2019-07-10 14:32:44;540.8662891;554.09
2019-07-10 15:00:59;12321.5;12417.79;12444.09;12394.46;567.7326774;584.5097194;588;2019-07-10 14:32:44;534.9690715;554.09
2019-07-10 15:01:59;12411.75;12399.22;12271.505;12360.825;566.1464861;582.9235281;588;2019-07-10 14:32:44;533.4726142;554.09
2019-07-10 15:02:59;12431.5;12479.46;12407.145;12439.36833;569.1389754;585.9160174;569.87;2019-07-10 14:32:44;536.3370997;537.03
2019-07-10 15:03:59;12401.25;12400;12412.105;12404.45167;567.4943393;584.2713813;569.87;2019-07-10 14:32:44;534.785388;537.03
2019-07-10 15:04:59;12429;12423.83;12399.94;12417.59;568.1131778;584.8902198;569.87;2019-07-10 14:32:44;535.3692612;537.03
2019-07-10 15:05:59;12461.25;12476.36;12426.45;12454.68667;569.8604957;586.6375377;569.87;2019-07-10 14:32:44;537.0178529;537.03
2019-07-10 15:06:58;12471.25;12492.34;12484.5;12482.69667;571.1798157;587.9568577;569.87;2019-07-10 14:32:44;538.2626293;537.03
2019-07-10 15:07:59;12480;12475.7;12476.11;12477.27;570.9242102;587.7012522;569.87;2019-07-10 14:32:44;538.021466;537.03
2019-07-10 15:08:59;12437.75;12445.06;12465.445;12449.41833;569.612348;586.38939;569.87;2019-07-10 14:32:44;536.783726;537.03
2019-07-10 15:09:58;12410.5;12418.83;12411.965;12413.765;567.9330136;584.7100556;569.87;2019-07-10 14:32:44;535.1992766;537.03
2019-07-10 15:10:59;12369.5;12367.77;12410.505;12382.59167;566.464695;583.241737;569.87;2019-07-10 14:32:44;533.8139203;537.03
2019-07-10 15:11:59;12302.75;12271.98;12312.925;12295.885;562.3806593;579.1577013;569.87;2019-07-10 14:32:44;529.9606389;537.03
2019-07-10 15:12:59;12244;12266.16;12191;12233.72;559.452579;576.229621;560.27;2019-07-10 14:32:44;527.1945195;527.97
2019-07-10 15:13:59;12128.25;12172.13;12196.88;12165.75333;556.2512301;573.0282721;560.27;2019-07-10 14:32:44;524.1740711;527.97
2019-07-10 15:14:58;12248.75;12100;12156.505;12168.41833;556.3767562;573.1537982;560.27;2019-07-10 14:32:44;524.292504;527.97
2019-07-10 15:15:59;12249;12211.42;12187.925;12216.115;558.6233527;575.4003947;560.27;2019-07-10 14:32:44;526.4121508;527.97
2019-07-10 15:16:59;12284.75;12308.95;12175;12256.23333;560.5129964;577.2900384;560.27;2019-07-10 14:32:44;528.1950153;527.97
2019-07-10 15:17:59;12357.25;12369.19;12249.995;12325.47833;563.7745571;580.5515991;560.27;2019-07-10 14:32:44;531.272273;527.97
2019-07-10 15:18:59;12394.5;12380;12367.565;12380.68833;566.3750447;583.1520867;560.27;2019-07-10 14:32:44;533.7258134;527.97
2019-07-10 15:19:58;12390.25;12378.4;12419.99;12396.21333;567.1062994;583.8833414;560.27;2019-07-10 14:32:44;534.4157466;527.97
2019-07-10 15:20:59;12405.25;12400;12389.27;12398.17333;567.1986188;583.9756608;560.27;2019-07-10 14:32:44;534.5028493;527.97
2019-07-10 15:21:59;12368.75;12353.96;12396.85;12373.18667;566.0217031;582.7987451;560.27;2019-07-10 14:32:44;533.3924382;527.97
2019-07-10 15:22:58;12384;12368.31;12402.5;12384.93667;566.5751486;583.3521906;566.64;2019-07-10 14:32:44;533.9207458;533.98
2019-07-10 15:23:59;12374.25;12353.96;12405;12377.73667;566.236016;583.013058;566.64;2019-07-10 14:32:44;533.6007732;533.98
2019-07-10 15:24:59;12344;12335.41;12394.995;12358.135;565.3127432;582.0897852;566.64;2019-07-10 14:32:44;532.7296626;533.98
2019-07-10 15:25:59;12346.5;12329.54;12409.49;12361.84333;565.4874122;582.2644542;566.64;2019-07-10 14:32:44;532.8944633;533.98
2019-07-10 15:26:59;12277.5;12261.69;12372.745;12303.97833;562.7618695;579.5389115;566.64;2019-07-10 14:32:44;530.3229057;533.98
2019-07-10 15:27:59;12301.5;12298.77;12335.6;12311.95667;563.1376629;579.9147049;566.64;2019-07-10 14:32:44;530.677468;533.98
2019-07-10 15:28:59;12350.5;12341.43;12307.69;12333.20667;564.1385751;580.9156171;566.64;2019-07-10 14:32:44;531.6218315;533.98
2019-07-10 15:29:59;12331.25;12329.54;12338.005;12332.93167;564.1256221;580.9026641;566.64;2019-07-10 14:32:44;531.6096104;533.98
2019-07-10 15:30:59;12333;12329.45;12337.96;12333.47;564.1509786;580.9280206;566.64;2019-07-10 14:32:44;531.6335343;533.98
2019-07-10 15:31:59;12380.75;12398.22;12325.515;12368.16167;565.7850168;582.5620588;566.64;2019-07-10 14:32:44;533.1752541;533.98
2019-07-10 15:32:59;12366;12380.16;12349.5;12365.22;565.6045841;582.4235011;565.67;2019-07-10 15:32:44;532.9995613;533.06
2019-07-10 15:34:00;12389;12392.01;12372.55;12384.52;566.5136479;583.3325649;565.67;2019-07-10 15:32:44;533.8572573;533.06
2019-07-10 15:34:59;12414.5;12410.86;12410;12411.78667;567.7979556;584.6168726;565.67;2019-07-10 15:32:44;535.0689937;533.06
2019-07-10 15:35:59;12429.25;12449.95;12439.5;12439.56667;569.1064422;585.9253592;565.67;2019-07-10 15:32:44;536.3035427;533.06
2019-07-10 15:36:59;12422.25;12420.48;12442.61;12428.44667;568.5826708;585.4015878;565.67;2019-07-10 15:32:44;535.8093676;533.06
2019-07-10 15:38:00;12399.25;12396;12429.495;12408.24833;567.6312939;584.4502109;565.67;2019-07-10 15:32:44;534.9117494;533.06
2019-07-10 15:38:58;12399.75;12398.83;12403.39;12400.65667;567.2737131;584.0926301;565.67;2019-07-10 15:32:44;534.5743742;533.06
2019-07-10 15:39:59;12398;12390;12405.76;12397.92;567.1448114;583.9637284;565.67;2019-07-10 15:32:44;534.4527561;533.06
2019-07-10 15:40:59;12412.25;12406.57;12411.115;12409.97833;567.71278;584.531697;565.67;2019-07-10 15:32:44;534.988631;533.06
2019-07-10 15:41:59;12416.25;12434;12432.765;12427.67167;568.5461669;585.3650839;565.67;2019-07-10 15:32:44;535.7749264;533.06
2019-07-10 15:42:58;12402.25;12403.69;12399.745;12401.895;567.3320408;584.1509578;567.15;2019-07-10 15:32:44;534.6377643;534.47
2019-07-10 15:44:01;12370.75;12369.23;12388.26;12376.08;566.1161091;582.9350261;567.15;2019-07-10 15:32:44;533.4905229;534.47
2019-07-10 15:44:59;12395.25;12378.84;12384.775;12386.28833;566.5969395;583.4158565;567.15;2019-07-10 15:32:44;533.9441903;534.47
2019-07-10 15:45:59;12395.25;12389.55;12379.285;12388.02833;566.6788965;583.4978135;567.15;2019-07-10 15:32:44;534.0215174;534.47
2019-07-10 15:46:59;12395.25;12408.21;12399.995;12401.15167;567.2970285;584.1159455;567.15;2019-07-10 15:32:44;534.6047299;534.47
2019-07-10 15:47:58;12391;12394.77;12396.005;12393.925;566.9566399;583.7755569;567.15;2019-07-10 15:32:44;534.2835705;534.47
2019-07-10 15:48:59;12411.25;12421.74;12408.69;12413.89333;567.8971833;584.7161003;567.15;2019-07-10 15:32:44;535.1709809;534.47
2019-07-10 15:49:59;12405;12395.14;12400.415;12400.185;567.2514968;584.0704138;567.15;2019-07-10 15:32:44;534.5617704;534.47
2019-07-10 15:51:00;12391.25;12415;12405.035;12403.76167;567.4199641;584.2388811;567.15;2019-07-10 15:32:44;534.7207206;534.47
2019-07-10 15:51:59;12391.25;12415;12408.21;12404.82;567.4698134;584.2887304;567.15;2019-07-10 15:32:44;534.7677539;534.47
2019-07-10 15:52:58;12415;12437.29;12415.125;12422.47167;568.3012378;585.1201548;568.45;2019-07-10 15:32:44;535.5478644;535.69
2019-07-10 15:53:59;12416;12441;12441.52;12432.84;568.7896045;585.6085215;568.45;2019-07-10 15:32:44;536.0086386;535.69
2019-07-10 15:54:59;12402;12400;12402.275;12401.425;567.309903;584.12882;568.45;2019-07-10 15:32:44;534.6125393;535.69
2019-07-10 15:55:59;12383.25;12390.03;12397.28;12390.18667;566.7805578;583.5994748;568.45;2019-07-10 15:32:44;534.1131018;535.69
2019-07-10 15:56:59;12387.75;12377.64;12365.375;12376.92167;566.1557531;582.9746701;568.45;2019-07-10 15:32:44;533.5235981;535.69
2019-07-10 15:57:59;12367;12376.72;12379.865;12374.52833;566.0430229;582.8619399;568.45;2019-07-10 15:32:44;533.4172371;535.69
2019-07-10 15:58:59;12381;12385.54;12383.82;12383.45333;566.463406;583.282323;568.45;2019-07-10 15:32:44;533.8138688;535.69
2019-07-10 15:59:58;12365;12377.59;12378.945;12373.845;566.0108367;582.8297537;568.45;2019-07-10 15:32:44;533.3868694;535.69
2019-07-10 16:00:59;12282.5;12299.01;12296.315;12292.60833;562.1844476;579.0033646;568.45;2019-07-10 15:32:44;529.7766686;535.69
2019-07-10 16:01:59;12322.25;12339.28;12327.15;12329.56;563.9249357;580.7438527;568.45;2019-07-10 15:32:44;531.4188204;535.69
2019-07-10 16:02:59;12323;12334.88;12325.835;12327.905;563.3994794;580.2183964;563.58;2019-07-10 15:32:44;531.0432178;531.21
2019-07-10 16:03:59;12333;12325.01;12346.315;12334.775;563.722819;580.541736;563.58;2019-07-10 15:32:44;531.3483559;531.21
2019-07-10 16:04:59;12289;12280.02;12309.32;12292.78;561.7463055;578.5652225;563.58;2019-07-10 15:32:44;529.4831047;531.21
2019-07-10 16:05:59;12293;12303.24;12271.215;12289.15167;561.5755363;578.3944533;563.58;2019-07-10 15:32:44;529.3219485;531.21
2019-07-10 16:06:58;12310.25;12329.23;12309.835;12316.43833;562.8597956;579.6787126;563.58;2019-07-10 15:32:44;530.533914;531.21
2019-07-10 16:07:59;12319;12328.65;12326.2;12324.61667;563.2447125;580.0636295;563.58;2019-07-10 15:32:44;530.8971631;531.21
2019-07-10 16:09:00;12322.5;12312;12320.705;12318.40167;562.9522007;579.7711177;563.58;2019-07-10 15:32:44;530.6211175;531.21
2019-07-10 16:09:59;12303.25;12300;12286.32;12296.52333;561.9224871;578.7414041;563.58;2019-07-10 15:32:44;529.6493687;531.21
2019-07-10 16:10:59;12335.75;12339.45;12323.57;12332.92333;563.6356695;580.4545865;563.58;2019-07-10 15:32:44;531.2661123;531.21
2019-07-10 16:11:58;12340.5;12336.62;12336.765;12337.96167;563.8728009;580.6917179;563.58;2019-07-10 15:32:44;531.489895;531.21
2019-07-10 16:12:58;12350.25;12349.5;12349.995;12349.915;564.4353899;581.2543069;564.71;2019-07-10 15:32:44;532.0203885;532.28
2019-07-10 16:13:59;12354.25;12370.35;12363.475;12362.69167;565.0367295;581.8556465;564.71;2019-07-10 15:32:44;532.5878769;532.28
2019-07-10 16:14:58;12354.25;12355.04;12358.005;12355.765;564.7107228;581.5296398;564.71;2019-07-10 15:32:44;532.2802221;532.28
2019-07-10 16:15:59;12334.5;12320;12343.36;12332.62;563.621393;580.44031;564.71;2019-07-10 15:32:44;531.2522138;532.28
2019-07-10 16:16:59;12337.75;12332;12331.29;12333.68;563.6712824;580.4901994;564.71;2019-07-10 15:32:44;531.2992948;532.28
2019-07-10 16:17:59;12326.25;12292.18;12313.475;12310.635;562.5866591;579.4055761;564.71;2019-07-10 15:32:44;530.2757281;532.28
2019-07-10 16:18:59;12327.5;12337;12317.955;12327.485;563.3797119;580.1986289;564.71;2019-07-10 15:32:44;531.0241377;532.28
2019-07-10 16:19:59;12296;12293.93;12290.015;12293.315;561.7714855;578.5904025;564.71;2019-07-10 15:32:44;529.5064431;532.28
2019-07-10 16:20:59;12277.5;12295.98;12304.14;12292.54;561.7350097;578.5539267;564.71;2019-07-10 15:32:44;529.4720207;532.28
2019-07-10 16:21:59;12259.5;12262.04;12286.48;12269.34;560.6430913;577.4620083;564.71;2019-07-10 15:32:44;528.4415696;532.28
2019-07-10 16:22:59;12297.25;12294.28;12266.865;12286.13167;561.4333987;578.2523157;561.07;2019-07-10 15:32:44;529.1865182;528.84
2019-07-10 16:24:07;12267.25;12256.6;12278.3;12267.38333;560.5509999;577.3699169;561.07;2019-07-10 15:32:44;528.3537937;528.84
2019-07-10 16:24:59;12249;12236.47;12268.6;12251.35667;559.7966976;576.6156146;561.07;2019-07-10 15:32:44;527.6419544;528.84
2019-07-10 16:25:59;12221;12235.91;12200.38;12219.09667;558.2783662;575.0972832;561.07;2019-07-10 15:32:44;526.2090966;528.84
2019-07-10 16:26:59;12259.25;12257.41;12246.44;12254.36667;559.9383646;576.7572816;561.07;2019-07-10 15:32:44;527.7756464;528.84
2019-07-10 16:27:59;12259;12255.43;12259.07;12257.83333;560.1015249;576.9204419;561.07;2019-07-10 15:32:44;527.9296216;528.84
2019-07-10 16:28:58;12282.25;12275;12254.125;12270.45833;560.6957262;577.5146432;561.07;2019-07-10 15:32:44;528.4903726;528.84
2019-07-10 16:29:59;12291.75;12293.35;12280.21;12288.43667;561.5418845;578.3608015;561.07;2019-07-10 15:32:44;529.288897;528.84
2019-07-10 16:30:59;12286.75;12275.03;12282.03;12281.27;561.2045821;578.0234991;561.07;2019-07-10 15:32:44;528.9705828;528.84
2019-07-10 16:31:59;12289.25;12286.17;12293.39;12289.60333;561.5967942;578.4157112;561.07;2019-07-10 15:32:44;529.3407155;528.84
2019-07-10 16:32:59;12262.5;12244.32;12271.4;12259.40667;560.1755745;576.9944915;560.36;2019-07-10 16:32:44;528.0012993;528.18
2019-07-10 16:33:59;12269.25;12272.33;12260.405;12267.32833;560.5484113;577.3673283;560.36;2019-07-10 16:32:44;528.3531487;528.18
2019-07-10 16:34:59;12275;12285.72;12266.96;12275.89333;560.9515269;577.7704439;560.36;2019-07-10 16:32:44;528.7335723;528.18
2019-07-10 16:35:59;12287.5;12289.19;12274.94;12283.87667;561.3272661;578.1461831;560.36;2019-07-10 16:32:44;529.0881606;528.18
2019-07-10 16:36:58;12299.75;12295.91;12283.94;12293.2;561.7660729;578.5849899;560.36;2019-07-10 16:32:44;529.5022665;528.18
2019-07-10 16:37:59;12309.5;12307.85;12287.71;12301.68667;562.1655017;578.9844187;560.36;2019-07-10 16:32:44;529.8792109;528.18
2019-07-10 16:38:59;12296.25;12287.39;12317.69;12300.44333;562.1069837;578.9259007;560.36;2019-07-10 16:32:44;529.8239869;528.18
2019-07-10 16:39:58;12301.5;12301.3;12279.745;12294.18167;561.8122755;578.6311925;560.36;2019-07-10 16:32:44;529.5458683;528.18
2019-07-10 16:40:58;12280.75;12288.2;12304.04;12290.99667;561.6623721;578.4812891;560.36;2019-07-10 16:32:44;529.4044031;528.18
2019-07-10 16:41:59;12275;12270;12291.455;12278.81833;561.0891933;577.9081103;560.36;2019-07-10 16:32:44;528.8634893;528.18
2019-07-10 16:42:59;12268.25;12279.09;12267.355;12271.565;560.7478119;577.5667289;560.64;2019-07-10 16:32:44;528.5450447;528.44
2019-07-10 16:43:59;12249.25;12253.18;12262.085;12254.83833;559.9605638;576.7794808;560.64;2019-07-10 16:32:44;527.8021068;528.44
2019-07-10 16:44:59;12245.75;12245.95;12248.495;12246.73167;559.5790199;576.3979369;560.64;2019-07-10 16:32:44;527.4420381;528.44
2019-07-10 16:45:58;12257.75;12274.17;12250.505;12260.80833;560.2415446;577.0604616;560.64;2019-07-10 16:32:44;528.0672726;528.44
2019-07-10 16:46:59;12257.75;12280.04;12261.905;12266.565;560.5124847;577.3314017;560.64;2019-07-10 16:32:44;528.3229628;528.44
2019-07-10 16:47:59;12270.5;12271.48;12266.765;12269.58167;560.6544655;577.4733825;560.64;2019-07-10 16:32:44;528.4569523;528.44
2019-07-10 16:48:59;12270.5;12270.03;12270.025;12270.185;560.6828616;577.5017786;560.64;2019-07-10 16:32:44;528.4837501;528.44
2019-07-10 16:49:59;12239.5;12250.87;12261.18;12250.51667;559.7571626;576.5760796;560.64;2019-07-10 16:32:44;527.610154;528.44
2019-07-10 16:50:58;12169.25;12152.8;12215.11;12179.05333;556.3937087;573.2126257;560.64;2019-07-10 16:32:44;524.4360118;528.44
2019-07-10 16:51:59;12163.75;12179.39;12177.375;12173.505;556.1325739;572.9514909;560.64;2019-07-10 16:32:44;524.1895749;528.44
2019-07-10 16:52:59;12208;12210.02;12207.375;12208.465;558.0398536;574.8587706;557.98;2019-07-10 16:32:44;525.8175272;525.76
2019-07-10 16:53:59;12223.75;12218.21;12217.055;12219.67167;558.5675408;575.3864578;557.98;2019-07-10 16:32:44;526.3153557;525.76
2019-07-10 16:55:00;12238.5;12244.17;12246.82;12243.16333;559.6736906;576.4926076;557.98;2019-07-10 16:32:44;527.358915;525.76
2019-07-10 16:55:58;12247;12253.94;12242.605;12247.84833;559.8942927;576.7132097;557.98;2019-07-10 16:32:44;527.5670346;525.76
2019-07-10 16:56:59;12252.25;12248.14;12249.225;12249.87167;559.9895652;576.8084822;557.98;2019-07-10 16:32:44;527.6569161;525.76
2019-07-10 16:57:59;12272.25;12262;12259.115;12264.455;560.6762491;577.4951661;557.98;2019-07-10 16:32:44;528.3047447;525.76
2019-07-10 16:58:58;12272.25;12271;12280.455;12274.56833;561.1524547;577.9713717;557.98;2019-07-10 16:32:44;528.7540046;525.76
2019-07-10 16:59:59;12295;12303.6;12274.015;12290.87167;561.9201281;578.7390451;557.98;2019-07-10 16:32:44;529.4782399;525.76
2019-07-10 17:00:59;12265.5;12250.81;12283.055;12266.455;560.7704229;577.5893399;557.98;2019-07-10 16:32:44;528.3935898;525.76
2019-07-10 17:01:58;12280;12277.44;12283.94;12280.46;561.429875;578.248792;557.98;2019-07-10 16:32:44;529.0157274;525.76
2019-07-10 17:02:59;12263.5;12266.63;12255.86;12261.99667;560.5604938;577.3794108;560.79;2019-07-10 16:32:44;528.1979555;528.41
2019-07-10 17:03:59;12254.25;12281.28;12264.81;12266.78;560.7857262;577.6046432;560.79;2019-07-10 16:32:44;528.4104442;528.41
2019-07-10 17:04:59;12254.25;12280.3;12273.29;12269.28;560.9034434;577.7223604;560.79;2019-07-10 16:32:44;528.521501;528.41
2019-07-10 17:05:59;12297;12292.11;12278.91;12289.34;561.8480066;578.6669236;560.79;2019-07-10 16:32:44;529.412621;528.41
2019-07-10 17:06:59;12290.5;12307.62;12312.755;12303.625;562.520643;579.33956;560.79;2019-07-10 16:32:44;530.0471997;528.41
2019-07-10 17:07:59;12296;12310;12299.245;12301.74833;562.4322766;579.2511936;560.79;2019-07-10 16:32:44;529.963833;528.41
2019-07-10 17:08:59;12296;12290;12304.18;12296.72667;562.1958219;579.0147389;560.79;2019-07-10 16:32:44;529.7407569;528.41
2019-07-10 17:09:59;12296.5;12297.71;12305.605;12299.93833;562.3470493;579.1659663;560.79;2019-07-10 16:32:44;529.8834279;528.41
2019-07-10 17:10:59;12279.25;12280.14;12291.795;12283.72833;561.5837707;578.4026877;560.79;2019-07-10 16:32:44;529.1633354;528.41
2019-07-10 17:12:00;12284.25;12290;12289.24;12287.83;561.7769054;578.5958224;560.79;2019-07-10 16:32:44;529.3455427;528.41
2019-07-10 17:12:59;12275;12280.16;12291.545;12282.235;561.5134542;578.3323712;561.36;2019-07-10 16:32:44;528.9881202;528.84
2019-07-10 17:13:58;12259;12265.16;12275.6;12266.58667;560.7766227;577.5955397;561.36;2019-07-10 16:32:44;528.2931173;528.84
2019-07-10 17:14:58;12254;12254.36;12265.95;12258.10333;560.3771688;577.1960858;561.36;2019-07-10 16:32:44;527.9163397;528.84
2019-07-10 17:15:59;12270.75;12287.07;12259.605;12272.475;561.0538861;577.8728031;561.36;2019-07-10 16:32:44;528.5546409;528.84
2019-07-10 17:16:58;12279.25;12288.21;12283.795;12283.75167;561.5848694;578.4037864;561.36;2019-07-10 16:32:44;529.0554813;528.84
2019-07-10 17:17:59;12279.25;12295.39;12291.02;12288.55333;561.810965;578.629882;561.36;2019-07-10 16:32:44;529.2687418;528.84
2019-07-10 17:18:59;12279.25;12290;12299.795;12289.68167;561.8640947;578.6830117;561.36;2019-07-10 16:32:44;529.3188555;528.84
2019-07-10 17:19:59;12294;12284.29;12295.005;12291.09833;561.9308011;578.7497181;561.36;2019-07-10 16:32:44;529.3817751;528.84
2019-07-10 17:20:59;12294;12293.39;12299.365;12295.585;562.1420643;578.9609813;561.36;2019-07-10 16:32:44;529.5810453;528.84
2019-07-10 17:21:59;12292.25;12287.59;12295.005;12291.615;561.9551293;578.7740463;561.36;2019-07-10 16:32:44;529.4047223;528.84
2019-07-10 17:22:58;12276.75;12264.48;12273.7;12271.64333;561.0147255;577.8336425;561.35;2019-07-10 16:32:44;528.6229718;528.94
2019-07-10 17:23:59;12261.75;12251.66;12287.76;12267.05667;560.7987536;577.6176706;561.35;2019-07-10 16:32:44;528.4192209;528.94
2019-07-10 17:24:59;12261.75;12276;12265.945;12267.89833;560.838385;577.657302;561.35;2019-07-10 16:32:44;528.4566098;528.94
2019-07-10 17:25:59;12261.75;12276;12278.81;12272.18667;561.0403094;577.8592264;561.35;2019-07-10 16:32:44;528.647108;528.94
2019-07-10 17:26:59;12269.25;12253.3;12266.995;12263.18167;560.6162918;577.4352088;561.35;2019-07-10 16:32:44;528.2470839;528.94
2019-07-10 17:27:59;12269.25;12264.55;12267.22;12267.00667;560.7963992;577.6153162;561.35;2019-07-10 16:32:44;528.4169998;528.94
2019-07-10 17:28:58;12266;12265.72;12268.465;12266.72833;560.7832934;577.6022104;561.35;2019-07-10 16:32:44;528.4046355;528.94
2019-07-10 17:29:59;12266;12278;12277.58;12273.86;561.1191014;577.9380184;561.35;2019-07-10 16:32:44;528.7214416;528.94
2019-07-10 17:31:01;12275.5;12290;12277.985;12281.16167;561.4629143;578.2818313;561.35;2019-07-10 16:32:44;529.0457995;528.94
2019-07-10 17:31:59;12272;12289.99;12284.995;12282.32833;561.517849;578.336766;561.35;2019-07-10 16:32:44;529.0976256;528.94
2019-07-10 17:32:59;12272;12289.99;12287.95;12283.31333;561.5642296;578.3831466;561.6;2019-07-10 17:32:44;529.1494961;529.18
2019-07-10 17:33:59;12220.25;12242.87;12259.63;12240.91667;559.567902;576.386819;561.6;2019-07-10 17:32:44;527.2661046;529.18
2019-07-10 17:34:59;12220.25;12238.34;12245.015;12234.535;559.2674091;576.0863261;561.6;2019-07-10 17:32:44;526.9826112;529.18
2019-07-10 17:35:59;12203.25;12205.99;12239.025;12216.08833;558.3988127;575.2177297;561.6;2019-07-10 17:32:44;526.163153;529.18
2019-07-10 17:36:59;12185;12183.35;12187.6;12185.31667;556.9498704;573.7687874;561.6;2019-07-10 17:32:44;524.7961801;529.18
2019-07-10 17:37:59;12215.5;12215.93;12198.955;12210.12833;558.1181748;574.9370918;561.6;2019-07-10 17:32:44;525.8983913;529.18
2019-07-10 17:38:59;12218;12227.21;12199.935;12215.04833;558.3498424;575.1687594;561.6;2019-07-10 17:32:44;526.116953;529.18
2019-07-10 17:39:59;12198.25;12199.51;12212.01;12203.25667;557.7946093;574.6135263;561.6;2019-07-10 17:32:44;525.5931306;529.18
2019-07-10 17:40:59;12172;12186.33;12202;12186.77667;557.0186172;573.8375342;561.6;2019-07-10 17:32:44;524.8610379;529.18
2019-07-10 17:41:59;12095.5;12104.68;12175.005;12125.06167;554.1126492;570.9315662;561.6;2019-07-10 17:32:44;522.1194661;529.18
2019-07-10 17:42:59;12110.75;12105.43;12038.665;12084.94833;552.2238367;569.0427537;551.83;2019-07-10 17:32:44;520.3290762;519.96
2019-07-10 17:43:59;12109;12117.09;12122.645;12116.245;553.6974997;570.5164167;551.83;2019-07-10 17:32:44;521.7193494;519.96
2019-07-10 17:44:59;12177;12198.86;12138.025;12171.295;556.2896335;573.1085505;551.83;2019-07-10 17:32:44;524.1648028;519.96
2019-07-10 17:45:59;12194.25;12208.43;12163.635;12188.77167;557.1125556;573.9314726;551.83;2019-07-10 17:32:44;524.9411583;519.96
2019-07-10 17:46:59;12182.75;12186.99;12188.8;12186.18;556.990522;573.809439;551.83;2019-07-10 17:32:44;524.8260303;519.96
2019-07-10 17:47:58;12231.75;12220.91;12216.465;12223.04167;558.7262237;575.5451407;551.83;2019-07-10 17:32:44;526.4635142;519.96
2019-07-10 17:48:59;12215;12217.59;12205.835;12212.80833;558.2443677;575.0632847;551.83;2019-07-10 17:32:44;526.0089249;519.96
2019-07-10 17:49:59;12251.5;12260.4;12222.585;12244.82833;559.7520902;576.5710072;551.83;2019-07-10 17:32:44;527.4313303;519.96
2019-07-10 17:50:59;12278.5;12266.36;12260.5;12268.45333;560.8645183;577.6834353;551.83;2019-07-10 17:32:44;528.4808096;519.96
2019-07-10 17:51:59;12278.5;12269.6;12265.415;12271.17167;560.9925162;577.8114332;551.83;2019-07-10 17:32:44;528.6015645;519.96
2019-07-10 17:52:59;12242.25;12234.14;12264.09;12246.82667;559.6146593;576.4335763;560.35;2019-07-10 17:32:44;527.4478428;528.14
2019-07-10 17:53:59;12252;12268.99;12239.9;12253.63;559.9348786;576.7537956;560.35;2019-07-10 17:32:44;527.7500231;528.14
2019-07-10 17:54:59;12252;12270;12266.165;12262.72167;560.3628051;577.1817221;560.35;2019-07-10 17:32:44;528.1538431;528.14
2019-07-10 17:55:58;12252;12285;12279.24;12272.08;560.8032831;577.6222001;560.35;2019-07-10 17:32:44;528.5695076;528.14
2019-07-10 17:56:59;12288;12277.3;12294.485;12286.595;561.486475;578.305392;560.35;2019-07-10 17:32:44;529.2142132;528.14
2019-07-10 17:57:59;12277.25;12285.83;12283.715;12282.265;561.2826706;578.1015876;560.35;2019-07-10 17:32:44;529.0218897;528.14
2019-07-10 17:58:59;12277.25;12290.8;12286.46;12284.83667;561.4037138;578.2226308;560.35;2019-07-10 17:32:44;529.1361142;528.14
2019-07-10 17:59:58;12282.25;12289.35;12289.18;12286.92667;561.5020859;578.3210029;560.35;2019-07-10 17:32:44;529.2289447;528.14
