2019-07-26 06:00:48;0.31006;0.31061;0.31;0.3102233333;14.52930424;14.66117024;14.54;2019-07-26 05:52:13;13.79078115;13.8
2019-07-26 06:01:47;0.31002;0.31065;0.31;0.3102233333;14.52930424;14.66117024;14.54;2019-07-26 05:52:13;13.79078115;13.8
2019-07-26 06:02:47;0.30998;0.31055;0.31;0.3101766667;14.52709878;14.65896478;14.54;2019-07-26 06:02:13;13.79194131;13.8
2019-07-26 06:03:47;0.30994;0.31055;0.31044;0.31031;14.53340012;14.66526612;14.54;2019-07-26 06:02:13;13.79792411;13.8
2019-07-26 06:04:46;0.30978;0.31055;0.30992;0.3100833333;14.52268784;14.65455384;14.54;2019-07-26 06:02:13;13.78775334;13.8
2019-07-26 06:05:47;0.30981;0.31026;0.30992;0.3099966667;14.51859197;14.65045797;14.54;2019-07-26 06:02:13;13.78386451;13.8
2019-07-26 06:06:47;0.30976;0.31029;0.30992;0.30999;14.5182769;14.6501429;14.54;2019-07-26 06:02:13;13.78356537;13.8
2019-07-26 06:07:47;0.30965;0.31004;0.30992;0.30987;14.51260569;14.64447169;14.54;2019-07-26 06:02:13;13.77818085;13.8
2019-07-26 06:08:47;0.30924;0.30951;0.30939;0.30938;14.48944827;14.62131427;14.54;2019-07-26 06:02:13;13.75619402;13.8
2019-07-26 06:09:47;0.30948;0.30998;0.30939;0.3096166667;14.50063315;14.63249915;14.54;2019-07-26 06:02:13;13.76681351;13.8
2019-07-26 06:10:47;0.30926;0.30975;0.30944;0.3094833333;14.49433181;14.62619781;14.54;2019-07-26 06:02:13;13.7608307;13.8
2019-07-26 06:11:47;0.30949;0.3096;0.30944;0.30951;14.49559208;14.62745808;14.54;2019-07-26 06:02:13;13.76202726;13.8
2019-07-26 06:12:47;0.30969;0.30985;0.31007;0.30987;14.51260569;14.64447169;14.51;2019-07-26 06:12:13;13.78418573;13.78
2019-07-26 06:13:47;0.30968;0.30985;0.30965;0.3097266667;14.50583175;14.63769775;14.51;2019-07-26 06:12:13;13.77775144;13.78
2019-07-26 06:14:47;0.30966;0.30985;0.30965;0.30972;14.50551669;14.63738269;14.51;2019-07-26 06:12:13;13.77745217;13.78
2019-07-26 06:15:47;0.30936;0.30985;0.30965;0.30962;14.50079068;14.63265668;14.51;2019-07-26 06:12:13;13.77296312;13.78
2019-07-26 06:16:47;0.30935;0.30985;0.30965;0.3096166667;14.50063315;14.63249915;14.51;2019-07-26 06:12:13;13.77281349;13.78
2019-07-26 06:17:47;0.30935;0.30973;0.30941;0.3094966667;14.49496194;14.62682794;14.51;2019-07-26 06:12:13;13.76742664;13.78
2019-07-26 06:18:47;0.30863;0.30913;0.30904;0.3089333333;14.46833878;14.60020478;14.51;2019-07-26 06:12:13;13.74213835;13.78
2019-07-26 06:19:47;0.30854;0.3093;0.30905;0.3089633333;14.46975658;14.60162258;14.51;2019-07-26 06:12:13;13.74348507;13.78
2019-07-26 06:20:46;0.30861;0.30921;0.30884;0.3088866667;14.46613331;14.59799931;14.51;2019-07-26 06:12:13;13.74004347;13.78
2019-07-26 06:21:47;0.30858;0.30921;0.30871;0.3088333333;14.46361278;14.59547878;14.51;2019-07-26 06:12:13;13.73764931;13.78
2019-07-26 06:22:46;0.30861;0.30938;0.30871;0.3089;14.46676345;14.59862945;14.5;2019-07-26 06:22:19;13.7410063;13.77
2019-07-26 06:23:47;0.30909;0.30944;0.30925;0.30926;14.48377706;14.61564306;14.5;2019-07-26 06:22:19;13.75716728;13.77
2019-07-26 06:24:47;0.30959;0.30985;0.30925;0.3095633333;14.49811261;14.62997861;14.5;2019-07-26 06:22:19;13.77078441;13.77
2019-07-26 06:25:47;0.30976;0.30985;0.30925;0.30962;14.50079068;14.63265668;14.5;2019-07-26 06:22:19;13.77332826;13.77
2019-07-26 06:26:47;0.3094;0.30985;0.30925;0.3095;14.49511948;14.62698548;14.5;2019-07-26 06:22:19;13.76794127;13.77
2019-07-26 06:27:46;0.30923;0.30975;0.30913;0.30937;14.48897567;14.62084167;14.5;2019-07-26 06:22:19;13.76210536;13.77
2019-07-26 06:28:47;0.30912;0.30953;0.30913;0.30926;14.48377706;14.61564306;14.5;2019-07-26 06:22:19;13.75716728;13.77
2019-07-26 06:29:47;0.30894;0.30953;0.30923;0.3092333333;14.4825168;14.6143828;14.5;2019-07-26 06:22:19;13.75597017;13.77
2019-07-26 06:30:47;0.30891;0.30953;0.30913;0.30919;14.48046886;14.61233486;14.5;2019-07-26 06:22:19;13.75402487;13.77
2019-07-26 06:31:47;0.30828;0.30886;0.30877;0.3086366667;14.4543183;14.5861843;14.5;2019-07-26 06:22:19;13.72918484;13.77
2019-07-26 06:32:47;0.30877;0.3091;0.3087;0.3088566667;14.46471551;14.59658151;14.49;2019-07-26 06:32:13;13.73309636;13.76
2019-07-26 06:33:47;0.3091;0.30928;0.3087;0.3090266667;14.47274972;14.60461572;14.49;2019-07-26 06:32:13;13.74072465;13.76
2019-07-26 06:34:47;0.30889;0.30949;0.30916;0.30918;14.47999626;14.61186226;14.49;2019-07-26 06:32:13;13.74760507;13.76
2019-07-26 06:35:47;0.30899;0.3093;0.30885;0.3090466667;14.47369492;14.60556092;14.49;2019-07-26 06:32:13;13.7416221;13.76
2019-07-26 06:36:47;0.30938;0.30946;0.30885;0.30923;14.48235926;14.61422526;14.49;2019-07-26 06:32:13;13.74984869;13.76
2019-07-26 06:37:46;0.30937;0.30944;0.30925;0.3093533333;14.488188;14.620054;14.49;2019-07-26 06:32:13;13.75538294;13.76
2019-07-26 06:38:47;0.30959;0.30944;0.30998;0.30967;14.50315368;14.63501968;14.49;2019-07-26 06:32:13;13.7695925;13.76
2019-07-26 06:39:47;0.30988;0.3103;0.30967;0.30995;14.5163865;14.6482525;14.49;2019-07-26 06:32:13;13.78215675;13.76
2019-07-26 06:40:47;0.30969;0.3103;0.31004;0.31001;14.5192221;14.6510881;14.49;2019-07-26 06:32:13;13.78484909;13.76
2019-07-26 06:41:47;0.30928;0.3102;0.30996;0.3098133333;14.50992762;14.64179362;14.49;2019-07-26 06:32:13;13.7760242;13.76
2019-07-26 06:42:47;0.30984;0.31005;0.3097;0.3098633333;14.51229063;14.64415663;14.53;2019-07-26 06:42:13;13.77583106;13.79
2019-07-26 06:43:47;0.30965;0.31023;0.31046;0.3101133333;14.52410564;14.65597164;14.53;2019-07-26 06:42:13;13.78704717;13.79
2019-07-26 06:44:47;0.30908;0.30938;0.30918;0.3092133333;14.48157159;14.61343759;14.53;2019-07-26 06:42:13;13.74666917;13.79
2019-07-26 06:45:47;0.30902;0.3096;0.30918;0.3092666667;14.48409213;14.61595813;14.53;2019-07-26 06:42:13;13.74906194;13.79
2019-07-26 06:46:47;0.30907;0.30971;0.30918;0.30932;14.48661267;14.61847867;14.53;2019-07-26 06:42:13;13.75145471;13.79
2019-07-26 06:47:47;0.30952;0.31007;0.30971;0.3097666667;14.50772216;14.63958816;14.53;2019-07-26 06:42:13;13.77149416;13.79
2019-07-26 06:48:47;0.30958;0.31008;0.30971;0.30979;14.50882489;14.64069089;14.53;2019-07-26 06:42:13;13.772541;13.79
2019-07-26 06:49:47;0.30946;0.31007;0.30971;0.3097466667;14.50677695;14.63864295;14.53;2019-07-26 06:42:13;13.77059687;13.79
2019-07-26 06:50:47;0.30945;0.31001;0.30971;0.3097233333;14.50567422;14.63754022;14.53;2019-07-26 06:42:13;13.76955004;13.79
2019-07-26 06:51:47;0.30979;0.31012;0.3107;0.3102033333;14.52835904;14.66022504;14.53;2019-07-26 06:42:13;13.79108497;13.79
2019-07-26 06:52:47;0.30996;0.31028;0.31048;0.31024;14.5275557;14.6594217;14.53;2019-07-26 06:52:13;13.80220494;13.8
2019-07-26 06:53:47;0.31008;0.31036;0.31048;0.3103066667;14.53070583;14.66257183;14.53;2019-07-26 06:52:13;13.80519794;13.8
2019-07-26 06:54:47;0.30941;0.31;0.30983;0.3097466667;14.50424478;14.63611078;14.53;2019-07-26 06:52:13;13.78005675;13.8
2019-07-26 06:55:46;0.30924;0.30939;0.30945;0.30936;14.48597405;14.61784005;14.53;2019-07-26 06:52:13;13.76269735;13.8
2019-07-26 06:56:47;0.30937;0.30963;0.30942;0.3094733333;14.49132926;14.62319526;14.53;2019-07-26 06:52:13;13.76778545;13.8
2019-07-26 06:57:47;0.30946;0.30975;0.30942;0.3095433333;14.49463689;14.62650289;14.53;2019-07-26 06:52:13;13.7709281;13.8
2019-07-26 06:58:46;0.30942;0.30975;0.30942;0.30953;14.49400687;14.62587287;14.53;2019-07-26 06:52:13;13.7703295;13.8
2019-07-26 06:59:47;0.30955;0.30975;0.31026;0.3098533333;14.50928498;14.64115098;14.53;2019-07-26 06:52:13;13.78484555;13.8
2019-07-26 07:00:47;0.30972;0.30975;0.30998;0.3098166667;14.50755241;14.63941841;14.53;2019-07-26 06:52:13;13.7831994;13.8
2019-07-26 07:01:47;0.30975;0.31022;0.31039;0.31012;14.52188548;14.65375148;14.53;2019-07-26 06:52:13;13.79681754;13.8
2019-07-26 07:02:47;0.30933;0.31022;0.3099;0.3098166667;14.50755241;14.63941841;14.53;2019-07-26 07:02:14;13.78020169;13.8
2019-07-26 07:03:47;0.30947;0.30978;0.3102;0.3098166667;14.50755241;14.63941841;14.53;2019-07-26 07:02:14;13.78020169;13.8
2019-07-26 07:04:47;0.30941;0.30978;0.30983;0.3096733333;14.50077964;14.63264564;14.53;2019-07-26 07:02:14;13.77376813;13.8
2019-07-26 07:05:47;0.30936;0.31001;0.30983;0.3097333333;14.50361475;14.63548075;14.53;2019-07-26 07:02:14;13.77646124;13.8
2019-07-26 07:06:46;0.30928;0.30968;0.31013;0.3096966667;14.50188218;14.63374818;14.53;2019-07-26 07:02:14;13.77481545;13.8
2019-07-26 07:07:47;0.30938;0.30967;0.30965;0.3095666667;14.49573944;14.62760544;14.53;2019-07-26 07:02:14;13.76898036;13.8
2019-07-26 07:08:47;0.30949;0.31015;0.30965;0.3097633333;14.50503231;14.63689831;14.53;2019-07-26 07:02:14;13.7778078;13.8
2019-07-26 07:09:47;0.30985;0.31021;0.30965;0.3099033333;14.51164757;14.64351357;14.53;2019-07-26 07:02:14;13.78409175;13.8
2019-07-26 07:10:47;0.30989;0.31021;0.30965;0.3099166667;14.51227759;14.64414359;14.53;2019-07-26 07:02:14;13.78469022;13.8
2019-07-26 07:11:47;0.30994;0.31017;0.30965;0.30992;14.5124351;14.6443011;14.53;2019-07-26 07:02:14;13.78483984;13.8
2019-07-26 07:12:47;0.31037;0.31017;0.31063;0.31039;14.53464348;14.66650948;14.53;2019-07-26 07:12:13;13.80660459;13.8
2019-07-26 07:13:47;0.31;0.3103;0.31089;0.3103966667;14.53495849;14.66682449;14.53;2019-07-26 07:12:13;13.80690384;13.8
2019-07-26 07:14:46;0.31044;0.31018;0.31079;0.31047;14.53842363;14.67028963;14.53;2019-07-26 07:12:13;13.81019559;13.8
2019-07-26 07:15:47;0.30989;0.31044;0.31035;0.3102266667;14.52692568;14.65879168;14.53;2019-07-26 07:12:13;13.79927297;13.8
2019-07-26 07:16:47;0.30979;0.31044;0.31071;0.3103133333;14.53102084;14.66288684;14.53;2019-07-26 07:12:13;13.80316322;13.8
2019-07-26 07:17:46;0.30994;0.31049;0.31024;0.3102233333;14.52676817;14.65863417;14.53;2019-07-26 07:12:13;13.79912335;13.8
2019-07-26 07:18:47;0.31007;0.31048;0.31024;0.3102633333;14.52865824;14.66052424;14.53;2019-07-26 07:12:13;13.80091885;13.8
2019-07-26 07:19:47;0.30988;0.31048;0.31034;0.3102333333;14.52724069;14.65910669;14.53;2019-07-26 07:12:13;13.79957222;13.8
2019-07-26 07:20:47;0.31012;0.31053;0.31034;0.31033;14.53180837;14.66367437;14.53;2019-07-26 07:12:13;13.80391134;13.8
2019-07-26 07:21:47;0.3098;0.31046;0.30988;0.3100466667;14.51842034;14.65028634;14.53;2019-07-26 07:12:13;13.79119323;13.8
2019-07-26 07:22:47;0.31007;0.31046;0.31055;0.31036;14.53322593;14.66509193;14.53;2019-07-26 07:22:13;13.81091233;13.81
2019-07-26 07:23:47;0.31051;0.31046;0.31001;0.3103266667;14.53165086;14.66351686;14.53;2019-07-26 07:22:13;13.80941548;13.81
2019-07-26 07:24:47;0.31027;0.31059;0.31001;0.31029;14.52991829;14.66178429;14.53;2019-07-26 07:22:13;13.80776894;13.81
2019-07-26 07:25:47;0.311;0.31073;0.31062;0.3107833333;14.55322922;14.68509522;14.53;2019-07-26 07:22:13;13.82992241;13.81
2019-07-26 07:26:47;0.31103;0.31078;0.31104;0.31095;14.56110453;14.69297053;14.53;2019-07-26 07:22:13;13.83740669;13.81
2019-07-26 07:27:47;0.31097;0.31092;0.31097;0.3109533333;14.56126204;14.69312804;14.53;2019-07-26 07:22:13;13.83755637;13.81
2019-07-26 07:28:47;0.311;0.31092;0.31098;0.3109666667;14.56189206;14.69375806;14.53;2019-07-26 07:22:13;13.83815512;13.81
2019-07-26 07:29:47;0.31098;0.31091;0.31098;0.3109566667;14.56141954;14.69328554;14.53;2019-07-26 07:22:13;13.83770606;13.81
2019-07-26 07:30:47;0.31095;0.31092;0.31107;0.31098;14.56252209;14.69438809;14.53;2019-07-26 07:22:13;13.83875386;13.81
2019-07-26 07:31:48;0.31115;0.31091;0.31107;0.3110433333;14.56551471;14.69738071;14.53;2019-07-26 07:22:13;13.84159789;13.81
2019-07-26 07:32:46;0.31126;0.31159;0.31135;0.3114;14.58236788;14.71423388;14.57;2019-07-26 07:32:13;13.85058344;13.84
2019-07-26 07:33:47;0.31168;0.3119;0.3122;0.3119266667;14.60725386;14.73911986;14.57;2019-07-26 07:32:13;13.87422187;13.84
2019-07-26 07:34:47;0.31196;0.3119;0.31197;0.3119433333;14.60804139;14.73990739;14.57;2019-07-26 07:32:13;13.87496992;13.84
2019-07-26 07:35:47;0.31261;0.31269;0.31265;0.31265;14.64143272;14.77329872;14.57;2019-07-26 07:32:13;13.90668732;13.84
2019-07-26 07:36:47;0.31305;0.3133;0.3138;0.3133833333;14.67608409;14.80795009;14.57;2019-07-26 07:32:13;13.9396016;13.84
2019-07-26 07:37:47;0.31277;0.31327;0.31386;0.3133;14.67214644;14.80401244;14.57;2019-07-26 07:32:13;13.93586134;13.84
2019-07-26 07:38:47;0.31288;0.31326;0.31294;0.3130266667;14.65923093;14.79109693;14.57;2019-07-26 07:32:13;13.92359329;13.84
2019-07-26 07:39:47;0.31273;0.31326;0.31294;0.3129766667;14.65686833;14.78873433;14.57;2019-07-26 07:32:13;13.92134913;13.84
2019-07-26 07:40:47;0.31288;0.31312;0.31294;0.31298;14.65702584;14.78889184;14.57;2019-07-26 07:32:13;13.92149875;13.84
2019-07-26 07:41:47;0.31291;0.31329;0.31294;0.3130466667;14.66017596;14.79204196;14.57;2019-07-26 07:32:13;13.92449095;13.84
2019-07-26 07:42:47;0.31319;0.3133;0.31294;0.3131433333;14.69417912;14.82604512;14.66;2019-07-26 07:42:13;13.93588784;13.9
2019-07-26 07:43:47;0.31281;0.31329;0.31294;0.3130133333;14.68802415;14.81989015;14.66;2019-07-26 07:42:13;13.93005011;13.9
2019-07-26 07:44:47;0.31297;0.3133;0.31366;0.31331;14.7020701;14.8339361;14.66;2019-07-26 07:42:13;13.94337212;13.9
2019-07-26 07:45:47;0.31262;0.31311;0.31283;0.3128533333;14.68044881;14.81231481;14.66;2019-07-26 07:42:13;13.92286521;13.9
2019-07-26 07:46:47;0.31252;0.31275;0.31266;0.3126433333;14.67050618;14.80237218;14.66;2019-07-26 07:42:13;13.91343502;13.9
2019-07-26 07:47:47;0.3123;0.31276;0.3127;0.3125866667;14.66782325;14.79968925;14.66;2019-07-26 07:42:13;13.91089037;13.9
2019-07-26 07:48:47;0.31229;0.31276;0.31252;0.3125233333;14.66482467;14.79669067;14.66;2019-07-26 07:42:13;13.90804634;13.9
2019-07-26 07:49:47;0.31251;0.31297;0.31285;0.3127766667;14.67681896;14.80868496;14.66;2019-07-26 07:42:13;13.91942244;13.9
2019-07-26 07:50:47;0.31257;0.31306;0.31253;0.31272;14.67413603;14.80600203;14.66;2019-07-26 07:42:13;13.91687779;13.9
2019-07-26 07:51:47;0.31271;0.31303;0.313;0.3129133333;14.68328957;14.81515557;14.66;2019-07-26 07:42:13;13.92555955;13.9
2019-07-26 07:52:47;0.31279;0.31306;0.31262;0.3128233333;14.67902844;14.81089444;14.65;2019-07-26 07:52:14;13.91896906;13.89
2019-07-26 07:53:47;0.31237;0.31308;0.31277;0.31274;14.67508295;14.80694895;14.65;2019-07-26 07:52:14;13.9152276;13.89
2019-07-26 07:54:46;0.31232;0.3129;0.31277;0.3126633333;14.6714531;14.8033191;14.65;2019-07-26 07:52:14;13.91178546;13.89
2019-07-26 07:55:47;0.31268;0.31291;0.3127;0.3127633333;14.67618768;14.80805368;14.65;2019-07-26 07:52:14;13.91627521;13.89
2019-07-26 07:56:47;0.3125;0.31302;0.31298;0.3128333333;14.6795019;14.8113679;14.65;2019-07-26 07:52:14;13.91941804;13.89
2019-07-26 07:57:47;0.31252;0.31302;0.313;0.3128466667;14.68013317;14.81199917;14.65;2019-07-26 07:52:14;13.92001667;13.89
2019-07-26 07:58:47;0.3127;0.31302;0.31236;0.3126933333;14.67287347;14.80473947;14.65;2019-07-26 07:52:14;13.91313239;13.89
2019-07-26 07:59:47;0.3124;0.31302;0.3128;0.31274;14.67508295;14.80694895;14.65;2019-07-26 07:52:14;13.9152276;13.89
2019-07-26 08:00:47;0.31249;0.31297;0.3125;0.3126533333;14.67097964;14.80284564;14.65;2019-07-26 07:52:14;13.91133649;13.89
2019-07-26 08:01:47;0.31262;0.31297;0.3125;0.3126966667;14.67303129;14.80489729;14.65;2019-07-26 07:52:14;13.91328205;13.89
2019-07-26 08:02:47;0.31277;0.31296;0.3125;0.3127433333;14.67524077;14.80710677;14.64;2019-07-26 08:02:13;13.9196409;13.89
2019-07-26 08:03:47;0.31272;0.31296;0.31245;0.31271;14.67366257;14.80552857;14.64;2019-07-26 08:02:13;13.91814386;13.89
2019-07-26 08:04:47;0.31239;0.3129;0.3123;0.31253;14.66514031;14.79700631;14.64;2019-07-26 08:02:13;13.91005986;13.89
2019-07-26 08:05:47;0.31229;0.31287;0.3123;0.3124866667;14.66308866;14.79495466;14.64;2019-07-26 08:02:13;13.90811371;13.89
2019-07-26 08:06:47;0.31236;0.31287;0.31219;0.3124733333;14.66245738;14.79432338;14.64;2019-07-26 08:02:13;13.90751489;13.89
2019-07-26 08:07:47;0.31237;0.31258;0.31201;0.31232;14.65519768;14.78706368;14.64;2019-07-26 08:02:13;13.90062852;13.89
2019-07-26 08:08:47;0.31219;0.31254;0.31207;0.3122666667;14.65267257;14.78453857;14.64;2019-07-26 08:02:13;13.89823326;13.89
2019-07-26 08:09:47;0.31212;0.31256;0.31207;0.31225;14.65188347;14.78374947;14.64;2019-07-26 08:02:13;13.89748474;13.89
2019-07-26 08:10:47;0.31222;0.31223;0.31206;0.31217;14.6480958;14.7799618;14.64;2019-07-26 08:02:13;13.89389185;13.89
2019-07-26 08:11:47;0.31207;0.31222;0.31192;0.31207;14.64336121;14.77522721;14.64;2019-07-26 08:02:13;13.88940074;13.89
2019-07-26 08:12:47;0.31186;0.31204;0.31189;0.31193;14.63673279;14.76859879;14.62;2019-07-26 08:12:13;13.87616283;13.86
2019-07-26 08:13:47;0.31216;0.31243;0.31181;0.3121333333;14.64635978;14.77822578;14.62;2019-07-26 08:12:13;13.88529023;13.86
2019-07-26 08:14:47;0.31223;0.31259;0.31194;0.3122533333;14.65204129;14.78390729;14.62;2019-07-26 08:12:13;13.89067689;13.86
2019-07-26 08:15:47;0.31234;0.31242;0.31174;0.3121666667;14.64793798;14.77980398;14.62;2019-07-26 08:12:13;13.88678652;13.86
2019-07-26 08:16:47;0.31255;0.31278;0.31218;0.3125033333;14.66387776;14.79574376;14.62;2019-07-26 08:12:13;13.9018991;13.86
2019-07-26 08:17:47;0.31255;0.31293;0.31218;0.3125533333;14.66624505;14.79811105;14.62;2019-07-26 08:12:13;13.90414354;13.86
2019-07-26 08:18:47;0.3126;0.31293;0.31203;0.31252;14.66466686;14.79653286;14.62;2019-07-26 08:12:13;13.90264725;13.86
2019-07-26 08:19:47;0.31324;0.31284;0.31253;0.31287;14.68123791;14.81310391;14.62;2019-07-26 08:12:13;13.91835835;13.86
2019-07-26 08:20:47;0.31305;0.31325;0.31254;0.3129466667;14.68486776;14.81673376;14.62;2019-07-26 08:12:13;13.92179983;13.86
2019-07-26 08:21:47;0.31309;0.31316;0.31253;0.3129266667;14.68392084;14.81578684;14.62;2019-07-26 08:12:13;13.92090205;13.86
2019-07-26 08:22:47;0.31281;0.31317;0.31253;0.3128366667;14.67965972;14.81152572;14.65;2019-07-26 08:22:14;13.91848962;13.89
2019-07-26 08:23:47;0.31286;0.31302;0.31224;0.3127066667;14.67350475;14.80537075;14.65;2019-07-26 08:22:14;13.91265339;13.89
2019-07-26 08:24:47;0.31297;0.3132;0.3126;0.3129233333;14.68376302;14.81562902;14.65;2019-07-26 08:22:14;13.92238043;13.89
2019-07-26 08:25:47;0.31282;0.3132;0.3126;0.3128733333;14.68139573;14.81326173;14.65;2019-07-26 08:22:14;13.92013573;13.89
2019-07-26 08:26:56;0.31287;0.3131;0.31238;0.3127833333;14.6771346;14.8090006;14.65;2019-07-26 08:22:14;13.91609527;13.89
2019-07-26 08:27:47;0.3129;0.31306;0.31234;0.3127666667;14.6763455;14.8082115;14.65;2019-07-26 08:22:14;13.91534703;13.89
2019-07-26 08:28:47;0.31289;0.31306;0.31272;0.31289;14.68218483;14.81405083;14.65;2019-07-26 08:22:14;13.92088397;13.89
2019-07-26 08:29:47;0.31295;0.31307;0.31243;0.3128166667;14.6787128;14.8105788;14.65;2019-07-26 08:22:14;13.91759173;13.89
2019-07-26 08:30:47;0.3129;0.31317;0.31292;0.3129966667;14.68723506;14.81910106;14.65;2019-07-26 08:22:14;13.92567266;13.89
2019-07-26 08:31:47;0.31298;0.3132;0.31243;0.31287;14.68123791;14.81310391;14.65;2019-07-26 08:22:14;13.91998608;13.89
2019-07-26 08:32:47;0.31295;0.31316;0.3127;0.3129366667;14.6843943;14.8162603;14.65;2019-07-26 08:32:14;13.92449792;13.89
2019-07-26 08:33:47;0.31326;0.31362;0.31276;0.3132133333;14.69749333;14.82935933;14.65;2019-07-26 08:32:14;13.93691996;13.89
2019-07-26 08:34:47;0.31321;0.31355;0.31276;0.3131733333;14.69559949;14.82746549;14.65;2019-07-26 08:32:14;13.935124;13.89
2019-07-26 08:35:47;0.31324;0.31355;0.31276;0.3131833333;14.69607295;14.82793895;14.65;2019-07-26 08:32:14;13.93557299;13.89
2019-07-26 08:36:47;0.31306;0.31345;0.31265;0.3130533333;14.68991799;14.82178399;14.65;2019-07-26 08:32:14;13.92973613;13.89
2019-07-26 08:37:47;0.31309;0.31345;0.31265;0.3130633333;14.69039145;14.82225745;14.65;2019-07-26 08:32:14;13.93018512;13.89
2019-07-26 08:38:47;0.31283;0.3132;0.31265;0.3128933333;14.68234265;14.81420865;14.65;2019-07-26 08:32:14;13.92255231;13.89
2019-07-26 08:39:47;0.31318;0.31342;0.31279;0.31313;14.69354784;14.82541384;14.65;2019-07-26 08:32:14;13.93317838;13.89
2019-07-26 08:40:47;0.3135;0.31336;0.31264;0.3131666667;14.69528385;14.82714985;14.65;2019-07-26 08:32:14;13.93482467;13.89
2019-07-26 08:41:47;0.3133;0.31336;0.31288;0.31318;14.69591513;14.82778113;14.65;2019-07-26 08:32:14;13.93542333;13.89
2019-07-26 08:42:47;0.31341;0.31336;0.31339;0.3133866667;14.71936361;14.85122961;14.67;2019-07-26 08:42:14;13.94992335;13.9
2019-07-26 08:43:47;0.31345;0.3136;0.3129;0.3133166667;14.71604634;14.84791234;14.67;2019-07-26 08:42:14;13.94677926;13.9
2019-07-26 08:44:47;0.31354;0.3136;0.313;0.31338;14.71904768;14.85091368;14.67;2019-07-26 08:42:14;13.94962391;13.9
2019-07-26 08:45:47;0.31364;0.31388;0.31302;0.3135133333;14.72536627;14.85723227;14.67;2019-07-26 08:42:14;13.95561266;13.9
2019-07-26 08:46:47;0.31396;0.314;0.31302;0.31366;14.73231673;14.86418273;14.67;2019-07-26 08:42:14;13.96220027;13.9
2019-07-26 08:47:47;0.31404;0.31439;0.31343;0.3139533333;14.74621764;14.87808364;14.67;2019-07-26 08:42:14;13.97537551;13.9
2019-07-26 08:48:47;0.31391;0.31438;0.31342;0.3139033333;14.74384817;14.87571417;14.67;2019-07-26 08:42:14;13.97312973;13.9
2019-07-26 08:49:47;0.31385;0.31401;0.31342;0.31376;14.73705568;14.86892168;14.67;2019-07-26 08:42:14;13.96669183;13.9
2019-07-26 08:50:47;0.31378;0.31402;0.31326;0.3136866667;14.73358045;14.86544645;14.67;2019-07-26 08:42:14;13.96339802;13.9
2019-07-26 08:51:47;0.31403;0.31446;0.31352;0.3140033333;14.74858711;14.88045311;14.67;2019-07-26 08:42:14;13.97762128;13.9
2019-07-26 08:52:47;0.31479;0.315;0.31476;0.31485;14.7887102;14.9205762;14.71;2019-07-26 08:52:14;14.01405156;13.94
2019-07-26 08:53:47;0.31507;0.31499;0.31432;0.3147933333;14.7860248;14.9178908;14.71;2019-07-26 08:52:14;14.01150663;13.94
2019-07-26 08:54:47;0.31524;0.31519;0.31477;0.3150666667;14.79897792;14.93084392;14.71;2019-07-26 08:52:14;14.02378216;13.94
2019-07-26 08:55:47;0.31485;0.31519;0.31452;0.3148533333;14.78886817;14.92073417;14.71;2019-07-26 08:52:14;14.01420126;13.94
2019-07-26 08:56:47;0.31496;0.31527;0.31493;0.3150533333;14.79834606;14.93021206;14.71;2019-07-26 08:52:14;14.02318336;13.94
2019-07-26 08:57:47;0.31514;0.31527;0.31451;0.3149733333;14.79455491;14.92642091;14.71;2019-07-26 08:52:14;14.01959052;13.94
2019-07-26 08:58:47;0.31513;0.31542;0.31451;0.31502;14.79676641;14.92863241;14.71;2019-07-26 08:52:14;14.02168634;13.94
2019-07-26 08:59:47;0.31506;0.31542;0.31472;0.3150666667;14.79897792;14.93084392;14.71;2019-07-26 08:52:14;14.02378216;13.94
2019-07-26 09:00:47;0.31496;0.31542;0.31472;0.3150333333;14.79739827;14.92926427;14.71;2019-07-26 08:52:14;14.02228515;13.94
2019-07-26 09:01:47;0.31488;0.31547;0.31468;0.31501;14.79629252;14.92815852;14.71;2019-07-26 08:52:14;14.02123724;13.94
2019-07-26 09:02:47;0.3147;0.31521;0.31467;0.31486;14.7891841;14.9210501;14.73;2019-07-26 09:02:14;14.01489097;13.96
2019-07-26 09:03:47;0.31449;0.3152;0.31474;0.31481;14.78681462;14.91868062;14.73;2019-07-26 09:02:14;14.01264538;13.96
2019-07-26 09:04:47;0.31428;0.31456;0.31406;0.3143;14.76264599;14.89451199;14.73;2019-07-26 09:02:14;13.9897404;13.96
2019-07-26 09:05:47;0.31426;0.31464;0.31406;0.31432;14.76359378;14.89545978;14.73;2019-07-26 09:02:14;13.99063863;13.96
2019-07-26 09:06:47;0.31418;0.31464;0.31418;0.3143333333;14.76422564;14.89609164;14.73;2019-07-26 09:02:14;13.99123745;13.96
2019-07-26 09:07:47;0.31399;0.31447;0.31388;0.3141133333;14.75379996;14.88566596;14.73;2019-07-26 09:02:14;13.98135687;13.96
2019-07-26 09:08:47;0.31422;0.3148;0.31387;0.3142966667;14.76248803;14.89435403;14.73;2019-07-26 09:02:14;13.98959069;13.96
2019-07-26 09:09:47;0.31423;0.3148;0.3141;0.3143766667;14.76627919;14.89814519;14.73;2019-07-26 09:02:14;13.99318363;13.96
2019-07-26 09:11:47;0.31412;0.31445;0.31388;0.31415;14.75553757;14.88740357;14.73;2019-07-26 09:02:14;13.98300364;13.96
2019-07-26 09:12:46;0.31418;0.31444;0.31389;0.31417;14.75648536;14.88835136;14.7;2019-07-26 09:12:14;13.97997779;13.93
2019-07-26 09:13:47;0.31409;0.31444;0.31389;0.31414;14.75506368;14.88692968;14.7;2019-07-26 09:12:14;13.97863081;13.93
2019-07-26 09:14:47;0.31412;0.31446;0.31388;0.3141533333;14.75569554;14.88756154;14.7;2019-07-26 09:12:14;13.97922947;13.93
2019-07-26 09:15:47;0.31384;0.3145;0.31389;0.3140766667;14.75206234;14.88392834;14.7;2019-07-26 09:12:14;13.9757872;13.93
2019-07-26 09:16:47;0.31396;0.31444;0.31408;0.31416;14.75601147;14.88787747;14.7;2019-07-26 09:12:14;13.9795288;13.93
2019-07-26 09:17:47;0.31397;0.31448;0.31388;0.31411;14.75364199;14.88550799;14.7;2019-07-26 09:12:14;13.97728384;13.93
2019-07-26 09:18:47;0.31398;0.31456;0.31388;0.31414;14.75506368;14.88692968;14.7;2019-07-26 09:12:14;13.97863081;13.93
2019-07-26 09:19:47;0.31392;0.31424;0.31388;0.3140133333;14.74906101;14.88092701;14.7;2019-07-26 09:12:14;13.97294358;13.93
2019-07-26 09:20:47;0.31372;0.3143;0.3142;0.3140733333;14.75190438;14.88377038;14.7;2019-07-26 09:12:14;13.97563753;13.93
2019-07-26 09:21:47;0.31365;0.31402;0.31374;0.3138033333;14.73910922;14.87097522;14.7;2019-07-26 09:12:14;13.96351474;13.93
2019-07-26 09:22:47;0.31374;0.3145;0.31362;0.3139533333;14.74621764;14.87808364;14.69;2019-07-26 09:22:14;13.96889822;13.92
2019-07-26 09:23:47;0.31378;0.3145;0.31362;0.3139666667;14.7468495;14.8787155;14.69;2019-07-26 09:22:14;13.96949681;13.92
2019-07-26 09:24:47;0.31323;0.314;0.31313;0.3134533333;14.7225229;14.8543889;14.69;2019-07-26 09:22:14;13.94645075;13.92
2019-07-26 09:27:25;0.31321;0.31401;0.31346;0.31356;14.72757778;14.85944378;14.69;2019-07-26 09:22:14;13.95123954;13.92
2019-07-26 09:27:47;0.31312;0.31401;0.31314;0.3134233333;14.72110122;14.85296722;14.69;2019-07-26 09:22:14;13.9451039;13.92
2019-07-26 09:28:47;0.31335;0.31401;0.31314;0.3135;14.72473441;14.85660041;14.69;2019-07-26 09:22:14;13.94854585;13.92
2019-07-26 09:29:47;0.31321;0.31355;0.31314;0.3133;14.71525652;14.84712252;14.69;2019-07-26 09:22:14;13.93956686;13.92
2019-07-26 09:30:47;0.31333;0.31376;0.31314;0.31341;14.72046936;14.85233536;14.69;2019-07-26 09:22:14;13.9445053;13.92
2019-07-26 09:31:47;0.3139;0.31401;0.31346;0.31379;14.73847736;14.87034336;14.69;2019-07-26 09:22:14;13.96156538;13.92
2019-07-26 09:32:46;0.31386;0.31401;0.31347;0.31378;14.73612706;14.86799306;14.69;2019-07-26 09:32:14;13.96026683;13.92
2019-07-26 09:33:47;0.31395;0.31401;0.31347;0.31381;14.73754857;14.86941457;14.69;2019-07-26 09:32:14;13.9616136;13.92
2019-07-26 09:34:47;0.31388;0.31401;0.31347;0.3137866667;14.73644295;14.86830895;14.69;2019-07-26 09:32:14;13.96056611;13.92
2019-07-26 09:35:47;0.31353;0.31379;0.31379;0.3137033333;14.73249433;14.86436033;14.69;2019-07-26 09:32:14;13.95682509;13.92
2019-07-26 09:36:47;0.31355;0.31364;0.31342;0.3135366667;14.72459708;14.85646308;14.69;2019-07-26 09:32:14;13.94934306;13.92
2019-07-26 09:37:46;0.3135;0.31387;0.31342;0.3135966667;14.72744009;14.85930609;14.69;2019-07-26 09:32:14;13.95203659;13.92
2019-07-26 09:38:47;0.31345;0.31385;0.31342;0.3135733333;14.72633447;14.85820047;14.69;2019-07-26 09:32:14;13.9509891;13.92
2019-07-26 09:39:46;0.31338;0.31352;0.31342;0.31344;14.72001667;14.85188267;14.69;2019-07-26 09:32:14;13.94500347;13.92
2019-07-26 09:41:47;0.31332;0.31374;0.31342;0.3134933333;14.72254379;14.85440979;14.69;2019-07-26 09:32:14;13.94739773;13.92
2019-07-26 09:42:47;0.3132;0.31333;0.31316;0.31323;14.71006614;14.84193214;14.68;2019-07-26 09:42:14;13.93611661;13.91
2019-07-26 09:43:47;0.31327;0.3134;0.31303;0.3132333333;14.71022408;14.84209008;14.68;2019-07-26 09:42:14;13.93626625;13.91
2019-07-26 09:44:47;0.31324;0.31337;0.31303;0.3132133333;14.70927641;14.84114241;14.68;2019-07-26 09:42:14;13.93536838;13.91
2019-07-26 09:45:46;0.31319;0.31332;0.31303;0.31318;14.70769696;14.83956296;14.68;2019-07-26 09:42:14;13.93387191;13.91
2019-07-26 09:46:47;0.31328;0.31379;0.31325;0.31344;14.72001667;14.85188267;14.68;2019-07-26 09:42:14;13.94554434;13.91
2019-07-26 09:47:47;0.31338;0.31388;0.31334;0.3135333333;14.72443913;14.85630513;14.68;2019-07-26 09:42:14;13.94973444;13.91
2019-07-26 09:48:46;0.31348;0.31388;0.31345;0.3136033333;14.72775598;14.85962198;14.68;2019-07-26 09:42:14;13.95287702;13.91
2019-07-26 09:49:47;0.31356;0.31406;0.31347;0.3136966667;14.73217844;14.86404444;14.68;2019-07-26 09:42:14;13.95706712;13.91
2019-07-26 09:50:47;0.31357;0.31409;0.31347;0.31371;14.73281022;14.86467622;14.68;2019-07-26 09:42:14;13.9576657;13.91
2019-07-26 09:51:47;0.3136;0.31405;0.31344;0.3136966667;14.73217844;14.86404444;14.68;2019-07-26 09:42:14;13.95706712;13.91
2019-07-26 09:52:47;0.31398;0.31384;0.31373;0.31385;14.73944391;14.87130991;14.7;2019-07-26 09:52:14;13.9666235;13.93
2019-07-26 09:53:47;0.31421;0.31384;0.31373;0.3139266667;14.74307664;14.87494264;14.7;2019-07-26 09:52:14;13.97006602;13.93
2019-07-26 09:54:47;0.31434;0.31384;0.31373;0.31397;14.74512993;14.87699593;14.7;2019-07-26 09:52:14;13.9720118;13.93
2019-07-26 09:55:47;0.3144;0.31469;0.31403;0.3143733333;14.76424127;14.89610727;14.7;2019-07-26 09:52:14;13.99012246;13.93
2019-07-26 09:56:47;0.31445;0.31469;0.31411;0.3144166667;14.76629455;14.89816055;14.7;2019-07-26 09:52:14;13.99206823;13.93
2019-07-26 09:57:47;0.31443;0.31472;0.31411;0.31442;14.7664525;14.8983185;14.7;2019-07-26 09:52:14;13.99221791;13.93
2019-07-26 09:58:47;0.31446;0.31463;0.31425;0.3144466667;14.76771606;14.89958206;14.7;2019-07-26 09:52:14;13.99341531;13.93
2019-07-26 09:59:47;0.3144;0.31463;0.31425;0.3144266667;14.76676839;14.89863439;14.7;2019-07-26 09:52:14;13.99251726;13.93
2019-07-26 10:00:47;0.31451;0.31472;0.31425;0.3144933333;14.76992729;14.90179329;14.7;2019-07-26 09:52:14;13.99551075;13.93
2019-07-26 10:01:47;0.31466;0.31517;0.31521;0.3150133333;14.7945667;14.9264327;14.7;2019-07-26 09:52:14;14.01886004;13.93
2019-07-26 10:02:47;0.31465;0.31504;0.31466;0.3147833333;14.7836685;14.9155345;14.73;2019-07-26 10:02:14;14.0073206;13.96
2019-07-26 10:03:47;0.31462;0.31524;0.31454;0.3148;14.78445823;14.91632423;14.73;2019-07-26 10:02:14;14.00806891;13.96
2019-07-26 10:04:46;0.31482;0.31525;0.31445;0.31484;14.78635357;14.91821957;14.73;2019-07-26 10:02:14;14.00986485;13.96
2019-07-26 10:05:47;0.31441;0.3149;0.31445;0.3145866667;14.77434975;14.90621575;14.73;2019-07-26 10:02:14;13.99849054;13.96
2019-07-26 10:06:47;0.31368;0.31445;0.31391;0.3140133333;14.74718321;14.87904921;14.73;2019-07-26 10:02:14;13.97274866;13.96
2019-07-26 10:07:47;0.314;0.31407;0.314;0.3140233333;14.74765704;14.87952304;14.73;2019-07-26 10:02:14;13.97319765;13.96
2019-07-26 10:08:47;0.31382;0.31407;0.31386;0.3139166667;14.74260281;14.87446881;14.73;2019-07-26 10:02:14;13.96840846;13.96
2019-07-26 10:09:47;0.31378;0.31407;0.31354;0.3137966667;14.73691679;14.86878279;14.73;2019-07-26 10:02:14;13.96302063;13.96
2019-07-26 10:10:47;0.31347;0.31351;0.3132;0.3133933333;14.71780544;14.84967144;14.73;2019-07-26 10:02:14;13.94491152;13.96
2019-07-26 10:11:47;0.31379;0.31351;0.314;0.3137666667;14.73549528;14.86736128;14.73;2019-07-26 10:02:14;13.96167367;13.96
2019-07-26 10:12:47;0.31368;0.31422;0.31363;0.3138433333;14.73912802;14.87099402;14.71;2019-07-26 10:12:14;13.9683801;13.94
2019-07-26 10:13:47;0.3136;0.3142;0.31363;0.31381;14.73754857;14.86941457;14.71;2019-07-26 10:12:14;13.96688314;13.94
2019-07-26 10:14:47;0.3136;0.31419;0.31363;0.3138066667;14.73739062;14.86925662;14.71;2019-07-26 10:12:14;13.96673344;13.94
2019-07-26 10:15:47;0.31348;0.31376;0.31339;0.3135433333;14.72491297;14.85677897;14.71;2019-07-26 10:12:14;13.9549074;13.94
2019-07-26 10:16:46;0.31426;0.31433;0.31433;0.3143066667;14.76108237;14.89294837;14.71;2019-07-26 10:12:14;13.98918795;13.94
2019-07-26 10:17:47;0.314;0.31422;0.31395;0.3140566667;14.74923649;14.88110249;14.71;2019-07-26 10:12:14;13.9779607;13.94
2019-07-26 10:18:47;0.31425;0.31438;0.31387;0.3141666667;14.75444868;14.88631468;14.71;2019-07-26 10:12:14;13.98290069;13.94
2019-07-26 10:19:47;0.31419;0.31438;0.31387;0.3141466667;14.75350101;14.88536701;14.71;2019-07-26 10:12:14;13.98200251;13.94
2019-07-26 10:20:46;0.31434;0.31458;0.31396;0.3142933333;14.76045059;14.89231659;14.71;2019-07-26 10:12:14;13.98858916;13.94
2019-07-26 10:21:47;0.31437;0.31475;0.3145;0.31454;14.77213852;14.90400452;14.71;2019-07-26 10:12:14;13.99966672;13.94
2019-07-26 10:22:47;0.31445;0.31493;0.31416;0.3145133333;14.77087496;14.90274096;14.73;2019-07-26 10:22:14;13.99821134;13.96
2019-07-26 10:23:47;0.3145;0.31493;0.31416;0.31453;14.77166468;14.90353068;14.73;2019-07-26 10:22:14;13.99895981;13.96
2019-07-26 10:24:47;0.31428;0.31496;0.31425;0.3144966667;14.77008523;14.90195123;14.73;2019-07-26 10:22:14;13.99746287;13.96
2019-07-26 10:25:47;0.31437;0.31496;0.31404;0.3144566667;14.76818989;14.90005589;14.73;2019-07-26 10:22:14;13.99566654;13.96
2019-07-26 10:26:47;0.31441;0.31451;0.31404;0.31432;14.76171415;14.89358015;14.73;2019-07-26 10:22:14;13.98952909;13.96
2019-07-26 10:27:47;0.31441;0.31468;0.31465;0.31458;14.77403386;14.90589986;14.73;2019-07-26 10:22:14;14.00120522;13.96
2019-07-26 10:28:47;0.31435;0.31468;0.31402;0.31435;14.76313565;14.89500165;14.73;2019-07-26 10:22:14;13.99087633;13.96
2019-07-26 10:29:47;0.31422;0.3146;0.31465;0.31449;14.76976934;14.90163534;14.73;2019-07-26 10:22:14;13.99716348;13.96
2019-07-26 10:30:47;0.31393;0.31453;0.31398;0.3141466667;14.75350101;14.88536701;14.73;2019-07-26 10:22:14;13.981745;13.96
2019-07-26 10:31:47;0.31413;0.31453;0.314;0.31422;14.7569758;14.8888418;14.73;2019-07-26 10:22:14;13.98503827;13.96
2019-07-26 10:32:47;0.3141;0.31461;0.314;0.3142366667;14.76614936;14.89801536;14.73;2019-07-26 10:32:14;13.98433627;13.95
2019-07-26 10:33:46;0.31423;0.31463;0.31393;0.3142633333;14.76741363;14.89927963;14.73;2019-07-26 10:32:14;13.9855337;13.95
2019-07-26 10:34:47;0.31416;0.31437;0.31393;0.3141533333;14.76219851;14.89406451;14.73;2019-07-26 10:32:14;13.98059431;13.95
2019-07-26 10:35:47;0.31434;0.31474;0.31393;0.3143366667;14.77089038;14.90275638;14.73;2019-07-26 10:32:14;13.98882663;13.95
2019-07-26 10:36:46;0.31433;0.31475;0.31393;0.3143366667;14.77089038;14.90275638;14.73;2019-07-26 10:32:14;13.98882663;13.95
2019-07-26 10:37:47;0.31435;0.31475;0.31393;0.3143433333;14.77120644;14.90307244;14.73;2019-07-26 10:32:14;13.98912599;13.95
2019-07-26 10:38:46;0.31436;0.31456;0.31443;0.31445;14.77626353;14.90812953;14.73;2019-07-26 10:32:14;13.9939157;13.95
2019-07-26 10:39:47;0.31439;0.31476;0.31412;0.3144233333;14.77499926;14.90686526;14.73;2019-07-26 10:32:14;13.99271828;13.95
2019-07-26 10:40:46;0.31455;0.31476;0.31412;0.3144766667;14.7775278;14.9093938;14.73;2019-07-26 10:32:14;13.99511313;13.95
2019-07-26 10:41:47;0.31421;0.31476;0.31412;0.3143633333;14.77215465;14.90402065;14.73;2019-07-26 10:32:14;13.99002406;13.95
2019-07-26 10:42:47;0.31454;0.31434;0.31412;0.3143333333;14.77073234;14.90259834;14.72;2019-07-26 10:42:14;13.99424869;13.95
2019-07-26 10:43:47;0.31455;0.31503;0.31443;0.31467;14.78669377;14.91855977;14.72;2019-07-26 10:42:14;14.00937219;13.95
2019-07-26 10:44:47;0.3146;0.31491;0.31447;0.31466;14.78621967;14.91808567;14.72;2019-07-26 10:42:14;14.00892298;13.95
2019-07-26 10:45:47;0.315;0.31525;0.31447;0.3149066667;14.79791418;14.92978018;14.72;2019-07-26 10:42:14;14.02000357;13.95
2019-07-26 10:46:47;0.31487;0.31549;0.31447;0.3149433333;14.79965255;14.93151855;14.72;2019-07-26 10:42:14;14.02165069;13.95
2019-07-26 10:47:47;0.31493;0.31582;0.3149;0.3152166667;14.81261133;14.94447733;14.72;2019-07-26 10:42:14;14.03392918;13.95
2019-07-26 10:48:47;0.31512;0.31582;0.3149;0.31528;14.81561397;14.94747997;14.72;2019-07-26 10:42:14;14.03677419;13.95
2019-07-26 10:49:47;0.315;0.31547;0.3149;0.3151233333;14.80818638;14.94005238;14.72;2019-07-26 10:42:14;14.02973652;13.95
2019-07-26 10:50:47;0.31509;0.31557;0.3149;0.3151866667;14.81118902;14.94305502;14.72;2019-07-26 10:42:14;14.03258154;13.95
2019-07-26 10:51:46;0.31493;0.31536;0.3149;0.3150633333;14.80534177;14.93720777;14.72;2019-07-26 10:42:14;14.02704124;13.95
2019-07-26 10:52:47;0.31507;0.31555;0.31488;0.3151666667;14.81024082;14.94210682;14.76;2019-07-26 10:52:14;14.02529017;13.98
2019-07-26 10:53:47;0.31492;0.31555;0.31488;0.3151166667;14.80787031;14.93973631;14.76;2019-07-26 10:52:14;14.02304512;13.98
2019-07-26 10:54:47;0.31469;0.31518;0.31488;0.3149166667;14.79838828;14.93025428;14.76;2019-07-26 10:52:14;14.01406491;13.98
2019-07-26 10:55:47;0.31474;0.3151;0.31488;0.3149066667;14.79791418;14.92978018;14.76;2019-07-26 10:52:14;14.0136159;13.98
2019-07-26 10:56:47;0.3149;0.31502;0.31488;0.3149333333;14.79917845;14.93104445;14.76;2019-07-26 10:52:14;14.01481326;13.98
2019-07-26 10:57:47;0.31502;0.31546;0.31544;0.3153066667;14.81687825;14.94874425;14.76;2019-07-26 10:52:14;14.03157631;13.98
2019-07-26 10:58:47;0.31499;0.31533;0.31494;0.3150866667;14.80644801;14.93831401;14.76;2019-07-26 10:52:14;14.02169808;13.98
2019-07-26 10:59:47;0.31469;0.31551;0.31495;0.31505;14.80470963;14.93657563;14.76;2019-07-26 10:52:14;14.02005171;13.98
2019-07-26 11:00:47;0.3157;0.31572;0.3158;0.31574;14.83742265;14.96928865;14.76;2019-07-26 10:52:14;14.05103342;13.98
2019-07-26 11:01:47;0.3155;0.31599;0.31546;0.31565;14.83315574;14.96502174;14.76;2019-07-26 10:52:14;14.04699233;13.98
2019-07-26 11:02:47;0.31557;0.31599;0.31546;0.3156733333;14.83426198;14.96612798;14.78;2019-07-26 11:02:14;14.04537906;13.99
2019-07-26 11:03:47;0.31607;0.31626;0.316;0.31611;14.85496442;14.98683042;14.78;2019-07-26 11:02:14;14.06498216;13.99
2019-07-26 11:04:47;0.31683;0.317;0.31689;0.3169066667;14.89273453;15.02460053;14.78;2019-07-26 11:02:14;14.10074659;13.99
2019-07-26 11:05:47;0.3172;0.31774;0.31741;0.31745;14.91849405;15.05036005;14.78;2019-07-26 11:02:14;14.12513823;13.99
2019-07-26 11:06:46;0.31742;0.31776;0.31746;0.3175466667;14.92307704;15.05494304;14.78;2019-07-26 11:02:14;14.12947785;13.99
2019-07-26 11:07:47;0.31688;0.31755;0.3184;0.31761;14.92607968;15.05794568;14.78;2019-07-26 11:02:14;14.13232105;13.99
2019-07-26 11:08:47;0.31628;0.317;0.31622;0.3165;14.87345439;15.00532039;14.78;2019-07-26 11:02:14;14.08249027;13.99
2019-07-26 11:09:47;0.3161;0.31667;0.3163;0.3163566667;14.86665893;14.99852493;14.78;2019-07-26 11:02:14;14.07605566;13.99
2019-07-26 11:10:47;0.31612;0.3167;0.3163;0.3163733333;14.8674491;14.9993151;14.78;2019-07-26 11:02:14;14.07680387;13.99
2019-07-26 11:11:47;0.31616;0.31687;0.31649;0.3165066667;14.87377046;15.00563646;14.78;2019-07-26 11:02:14;14.08278955;13.99
2019-07-26 11:12:47;0.31631;0.31684;0.31615;0.3164333333;14.87029371;15.00215971;14.81;2019-07-26 11:12:15;14.08891733;14.03
2019-07-26 11:13:47;0.3166;0.31699;0.31615;0.31658;14.8772472;15.0091132;14.81;2019-07-26 11:12:15;14.09550594;14.03
2019-07-26 11:14:46;0.31667;0.317;0.31615;0.3166066667;14.87851147;15.01037747;14.81;2019-07-26 11:12:15;14.09670387;14.03
2019-07-26 11:15:47;0.31663;0.317;0.31615;0.3165933333;14.87787934;15.00974534;14.81;2019-07-26 11:12:15;14.09610491;14.03
2019-07-26 11:16:47;0.31686;0.31738;0.31665;0.3169633333;14.8954211;15.0272871;14.81;2019-07-26 11:12:15;14.11272618;14.03
2019-07-26 11:17:47;0.3162;0.31644;0.31631;0.3163166667;14.86476252;14.99662852;14.81;2019-07-26 11:12:15;14.08367638;14.03
2019-07-26 11:18:47;0.31605;0.31644;0.31586;0.3161166667;14.85528049;14.98714649;14.81;2019-07-26 11:12:15;14.07469191;14.03
2019-07-26 11:19:47;0.3159;0.31624;0.31596;0.3160333333;14.85132964;14.98319564;14.81;2019-07-26 11:12:15;14.07094838;14.03
2019-07-26 11:20:47;0.31554;0.31606;0.31569;0.3157633333;14.83852889;14.97039489;14.81;2019-07-26 11:12:15;14.05881934;14.03
2019-07-26 11:21:47;0.31616;0.31634;0.31577;0.31609;14.85401622;14.98588222;14.81;2019-07-26 11:12:15;14.07349398;14.03
2019-07-26 11:22:47;0.31606;0.31612;0.31646;0.3162133333;14.86297817;14.99484417;14.8;2019-07-26 11:22:18;14.08066699;14.02
2019-07-26 11:23:47;0.31595;0.31612;0.31581;0.31596;14.8509651;14.9828311;14.8;2019-07-26 11:22:18;14.06928535;14.02
2019-07-26 11:24:47;0.31573;0.31612;0.31581;0.3158866667;14.84748763;14.97935363;14.8;2019-07-26 11:22:18;14.06599066;14.02
2019-07-26 11:25:46;0.31605;0.3164;0.31581;0.3160866667;14.85697164;14.98883764;14.8;2019-07-26 11:22:18;14.07497617;14.02
2019-07-26 11:26:47;0.31623;0.31644;0.31605;0.31624;14.86424271;14.99610871;14.8;2019-07-26 11:22:18;14.08186505;14.02
2019-07-26 11:27:47;0.31618;0.31652;0.31605;0.31625;14.86471691;14.99658291;14.8;2019-07-26 11:22:18;14.08231433;14.02
2019-07-26 11:28:47;0.31601;0.31657;0.31622;0.3162666667;14.86550724;14.99737324;14.8;2019-07-26 11:22:18;14.08306312;14.02
2019-07-26 11:29:47;0.31603;0.31657;0.31666;0.31642;14.87277831;15.00464431;14.8;2019-07-26 11:22:18;14.08995201;14.02
2019-07-26 11:30:47;0.3159;0.31616;0.31607;0.3160433333;14.85491677;14.98678277;14.8;2019-07-26 11:22:18;14.07302931;14.02
2019-07-26 11:31:47;0.31608;0.31615;0.31607;0.3161;14.8576039;14.9894699;14.8;2019-07-26 11:22:18;14.0755752;14.02
2019-07-26 11:32:46;0.31613;0.3165;0.31607;0.3162333333;14.86392657;14.99579257;14.8;2019-07-26 11:32:14;14.07772269;14.02
2019-07-26 11:33:47;0.31636;0.31648;0.31607;0.3163033333;14.86724597;14.99911197;14.8;2019-07-26 11:32:14;14.08086677;14.02
2019-07-26 11:34:46;0.31688;0.3169;0.31613;0.3166366667;14.88305265;15.01491865;14.8;2019-07-26 11:32:14;14.09583856;14.02
2019-07-26 11:35:47;0.31675;0.31711;0.31773;0.3171966667;14.90960786;15.04147386;14.8;2019-07-26 11:32:14;14.12099117;14.02
2019-07-26 11:36:47;0.31666;0.317;0.31687;0.3168433333;14.89285279;15.02471879;14.8;2019-07-26 11:32:14;14.10512107;14.02
2019-07-26 11:37:47;0.31636;0.31684;0.31687;0.31669;14.88558172;15.01744772;14.8;2019-07-26 11:32:14;14.09823405;14.02
2019-07-26 11:38:47;0.31656;0.31669;0.3169;0.3167166667;14.88684625;15.01871225;14.8;2019-07-26 11:32:14;14.09943179;14.02
2019-07-26 11:39:47;0.31662;0.31661;0.31651;0.31658;14.88036551;15.01223151;14.8;2019-07-26 11:32:14;14.09329336;14.02
2019-07-26 11:40:47;0.31688;0.3168;0.31651;0.31673;14.88747852;15.01934452;14.8;2019-07-26 11:32:14;14.10003066;14.02
2019-07-26 11:41:47;0.31652;0.31684;0.31733;0.3168966667;14.89538186;15.02724786;14.8;2019-07-26 11:32:14;14.10751656;14.02
2019-07-26 11:42:47;0.31662;0.31684;0.31655;0.31667;14.88463332;15.01649932;14.82;2019-07-26 11:42:14;14.09893951;14.04
2019-07-26 11:43:47;0.31628;0.3166;0.31655;0.3164766667;14.87546545;15.00733145;14.82;2019-07-26 11:42:14;14.09025489;14.04
2019-07-26 11:44:47;0.31637;0.31685;0.31655;0.31659;14.88083971;15.01270571;14.82;2019-07-26 11:42:14;14.09534587;14.04
2019-07-26 11:45:47;0.31637;0.31666;0.31655;0.3165266667;14.87783645;15.00970245;14.82;2019-07-26 11:42:14;14.09250091;14.04
2019-07-26 11:46:47;0.3164;0.31669;0.31655;0.3165466667;14.87878485;15.01065085;14.82;2019-07-26 11:42:14;14.09339932;14.04
2019-07-26 11:47:47;0.3163;0.31669;0.31649;0.3164933333;14.87625578;15.00812178;14.82;2019-07-26 11:42:14;14.09100357;14.04
2019-07-26 11:48:47;0.31608;0.31669;0.31649;0.31642;14.87277831;15.00464431;14.82;2019-07-26 11:42:14;14.0877094;14.04
2019-07-26 11:49:46;0.31613;0.31671;0.31627;0.31637;14.87040731;15.00227331;14.82;2019-07-26 11:42:14;14.08546338;14.04
2019-07-26 11:50:47;0.31619;0.31671;0.31627;0.31639;14.87135571;15.00322171;14.82;2019-07-26 11:42:14;14.08636179;14.04
2019-07-26 11:51:47;0.31623;0.31647;0.31616;0.3162866667;14.86645564;14.99832164;14.82;2019-07-26 11:42:14;14.08172001;14.04
2019-07-26 11:52:47;0.31609;0.31635;0.31616;0.3162;14.86234591;14.99421191;14.81;2019-07-26 11:52:15;14.07869328;14.03
2019-07-26 11:53:47;0.3161;0.31653;0.31616;0.3162633333;14.86534917;14.99721517;14.81;2019-07-26 11:52:15;14.08153842;14.03
2019-07-26 11:54:47;0.31618;0.31656;0.31616;0.3163;14.86708791;14.99895391;14.81;2019-07-26 11:52:15;14.0831856;14.03
2019-07-26 11:55:47;0.31626;0.31624;0.31677;0.3164233333;14.87293638;15.00480238;14.81;2019-07-26 11:52:15;14.08872613;14.03
2019-07-26 11:56:56;0.31627;0.31619;0.31615;0.3162033333;14.86250397;14.99436997;14.81;2019-07-26 11:52:15;14.07884303;14.03
2019-07-26 11:57:47;0.31649;0.31665;0.31615;0.31643;14.87325251;15.00511851;14.81;2019-07-26 11:52:15;14.08902561;14.03
2019-07-26 11:58:47;0.31634;0.31634;0.31615;0.3162766667;14.86598144;14.99784744;14.81;2019-07-26 11:52:15;14.08213739;14.03
2019-07-26 11:59:47;0.31602;0.31663;0.31615;0.3162666667;14.86550724;14.99737324;14.81;2019-07-26 11:52:15;14.08168816;14.03
2019-07-26 12:00:47;0.31559;0.31626;0.31575;0.3158666667;14.84653923;14.97840523;14.81;2019-07-26 11:52:15;14.06371889;14.03
2019-07-26 12:01:47;0.3157;0.31564;0.31547;0.3156033333;14.83405196;14.96591796;14.81;2019-07-26 11:52:15;14.05188912;14.03
2019-07-26 12:02:47;0.31496;0.3154;0.31527;0.31521;14.81540008;14.94726608;14.78;2019-07-26 12:02:15;14.03653391;14
2019-07-26 12:03:47;0.31469;0.31504;0.31527;0.315;14.80544188;14.93730788;14.78;2019-07-26 12:02:15;14.0270985;14
2019-07-26 12:04:47;0.31456;0.31498;0.31504;0.31486;14.79880307;14.93066907;14.78;2019-07-26 12:02:15;14.02080822;14
2019-07-26 12:05:47;0.31423;0.31497;0.31467;0.3146233333;14.78758033;14.91944633;14.78;2019-07-26 12:02:15;14.01017467;14
2019-07-26 12:06:47;0.31473;0.31478;0.31482;0.3147766667;14.7948514;14.9267174;14.78;2019-07-26 12:02:15;14.01706401;14
2019-07-26 12:07:47;0.31522;0.31538;0.31641;0.31567;14.83721329;14.96907929;14.78;2019-07-26 12:02:15;14.05720195;14
2019-07-26 12:08:47;0.31503;0.3153;0.31524;0.31519;14.81445168;14.94631768;14.78;2019-07-26 12:02:15;14.0356353;14
2019-07-26 12:09:47;0.31457;0.31523;0.31524;0.3150133333;14.80607414;14.93794014;14.78;2019-07-26 12:02:15;14.02769757;14
2019-07-26 12:10:47;0.31506;0.31508;0.3153;0.3151466667;14.81239681;14.94426281;14.78;2019-07-26 12:02:15;14.03368831;14
2019-07-26 12:11:47;0.31495;0.31554;0.31531;0.3152666667;14.81808722;14.94995322;14.78;2019-07-26 12:02:15;14.03907997;14
2019-07-26 12:12:47;0.3149;0.31526;0.31509;0.3150833333;14.80939354;14.94125954;14.77;2019-07-26 12:12:14;14.03342242;14
2019-07-26 12:13:47;0.3149;0.31524;0.31509;0.3150766667;14.80907741;14.94094341;14.77;2019-07-26 12:12:14;14.03312282;14
2019-07-26 12:14:47;0.3147;0.315;0.31509;0.31493;14.80212247;14.93398847;14.77;2019-07-26 12:12:14;14.02653181;14
2019-07-26 12:15:47;0.31478;0.315;0.31487;0.3148833333;14.79990954;14.93177554;14.77;2019-07-26 12:12:14;14.02443467;14
2019-07-26 12:16:47;0.31466;0.31511;0.31487;0.31488;14.79975147;14.93161747;14.77;2019-07-26 12:12:14;14.02428488;14
2019-07-26 12:17:47;0.31476;0.315;0.31487;0.3148766667;14.79959341;14.93145941;14.77;2019-07-26 12:12:14;14.02413508;14
2019-07-26 12:18:47;0.31494;0.315;0.31489;0.3149433333;14.80275474;14.93462074;14.77;2019-07-26 12:12:14;14.027131;14
2019-07-26 12:19:47;0.31486;0.315;0.31492;0.3149266667;14.80196441;14.93383041;14.77;2019-07-26 12:12:14;14.02638202;14
2019-07-26 12:20:47;0.31503;0.31503;0.31492;0.3149933333;14.80512574;14.93699174;14.77;2019-07-26 12:12:14;14.02937793;14
2019-07-26 12:21:47;0.31497;0.31502;0.31491;0.3149666667;14.80386121;14.93572721;14.77;2019-07-26 12:12:14;14.02817957;14
2019-07-26 12:22:47;0.31508;0.31502;0.31512;0.3150733333;14.80223979;14.93410579;14.76;2019-07-26 12:22:15;14.02597887;13.99
2019-07-26 12:23:47;0.31509;0.31502;0.31512;0.3150766667;14.80239778;14.93426378;14.76;2019-07-26 12:22:15;14.0261286;13.99
2019-07-26 12:24:47;0.31497;0.31503;0.31512;0.31504;14.80065983;14.93252583;14.76;2019-07-26 12:22:15;14.02448166;13.99
2019-07-26 12:25:47;0.31503;0.31503;0.31512;0.31506;14.8016078;14.9334738;14.76;2019-07-26 12:22:15;14.02537999;13.99
2019-07-26 12:26:47;0.31579;0.31587;0.31512;0.3155933333;14.82688718;14.95875318;14.76;2019-07-26 12:22:15;14.04933546;13.99
2019-07-26 12:27:47;0.31678;0.31679;0.31683;0.3168;14.88408176;15.01594776;14.76;2019-07-26 12:22:15;14.10353472;13.99
2019-07-26 12:28:46;0.31658;0.31677;0.31764;0.3169966667;14.89340353;15.02526953;14.76;2019-07-26 12:22:15;14.1123683;13.99
2019-07-26 12:29:47;0.31617;0.31673;0.31615;0.31635;14.86275229;14.99461829;14.76;2019-07-26 12:22:15;14.08332229;13.99
2019-07-26 12:30:46;0.31673;0.31666;0.31615;0.3165133333;14.8704941;15.0023601;14.76;2019-07-26 12:22:15;14.09065865;13.99
2019-07-26 12:31:47;0.3164;0.31671;0.31615;0.31642;14.86607021;14.99793621;14.76;2019-07-26 12:22:15;14.08646644;13.99
2019-07-26 12:32:47;0.3168;0.3167;0.31675;0.31675;14.88171182;15.01357782;14.81;2019-07-26 12:32:16;14.09453128;14.03
2019-07-26 12:33:47;0.31664;0.31682;0.31675;0.3167366667;14.88107983;15.01294583;14.81;2019-07-26 12:32:16;14.09393268;14.03
2019-07-26 12:34:47;0.3166;0.31682;0.31722;0.31688;14.88787367;15.01973967;14.81;2019-07-26 12:32:16;14.10036765;14.03
2019-07-26 12:35:47;0.31655;0.31673;0.31722;0.3168333333;14.88566172;15.01752772;14.81;2019-07-26 12:32:16;14.09827254;14.03
2019-07-26 12:36:47;0.31629;0.31672;0.31745;0.31682;14.88502974;15.01689574;14.81;2019-07-26 12:32:16;14.09767394;14.03
2019-07-26 12:37:47;0.31629;0.31656;0.31647;0.31644;14.86701818;14.99888418;14.81;2019-07-26 12:32:16;14.08061377;14.03
2019-07-26 12:38:47;0.3164;0.31649;0.31651;0.3164666667;14.86828215;15.00014815;14.81;2019-07-26 12:32:16;14.08181098;14.03
2019-07-26 12:39:47;0.3163;0.31649;0.31651;0.3164333333;14.86670219;14.99856819;14.81;2019-07-26 12:32:16;14.08031447;14.03
2019-07-26 12:40:47;0.31602;0.31649;0.31644;0.3163166667;14.86117233;14.99303833;14.81;2019-07-26 12:32:16;14.0750767;14.03
2019-07-26 12:41:47;0.31591;0.31624;0.3163;0.31615;14.85327252;14.98513852;14.81;2019-07-26 12:32:16;14.06759417;14.03
2019-07-26 12:42:47;0.31588;0.31623;0.3163;0.3161366667;14.85264054;14.98450654;14.81;2019-07-26 12:42:15;14.07312532;14.03
2019-07-26 12:43:47;0.3158;0.3163;0.31614;0.31608;14.84995461;14.98182061;14.81;2019-07-26 12:42:15;14.07058016;14.03
2019-07-26 12:44:47;0.31633;0.31628;0.31621;0.3162733333;14.85911838;14.99098438;14.81;2019-07-26 12:42:15;14.07926364;14.03
2019-07-26 12:45:47;0.31618;0.31628;0.31621;0.3162233333;14.85674844;14.98861444;14.81;2019-07-26 12:42:15;14.07701792;14.03
2019-07-26 12:46:47;0.31578;0.31627;0.31621;0.3160866667;14.8502706;14.9821366;14.81;2019-07-26 12:42:15;14.07087959;14.03
2019-07-26 12:47:47;0.31532;0.31591;0.31594;0.3157233333;14.83304903;14.96491503;14.81;2019-07-26 12:42:15;14.05456063;14.03
2019-07-26 12:48:47;0.31594;0.31551;0.31594;0.3157966667;14.83652494;14.96839094;14.81;2019-07-26 12:42:15;14.05785437;14.03
2019-07-26 12:49:47;0.31567;0.31616;0.31594;0.3159233333;14.84252879;14.97439479;14.81;2019-07-26 12:42:15;14.06354355;14.03
2019-07-26 12:50:47;0.31561;0.3157;0.31594;0.31575;14.83431299;14.96617899;14.81;2019-07-26 12:42:15;14.05575835;14.03
2019-07-26 12:51:47;0.3161;0.3157;0.31595;0.3159166667;14.8422128;14.9740788;14.81;2019-07-26 12:42:15;14.06324412;14.03
2019-07-26 12:52:47;0.31603;0.31618;0.31595;0.3160533333;14.84869064;14.98055664;14.8;2019-07-26 12:52:15;14.068851;14.02
2019-07-26 12:53:47;0.31557;0.31641;0.31604;0.3160066667;14.84647869;14.97834469;14.8;2019-07-26 12:52:15;14.06675506;14.02
2019-07-26 12:54:47;0.31543;0.31641;0.31565;0.31583;14.8381049;14.9699709;14.8;2019-07-26 12:52:15;14.05882045;14.02
2019-07-26 12:55:47;0.31601;0.31581;0.3161;0.3159733333;14.84489873;14.97676473;14.8;2019-07-26 12:52:15;14.06525797;14.02
2019-07-26 12:56:46;0.31605;0.31581;0.3165;0.31612;14.85185056;14.98371656;14.8;2019-07-26 12:52:15;14.07184519;14.02
2019-07-26 12:57:47;0.3157;0.31607;0.31611;0.31596;14.84426675;14.97613275;14.8;2019-07-26 12:52:15;14.06465913;14.02
2019-07-26 12:58:46;0.31565;0.31607;0.31587;0.3158633333;14.83968486;14.97155086;14.8;2019-07-26 12:52:15;14.06031755;14.02
2019-07-26 12:59:47;0.31536;0.3157;0.31578;0.3156133333;14.82783515;14.95970115;14.8;2019-07-26 12:52:15;14.04908933;14.02
2019-07-26 13:00:47;0.31507;0.3157;0.3155;0.3154233333;14.81882938;14.95069538;14.8;2019-07-26 12:52:15;14.04055588;14.02
2019-07-26 13:01:47;0.31547;0.31569;0.31549;0.31555;14.82483323;14.95669923;14.8;2019-07-26 12:52:15;14.04624484;14.02
2019-07-26 13:02:47;0.3154;0.31536;0.31549;0.3154166667;14.81851339;14.95037939;14.78;2019-07-26 13:02:15;14.03659049;14
2019-07-26 13:03:47;0.31565;0.31571;0.31591;0.3157566667;14.83462899;14.96649499;14.78;2019-07-26 13:02:15;14.05185692;14
2019-07-26 13:04:47;0.31556;0.31571;0.31575;0.3156733333;14.83067908;14.96254508;14.78;2019-07-26 13:02:15;14.04811514;14
2019-07-26 13:05:47;0.31575;0.31606;0.31575;0.3158533333;14.83921087;14.97107687;14.78;2019-07-26 13:02:15;14.05619737;14
2019-07-26 13:06:47;0.31573;0.31604;0.31601;0.3159266667;14.84268679;14.97455279;14.78;2019-07-26 13:02:15;14.05949013;14
2019-07-26 13:07:47;0.31564;0.31604;0.31625;0.3159766667;14.84505673;14.97692273;14.78;2019-07-26 13:02:15;14.06173519;14
2019-07-26 13:08:47;0.31553;0.31604;0.31574;0.31577;14.83526097;14.96712697;14.78;2019-07-26 13:02:15;14.0524556;14
2019-07-26 13:09:47;0.31546;0.31566;0.31574;0.31562;14.82815115;14.96001715;14.78;2019-07-26 13:02:15;14.04572041;14
2019-07-26 13:10:54;0.31532;0.31566;0.3158;0.3155933333;14.82688718;14.95875318;14.78;2019-07-26 13:02:15;14.04452304;14
2019-07-26 13:11:47;0.31516;0.31566;0.31534;0.3153866667;14.81709142;14.94895742;14.78;2019-07-26 13:02:15;14.03524345;14
2019-07-26 13:12:48;0.31494;0.31515;0.31547;0.3151866667;14.79174989;14.92361589;14.75;2019-07-26 13:12:15;14.03673604;14
2019-07-26 13:13:47;0.3151;0.31506;0.31545;0.3152033333;14.79253903;14.92440503;14.75;2019-07-26 13:12:15;14.03748495;14
2019-07-26 13:14:47;0.31476;0.31475;0.31491;0.3148066667;14.77375746;14.90562346;14.75;2019-07-26 13:12:15;14.01966094;14
2019-07-26 13:15:47;0.31435;0.3146;0.31464;0.31453;14.76065771;14.89252371;14.75;2019-07-26 13:12:15;14.00722906;14
2019-07-26 13:16:47;0.31434;0.31444;0.31464;0.3144733333;14.75797462;14.88984062;14.75;2019-07-26 13:12:15;14.00468277;14
2019-07-26 13:17:47;0.3146;0.31444;0.31457;0.3145366667;14.76097336;14.89283936;14.75;2019-07-26 13:12:15;14.00752862;14
2019-07-26 13:18:47;0.31442;0.31434;0.31451;0.3144233333;14.7556072;14.8874732;14.75;2019-07-26 13:12:15;14.00243605;14
2019-07-26 13:19:47;0.31453;0.31434;0.31451;0.31446;14.75734331;14.88920931;14.75;2019-07-26 13:12:15;14.00408365;14
2019-07-26 13:20:47;0.3147;0.31434;0.31451;0.3145166667;14.76002639;14.89189239;14.75;2019-07-26 13:12:15;14.00662993;14
2019-07-26 13:21:47;0.31461;0.31477;0.31485;0.3147433333;14.77075872;14.90262472;14.75;2019-07-26 13:12:15;14.01681509;14
2019-07-26 13:22:47;0.31443;0.31469;0.31431;0.3144766667;14.75813245;14.88999845;14.74;2019-07-26 13:22:15;13.9947082;13.98
2019-07-26 13:23:47;0.31506;0.31515;0.31431;0.31484;14.77533574;14.90720174;14.74;2019-07-26 13:22:15;14.0110227;13.98
2019-07-26 13:24:47;0.31502;0.31526;0.31579;0.3153566667;14.79979913;14.93166513;14.74;2019-07-26 13:22:15;14.03422222;13.98
2019-07-26 13:25:47;0.31478;0.31502;0.31504;0.3149466667;14.78038625;14.91225225;14.74;2019-07-26 13:22:15;14.01581227;13.98
2019-07-26 13:26:47;0.31495;0.315;0.31503;0.3149933333;14.78259584;14.91446184;14.74;2019-07-26 13:22:15;14.01790772;13.98
2019-07-26 13:27:47;0.315;0.31526;0.31503;0.3150966667;14.78748852;14.91935452;14.74;2019-07-26 13:22:15;14.02254762;13.98
2019-07-26 13:28:47;0.31511;0.31526;0.31503;0.3151333333;14.78922463;14.92109063;14.74;2019-07-26 13:22:15;14.02419404;13.98
2019-07-26 13:29:47;0.31498;0.31526;0.31503;0.31509;14.78717287;14.91903887;14.74;2019-07-26 13:22:15;14.02224827;13.98
2019-07-26 13:30:47;0.31503;0.31516;0.31579;0.3153266667;14.79837868;14.93024468;14.74;2019-07-26 13:22:15;14.03287515;13.98
2019-07-26 13:31:47;0.31536;0.31526;0.31546;0.31536;14.79995696;14.93182296;14.74;2019-07-26 13:22:15;14.03437189;13.98
2019-07-26 13:32:47;0.31532;0.31555;0.31535;0.3154066667;14.80216656;14.93403256;14.76;2019-07-26 13:32:15;14.04020865;14
2019-07-26 13:33:47;0.3151;0.31532;0.31535;0.3152566667;14.79506428;14.92693028;14.76;2019-07-26 13:32:15;14.03347153;14
2019-07-26 13:34:47;0.31517;0.31532;0.31549;0.3153266667;14.79837868;14.93024468;14.76;2019-07-26 13:32:15;14.03661552;14
2019-07-26 13:35:47;0.31471;0.31532;0.31521;0.31508;14.78669938;14.91856538;14.76;2019-07-26 13:32:15;14.02553669;14
2019-07-26 13:36:47;0.31474;0.3153;0.31521;0.3150833333;14.78685721;14.91872321;14.76;2019-07-26 13:32:15;14.02568641;14
2019-07-26 13:37:47;0.3147;0.31518;0.31489;0.3149233333;14.77928145;14.91114745;14.76;2019-07-26 13:32:15;14.01850014;14
2019-07-26 13:38:47;0.31489;0.3154;0.3149;0.3150633333;14.78591024;14.91777624;14.76;2019-07-26 13:32:15;14.02478812;14
2019-07-26 13:39:47;0.31512;0.31557;0.3149;0.3151966667;14.79222337;14.92408937;14.76;2019-07-26 13:32:15;14.03077668;14
2019-07-26 13:40:47;0.31505;0.31557;0.3152;0.3152733333;14.79585342;14.92771942;14.76;2019-07-26 13:32:15;14.0342201;14
2019-07-26 13:41:47;0.315;0.3152;0.3152;0.3151333333;14.78922463;14.92109063;14.76;2019-07-26 13:32:15;14.02793211;14
2019-07-26 13:42:47;0.31507;0.31525;0.3152;0.3151733333;14.79111857;14.92298457;14.76;2019-07-26 13:42:15;14.03185116;14
2019-07-26 13:43:47;0.31485;0.31527;0.3152;0.3151066667;14.78796201;14.91982801;14.76;2019-07-26 13:42:15;14.02885643;14
2019-07-26 13:44:47;0.31545;0.31533;0.3152;0.3153266667;14.79837868;14.93024468;14.76;2019-07-26 13:42:15;14.03873903;14
2019-07-26 13:45:47;0.31556;0.31554;0.31558;0.31556;14.80942666;14.94129266;14.76;2019-07-26 13:42:15;14.04922057;14
2019-07-26 13:46:47;0.31566;0.31554;0.31558;0.3155933333;14.81100494;14.94287094;14.76;2019-07-26 13:42:15;14.05071793;14
2019-07-26 13:47:47;0.3154;0.31553;0.31558;0.3155033333;14.80674358;14.93860958;14.76;2019-07-26 13:42:15;14.04667505;14
2019-07-26 13:48:47;0.3153;0.31552;0.31558;0.3154666667;14.80500747;14.93687347;14.76;2019-07-26 13:42:15;14.04502795;14
2019-07-26 13:49:47;0.31535;0.31546;0.31558;0.3154633333;14.80484964;14.93671564;14.76;2019-07-26 13:42:15;14.04487822;14
2019-07-26 13:50:47;0.31536;0.31537;0.31557;0.3154333333;14.80342918;14.93529518;14.76;2019-07-26 13:42:15;14.04353059;14
2019-07-26 13:51:47;0.31545;0.31534;0.3155;0.31543;14.80327136;14.93513736;14.76;2019-07-26 13:42:15;14.04338085;14
2019-07-26 13:52:47;0.31552;0.31534;0.3155;0.3154533333;14.80437615;14.93624215;14.77;2019-07-26 13:52:15;14.04725373;14.01
2019-07-26 13:53:47;0.31579;0.31599;0.316;0.3159266667;14.82678778;14.95865378;14.77;2019-07-26 13:52:15;14.06852053;14.01
2019-07-26 13:54:47;0.3161;0.31597;0.316;0.3160233333;14.8313648;14.9632308;14.77;2019-07-26 13:52:15;14.07286374;14.01
2019-07-26 13:55:47;0.3161;0.31592;0.316;0.3160066667;14.83057566;14.96244166;14.77;2019-07-26 13:52:15;14.07211491;14.01
2019-07-26 13:56:47;0.31601;0.31592;0.316;0.3159766667;14.8291552;14.9610212;14.77;2019-07-26 13:52:15;14.07076702;14.01
2019-07-26 13:57:47;0.31584;0.31586;0.31662;0.3161066667;14.83531051;14.96717651;14.77;2019-07-26 13:52:15;14.0766079;14.01
2019-07-26 13:58:47;0.31579;0.31583;0.31591;0.3158433333;14.82284207;14.95470807;14.77;2019-07-26 13:52:15;14.06477637;14.01
2019-07-26 13:59:49;0.31596;0.31583;0.31599;0.3159266667;14.82678778;14.95865378;14.77;2019-07-26 13:52:15;14.06852053;14.01
2019-07-26 14:00:47;0.316;0.31598;0.31592;0.3159666667;14.82868172;14.96054772;14.77;2019-07-26 13:52:15;14.07031772;14.01
2019-07-26 14:01:47;0.31607;0.31598;0.31678;0.3162766667;14.84335975;14.97522575;14.77;2019-07-26 13:52:15;14.08424597;14.01
2019-07-26 14:02:46;0.31614;0.31598;0.31615;0.31609;14.83452137;14.96638737;14.78;2019-07-26 14:02:15;14.07865422;14.03
2019-07-26 14:03:47;0.31636;0.316;0.31662;0.3163266667;14.84572718;14.97759318;14.78;2019-07-26 14:02:15;14.08928971;14.03
2019-07-26 14:04:47;0.31617;0.31645;0.31629;0.3163033333;14.84462238;14.97648838;14.78;2019-07-26 14:02:15;14.08824114;14.03
2019-07-26 14:05:47;0.31586;0.31611;0.31629;0.3160866667;14.83436354;14.96622954;14.78;2019-07-26 14:02:15;14.07850442;14.03
2019-07-26 14:06:47;0.316;0.31611;0.31607;0.31606;14.83310091;14.96496691;14.78;2019-07-26 14:02:15;14.07730606;14.03
2019-07-26 14:07:47;0.31592;0.31599;0.31581;0.3159066667;14.82584081;14.95770681;14.78;2019-07-26 14:02:15;14.07041546;14.03
2019-07-26 14:08:47;0.31592;0.31596;0.31591;0.31593;14.82694561;14.95881161;14.78;2019-07-26 14:02:15;14.07146403;14.03
2019-07-26 14:09:47;0.31593;0.31596;0.3159;0.31593;14.82694561;14.95881161;14.78;2019-07-26 14:02:15;14.07146403;14.03
2019-07-26 14:10:47;0.3157;0.31596;0.31559;0.31575;14.81842288;14.95028888;14.78;2019-07-26 14:02:15;14.06337507;14.03
2019-07-26 14:11:47;0.31585;0.31579;0.31559;0.3157433333;14.81810722;14.94997322;14.78;2019-07-26 14:02:15;14.06307547;14.03
2019-07-26 14:12:47;0.31586;0.31598;0.31651;0.3161166667;14.84700297;14.97886897;14.79;2019-07-26 14:12:15;14.07142637;14.02
2019-07-26 14:13:47;0.31578;0.316;0.3165;0.3160933333;14.84589735;14.97776335;14.79;2019-07-26 14:12:15;14.07037843;14.02
2019-07-26 14:14:47;0.3158;0.31604;0.31568;0.31584;14.8338934;14.9657594;14.79;2019-07-26 14:12:15;14.05900071;14.02
2019-07-26 14:15:47;0.31593;0.31616;0.31596;0.3160166667;14.84226457;14.97413057;14.79;2019-07-26 14:12:15;14.06693517;14.02
2019-07-26 14:16:47;0.31588;0.31618;0.31596;0.3160066667;14.84179073;14.97365673;14.79;2019-07-26 14:12:15;14.06648605;14.02
2019-07-26 14:17:47;0.31595;0.3162;0.31665;0.3162666667;14.85411057;14.98597657;14.79;2019-07-26 14:12:15;14.07816318;14.02
2019-07-26 14:18:47;0.31594;0.31619;0.31596;0.31603;14.84289636;14.97476236;14.79;2019-07-26 14:12:15;14.067534;14.02
2019-07-26 14:19:47;0.31595;0.31628;0.31597;0.3160666667;14.84463377;14.97649977;14.79;2019-07-26 14:12:15;14.06918077;14.02
2019-07-26 14:20:47;0.31599;0.31628;0.31597;0.31608;14.84526556;14.97713156;14.79;2019-07-26 14:12:15;14.0697796;14.02
2019-07-26 14:21:46;0.31595;0.31596;0.31597;0.31596;14.83957948;14.97144548;14.79;2019-07-26 14:12:15;14.06439016;14.02
2019-07-26 14:22:47;0.31542;0.31559;0.31596;0.3156566667;14.82520634;14.95707234;14.79;2019-07-26 14:22:15;14.04962488;14.02
2019-07-26 14:23:47;0.31521;0.31535;0.31536;0.3153066667;14.80862194;14.94048794;14.79;2019-07-26 14:22:15;14.03390694;14.02
2019-07-26 14:24:47;0.31537;0.31535;0.31536;0.31536;14.81114909;14.94301509;14.79;2019-07-26 14:22:15;14.03630205;14.02
2019-07-26 14:25:47;0.31541;0.31567;0.31529;0.3154566667;14.81572954;14.94759554;14.79;2019-07-26 14:22:15;14.0406432;14.02
2019-07-26 14:26:47;0.31533;0.31567;0.31529;0.31543;14.81446597;14.94633197;14.79;2019-07-26 14:22:15;14.03944564;14.02
2019-07-26 14:27:47;0.31542;0.3157;0.31529;0.31547;14.81636133;14.94822733;14.79;2019-07-26 14:22:15;14.04124198;14.02
2019-07-26 14:28:46;0.31535;0.31568;0.31548;0.3155033333;14.81794079;14.94980679;14.79;2019-07-26 14:22:15;14.04273893;14.02
2019-07-26 14:29:47;0.31542;0.31568;0.31548;0.3155266667;14.81904642;14.95091242;14.79;2019-07-26 14:22:15;14.04378679;14.02
2019-07-26 14:30:47;0.31554;0.31568;0.31548;0.3155666667;14.82094178;14.95280778;14.79;2019-07-26 14:22:15;14.04558313;14.02
2019-07-26 14:31:47;0.3155;0.31569;0.31548;0.3155566667;14.82046794;14.95233394;14.79;2019-07-26 14:22:15;14.04513404;14.02
2019-07-26 14:32:48;0.3155;0.31534;0.31548;0.31544;14.81493981;14.94680581;14.78;2019-07-26 14:32:15;14.04215296;14.01
2019-07-26 14:33:47;0.31526;0.3159;0.31548;0.3155466667;14.8199941;14.9518601;14.78;2019-07-26 14:32:15;14.04694396;14.01
2019-07-26 14:34:47;0.3151;0.31547;0.31548;0.31535;14.81067525;14.94254125;14.78;2019-07-26 14:32:15;14.03811056;14.01
2019-07-26 14:35:47;0.31516;0.31546;0.31548;0.3153666667;14.81146498;14.94333098;14.78;2019-07-26 14:32:15;14.03885916;14.01
2019-07-26 14:36:47;0.31506;0.31555;0.31548;0.3153633333;14.81130703;14.94317303;14.78;2019-07-26 14:32:15;14.03870944;14.01
2019-07-26 14:37:47;0.31562;0.31555;0.3157;0.3156233333;14.82362687;14.95549287;14.78;2019-07-26 14:32:15;14.05038749;14.01
2019-07-26 14:38:47;0.31568;0.31578;0.31576;0.31574;14.829155;14.961021;14.78;2019-07-26 14:32:15;14.05562764;14.01
2019-07-26 14:39:48;0.31569;0.31599;0.31576;0.3158133333;14.83262983;14.96449583;14.78;2019-07-26 14:32:15;14.05892145;14.01
2019-07-26 14:40:47;0.31552;0.316;0.31576;0.31576;14.83010268;14.96196868;14.78;2019-07-26 14:32:15;14.05652595;14.01
2019-07-26 14:42:14;0.31543;0.31599;0.31576;0.3157266667;14.82852322;14.96038922;14.79;2019-07-26 14:42:02;14.05893306;14.02
2019-07-26 14:42:47;0.31551;0.316;0.31576;0.3157566667;14.82994474;14.96181074;14.79;2019-07-26 14:42:02;14.06028089;14.02
2019-07-26 14:43:47;0.31548;0.316;0.31576;0.3157466667;14.8294709;14.9613369;14.79;2019-07-26 14:42:02;14.05983161;14.02
2019-07-26 14:44:47;0.31551;0.316;0.31576;0.3157566667;14.82994474;14.96181074;14.79;2019-07-26 14:42:02;14.06028089;14.02
2019-07-26 14:45:47;0.31549;0.316;0.31576;0.31575;14.82962884;14.96149484;14.79;2019-07-26 14:42:02;14.05998137;14.02
2019-07-26 14:46:47;0.31545;0.31599;0.31626;0.3159;14.83673644;14.96860244;14.79;2019-07-26 14:42:02;14.06672057;14.02
2019-07-26 14:47:47;0.31538;0.31599;0.31571;0.3156933333;14.82694375;14.95880975;14.79;2019-07-26 14:42:02;14.05743546;14.02
2019-07-26 14:48:47;0.31532;0.31558;0.31545;0.31545;14.81541365;14.94727965;14.79;2019-07-26 14:42:02;14.04650299;14.02
2019-07-26 14:49:47;0.31519;0.31565;0.3153;0.31538;14.81209677;14.94396277;14.79;2019-07-26 14:42:02;14.04335804;14.02
2019-07-26 14:50:47;0.31434;0.3155;0.31497;0.3149366667;14.79108986;14.92295586;14.79;2019-07-26 14:42:02;14.02343998;14.02
2019-07-26 14:51:47;0.31467;0.31456;0.31429;0.3145066667;14.77071475;14.90258075;14.79;2019-07-26 14:42:02;14.00412097;14.02
2019-07-26 14:52:47;0.31489;0.31499;0.31429;0.3147233333;14.78098128;14.91284728;14.75;2019-07-26 14:52:01;14.0102169;13.98
2019-07-26 14:53:47;0.315;0.3154;0.31523;0.31521;14.80404149;14.93590749;14.75;2019-07-26 14:52:01;14.0320762;13.98
2019-07-26 14:54:47;0.31475;0.31497;0.31589;0.3152033333;14.80372559;14.93559159;14.75;2019-07-26 14:52:01;14.03177676;13.98
2019-07-26 14:55:47;0.31472;0.31536;0.31509;0.3150566667;14.79677594;14.92864194;14.75;2019-07-26 14:52:01;14.02518902;13.98
2019-07-26 14:56:47;0.31517;0.31536;0.31509;0.3152066667;14.80388354;14.93574954;14.75;2019-07-26 14:52:01;14.03192648;13.98
2019-07-26 14:57:49;0.31514;0.31552;0.31517;0.3152766667;14.80720042;14.93906642;14.75;2019-07-26 14:52:01;14.03507063;13.98
2019-07-26 14:58:47;0.31556;0.31592;0.31561;0.3156966667;14.8271017;14.9589677;14.75;2019-07-26 14:52:01;14.05393551;13.98
2019-07-26 14:59:47;0.31553;0.31605;0.31585;0.31581;14.83247188;14.96433788;14.75;2019-07-26 14:52:01;14.05902603;13.98
2019-07-26 15:00:47;0.31573;0.31624;0.31587;0.3159466667;14.83894769;14.97081369;14.75;2019-07-26 14:52:01;14.0651646;13.98
2019-07-26 15:01:47;0.31556;0.31599;0.31587;0.3158066667;14.83231394;14.96417994;14.75;2019-07-26 14:52:01;14.05887631;13.98
2019-07-26 15:02:47;0.3155;0.31599;0.31586;0.3157833333;14.8581241;14.9899901;14.82;2019-07-26 15:02:01;14.06713847;14.03
2019-07-26 15:03:47;0.31543;0.31581;0.3155;0.31558;14.84847203;14.98033803;14.82;2019-07-26 15:02:01;14.05799947;14.03
2019-07-26 15:04:47;0.31556;0.31581;0.31541;0.3155933333;14.84910495;14.98097095;14.82;2019-07-26 15:02:01;14.05859875;14.03
2019-07-26 15:05:47;0.31547;0.31599;0.31546;0.31564;14.85132018;14.98318618;14.82;2019-07-26 15:02:01;14.06069623;14.03
2019-07-26 15:06:47;0.31563;0.31623;0.31567;0.3158433333;14.86097225;14.99283825;14.82;2019-07-26 15:02:01;14.06983522;14.03
2019-07-26 15:07:47;0.31544;0.31597;0.31672;0.3160433333;14.8704661;15.0023321;14.82;2019-07-26 15:02:01;14.07882439;14.03
2019-07-26 15:08:47;0.31558;0.31587;0.31538;0.31561;14.8498961;14.9817621;14.82;2019-07-26 15:02:01;14.05934785;14.03
2019-07-26 15:09:47;0.31546;0.31582;0.31498;0.31542;14.84087695;14.97274295;14.82;2019-07-26 15:02:01;14.05080814;14.03
2019-07-26 15:10:47;0.31514;0.31546;0.31501;0.3152033333;14.83059195;14.96245795;14.82;2019-07-26 15:02:01;14.04106987;14.03
2019-07-26 15:11:47;0.315;0.31538;0.31527;0.3152166667;14.83122487;14.96309087;14.82;2019-07-26 15:02:01;14.04166914;14.03
2019-07-26 15:12:46;0.31496;0.31538;0.31472;0.31502;14.82188926;14.95375526;14.8;2019-07-26 15:12:01;14.03208193;14.01
2019-07-26 15:13:47;0.31503;0.31538;0.31479;0.3150666667;14.82410449;14.95597049;14.8;2019-07-26 15:12:01;14.0341793;14.01
2019-07-26 15:14:47;0.3152;0.31544;0.3148;0.3151466667;14.82790203;14.95976803;14.8;2019-07-26 15:12:01;14.03777478;14.01
2019-07-26 15:15:47;0.31549;0.31578;0.31506;0.3154433333;14.84198456;14.97385056;14.8;2019-07-26 15:12:01;14.05110801;14.01
2019-07-26 15:16:47;0.31541;0.316;0.31572;0.31571;14.85464302;14.98650902;14.8;2019-07-26 15:12:01;14.06309294;14.01
2019-07-26 15:17:47;0.31565;0.31593;0.316;0.31586;14.86176341;14.99362941;14.8;2019-07-26 15:12:01;14.06983447;14.01
2019-07-26 15:18:47;0.316;0.31637;0.31649;0.3162866667;14.88201694;15.01388294;14.8;2019-07-26 15:12:01;14.08901035;14.01
2019-07-26 15:19:47;0.31561;0.31637;0.316;0.3159933333;14.86809264;14.99995864;14.8;2019-07-26 15:12:01;14.07582693;14.01
2019-07-26 15:20:47;0.3158;0.3163;0.316;0.3160333333;14.86999141;15.00185741;14.8;2019-07-26 15:12:01;14.07762467;14.01
2019-07-26 15:21:47;0.31564;0.31621;0.31655;0.3161333333;14.87473833;15.00660433;14.8;2019-07-26 15:12:01;14.08211902;14.01
2019-07-26 15:22:47;0.31568;0.31621;0.31667;0.3161866667;14.87727002;15.00913602;14.82;2019-07-26 15:22:01;14.08628524;14.03
2019-07-26 15:23:47;0.3154;0.31561;0.31482;0.3152766667;14.83407303;14.96593903;14.82;2019-07-26 15:22:01;14.04538158;14.03
2019-07-26 15:24:47;0.31532;0.31562;0.31489;0.3152766667;14.83407303;14.96593903;14.82;2019-07-26 15:22:01;14.04538158;14.03
2019-07-26 15:25:47;0.31536;0.31562;0.31479;0.3152566667;14.83312364;14.96498964;14.82;2019-07-26 15:22:01;14.0444826;14.03
2019-07-26 15:27:47;0.31541;0.31519;0.3165;0.3157;14.85416833;14.98603433;14.82;2019-07-26 15:22:01;14.06441002;14.03
2019-07-26 15:28:47;0.3153;0.31521;0.31641;0.31564;14.85132018;14.98318618;14.82;2019-07-26 15:22:01;14.06171308;14.03
2019-07-26 15:30:47;0.31531;0.31535;0.31502;0.3152266667;14.83169957;14.96356557;14.82;2019-07-26 15:22:01;14.04313412;14.03
2019-07-26 15:32:47;0.31536;0.31535;0.31522;0.31531;14.83565533;14.96752133;14.8;2019-07-26 15:32:03;14.04545647;14.01
2019-07-26 15:33:47;0.31516;0.31558;0.31517;0.3153033333;14.83533887;14.96720487;14.8;2019-07-26 15:32:03;14.04515684;14.01
2019-07-26 15:34:47;0.3151;0.31534;0.31503;0.3151566667;14.82837672;14.96024272;14.8;2019-07-26 15:32:03;14.03856497;14.01
2019-07-26 15:35:47;0.31488;0.31502;0.31493;0.3149433333;14.81824995;14.95011595;14.8;2019-07-26 15:32:03;14.0289768;14.01
2019-07-26 15:37:48;0.31512;0.3153;0.31506;0.31516;14.82853495;14.96040095;14.8;2019-07-26 15:32:03;14.03871479;14.01
2019-07-26 15:38:47;0.31533;0.31542;0.31555;0.3154333333;14.84150987;14.97337587;14.8;2019-07-26 15:32:03;14.05099964;14.01
2019-07-26 15:39:47;0.31533;0.31542;0.31532;0.3153566667;14.83787057;14.96973657;14.8;2019-07-26 15:32:03;14.04755389;14.01
2019-07-26 15:40:47;0.31546;0.31588;0.31531;0.31555;14.84704795;14.97891395;14.8;2019-07-26 15:32:03;14.05624317;14.01
2019-07-26 15:41:47;0.31543;0.31588;0.31532;0.3155433333;14.84673149;14.97859749;14.8;2019-07-26 15:32:03;14.05594354;14.01
2019-07-26 15:42:47;0.31556;0.31588;0.31537;0.3156033333;14.84856464;14.98144564;14.81;2019-07-26 15:42:02;14.05523706;14.02
2019-07-26 15:45:47;0.3155;0.31599;0.31558;0.31569;14.85267864;14.98555964;14.81;2019-07-26 15:42:02;14.05913159;14.02
2019-07-26 15:46:48;0.31545;0.31575;0.31567;0.3156233333;14.84951403;14.98239503;14.81;2019-07-26 15:42:02;14.0561358;14.02
2019-07-26 15:47:47;0.31534;0.31575;0.31537;0.3154866667;14.84302656;14.97590756;14.81;2019-07-26 15:42:02;14.04999443;14.02
2019-07-26 15:48:47;0.31603;0.31659;0.31575;0.3161233333;14.87324864;15.00612964;14.81;2019-07-26 15:42:02;14.07860422;14.02
2019-07-26 15:50:47;0.316;0.31639;0.31695;0.3164466667;14.88859702;15.02147802;14.81;2019-07-26 15:42:02;14.09313379;14.02
2019-07-26 15:51:47;0.31596;0.31639;0.31595;0.3161;14.87214102;15.00502202;14.81;2019-07-26 15:42:02;14.07755569;14.02
2019-07-26 15:52:47;0.31596;0.31621;0.31593;0.3160333333;14.86897641;15.00185741;14.83;2019-07-26 15:52:02;14.07796439;14.04
2019-07-26 15:53:47;0.31609;0.31637;0.31592;0.3161266667;14.87340687;15.00628787;14.83;2019-07-26 15:52:02;14.0821595;14.04
2019-07-26 15:54:47;0.31617;0.31644;0.31663;0.3164133333;14.88701471;15.01989571;14.83;2019-07-26 15:52:02;14.09504448;14.04
2019-07-26 15:55:47;0.31613;0.31635;0.31645;0.31631;14.88210956;15.01499056;14.83;2019-07-26 15:52:02;14.0903999;14.04
2019-07-26 15:56:47;0.31646;0.31659;0.31627;0.31644;14.88828056;15.02116156;14.83;2019-07-26 15:52:02;14.09624308;14.04
2019-07-26 15:57:47;0.3166;0.31659;0.31626;0.3164833333;14.89033756;15.02321856;14.83;2019-07-26 15:52:02;14.09819081;14.04
2019-07-26 15:58:47;0.31624;0.31684;0.31627;0.31645;14.88875525;15.02163625;14.83;2019-07-26 15:52:02;14.09669256;14.04
2019-07-26 15:59:47;0.31615;0.31666;0.31607;0.3162933333;14.88131841;15.01419941;14.83;2019-07-26 15:52:02;14.08965077;14.04
2019-07-26 16:00:47;0.31624;0.31665;0.31611;0.3163333333;14.88321718;15.01609818;14.83;2019-07-26 15:52:02;14.09144867;14.04
2019-07-26 16:01:47;0.3158;0.31608;0.31592;0.3159333333;14.86422949;14.99711049;14.83;2019-07-26 15:52:02;14.07346963;14.04
2019-07-26 16:02:47;0.31559;0.31612;0.31569;0.3158;14.86431889;14.99719989;14.83;2019-07-26 16:02:02;14.07260433;14.04
2019-07-26 16:03:47;0.31602;0.31663;0.31598;0.31621;14.88378961;15.01667061;14.83;2019-07-26 16:02:02;14.0910395;14.04
2019-07-26 16:04:47;0.31629;0.31675;0.31646;0.3165;14.89756158;15.03044258;14.83;2019-07-26 16:02:02;14.10407902;14.04
2019-07-26 16:05:47;0.31629;0.3164;0.31649;0.3163933333;14.89249602;15.02537702;14.83;2019-07-26 16:02:02;14.09928287;14.04
2019-07-26 16:06:47;0.31602;0.31635;0.31649;0.3162866667;14.88743047;15.02031147;14.83;2019-07-26 16:02:02;14.09448673;14.04
2019-07-26 16:07:47;0.31616;0.31635;0.31678;0.31643;14.89423731;15.02711831;14.83;2019-07-26 16:02:02;14.10093155;14.04
2019-07-26 16:08:47;0.31603;0.31648;0.31643;0.3163133333;14.88869686;15.02157786;14.83;2019-07-26 16:02:02;14.09568577;14.04
2019-07-26 16:09:47;0.31608;0.31652;0.31639;0.31633;14.88948835;15.02236935;14.83;2019-07-26 16:02:02;14.09643516;14.04
2019-07-26 16:10:47;0.31602;0.31654;0.31639;0.3163166667;14.88885516;15.02173616;14.83;2019-07-26 16:02:02;14.09583565;14.04
2019-07-26 16:11:47;0.31633;0.31684;0.3165;0.3165566667;14.90025265;15.03313365;14.83;2019-07-26 16:02:02;14.10662697;14.04
2019-07-26 16:12:47;0.31618;0.31669;0.3165;0.3164566667;14.89550369;15.02838469;14.85;2019-07-26 16:12:02;14.104611;14.06
2019-07-26 16:13:47;0.31579;0.3166;0.31619;0.3161933333;14.88299811;15.01587911;14.85;2019-07-26 16:12:02;14.09276846;14.06
2019-07-26 16:14:47;0.31543;0.31605;0.31581;0.3157633333;14.86257761;14.99545861;14.85;2019-07-26 16:12:02;14.07343064;14.06
2019-07-26 16:15:47;0.31603;0.31605;0.31611;0.3160633333;14.87682447;15.00970547;14.85;2019-07-26 16:12:02;14.08692214;14.06
2019-07-26 16:16:47;0.31571;0.31605;0.31611;0.3159566667;14.87175892;15.00463992;14.85;2019-07-26 16:12:02;14.08212517;14.06
2019-07-26 16:17:47;0.31566;0.31603;0.31628;0.31599;14.8733419;15.0062229;14.85;2019-07-26 16:12:02;14.08362422;14.06
2019-07-26 16:18:47;0.31574;0.31629;0.31614;0.3160566667;14.87650787;15.00938887;14.85;2019-07-26 16:12:02;14.08662233;14.06
2019-07-26 16:19:47;0.31578;0.31644;0.31614;0.31612;14.87951555;15.01239655;14.85;2019-07-26 16:12:02;14.08947054;14.06
2019-07-26 16:20:47;0.31593;0.3164;0.31614;0.3161566667;14.88125683;15.01413783;14.85;2019-07-26 16:12:02;14.0911195;14.06
2019-07-26 16:21:47;0.31597;0.31661;0.31614;0.31624;14.88521429;15.01809529;14.85;2019-07-26 16:12:02;14.09486714;14.06
2019-07-26 16:22:47;0.31612;0.31619;0.31604;0.3161166667;14.87935725;15.01223825;14.84;2019-07-26 16:22:02;14.08727135;14.05
2019-07-26 16:23:46;0.31621;0.31632;0.31604;0.31619;14.88283981;15.01572081;14.84;2019-07-26 16:22:02;14.0905688;14.05
2019-07-26 16:24:47;0.31611;0.31632;0.31604;0.3161566667;14.88125683;15.01413783;14.84;2019-07-26 16:22:02;14.08906996;14.05
2019-07-26 16:25:47;0.31613;0.31668;0.31608;0.3162966667;14.88790537;15.02078637;14.84;2019-07-26 16:22:02;14.09536508;14.05
2019-07-26 16:26:47;0.31721;0.31722;0.31728;0.3172366667;14.93254554;15.06542654;14.84;2019-07-26 16:22:02;14.13763237;14.05
2019-07-26 16:27:47;0.31759;0.31768;0.31791;0.3177266667;14.95581542;15.08869642;14.84;2019-07-26 16:22:02;14.15966531;14.05
2019-07-26 16:28:47;0.31749;0.3179;0.31799;0.3177933333;14.95898139;15.09186239;14.84;2019-07-26 16:22:02;14.16266299;14.05
2019-07-26 16:29:47;0.31831;0.31853;0.31815;0.31833;14.98446745;15.11734845;14.84;2019-07-26 16:22:02;14.18679431;14.05
2019-07-26 16:30:47;0.31871;0.31897;0.3189;0.31886;15.00963691;15.14251791;14.84;2019-07-26 16:22:02;14.21062587;14.05
2019-07-26 16:31:47;0.32043;0.32003;0.32024;0.3202333333;15.0748559;15.2077369;14.84;2019-07-26 16:22:02;14.27237807;14.05
2019-07-26 16:32:47;0.31999;0.32019;0.32;0.32006;15.06662437;15.19950537;14.97;2019-07-26 16:32:02;14.26582338;14.17
2019-07-26 16:33:47;0.31999;0.32019;0.31989;0.3200233333;15.06488309;15.19776409;14.97;2019-07-26 16:32:02;14.26417452;14.17
2019-07-26 16:34:47;0.31978;0.32009;0.32026;0.3200433333;15.06583288;15.19871388;14.97;2019-07-26 16:32:02;14.2650739;14.17
2019-07-26 16:35:47;0.31983;0.32;0.3198;0.3198766667;15.05791796;15.19079896;14.97;2019-07-26 16:32:02;14.25757906;14.17
2019-07-26 16:36:47;0.32;0.32018;0.32004;0.3200733333;15.06725757;15.20013857;14.97;2019-07-26 16:32:02;14.26642297;14.17
2019-07-26 16:37:47;0.32011;0.32029;0.32004;0.3201466667;15.07074013;15.20362113;14.97;2019-07-26 16:32:02;14.2697207;14.17
2019-07-26 16:38:47;0.32131;0.32114;0.32141;0.3212866667;15.12487822;15.25775922;14.97;2019-07-26 16:32:02;14.32098544;14.17
2019-07-26 16:39:47;0.32099;0.32104;0.32103;0.32102;15.11221434;15.24509534;14.97;2019-07-26 16:32:02;14.30899369;14.17
2019-07-26 16:40:47;0.32211;0.3217;0.32239;0.3220666667;15.16192007;15.29480107;14.97;2019-07-26 16:32:02;14.35606131;14.17
2019-07-26 16:41:47;0.32099;0.32168;0.32158;0.3214166667;15.13105186;15.26393286;14.97;2019-07-26 16:32:02;14.32683142;14.17
2019-07-26 16:42:47;0.32117;0.3219;0.32143;0.3215;15.13500933;15.26789033;15.01;2019-07-26 16:42:02;14.33165699;14.21
2019-07-26 16:43:47;0.32027;0.32136;0.32077;0.3208;15.10176664;15.23464764;15.01;2019-07-26 16:42:02;14.3001763;14.21
2019-07-26 16:44:47;0.32064;0.3209;0.32064;0.3207266667;15.09828407;15.23116507;15.01;2019-07-26 16:42:02;14.29687832;14.21
2019-07-26 16:45:47;0.321;0.32134;0.32148;0.3212733333;15.12424503;15.25712603;15.01;2019-07-26 16:42:02;14.32146324;14.21
2019-07-26 16:46:47;0.32086;0.32166;0.3213;0.3212733333;15.12424503;15.25712603;15.01;2019-07-26 16:42:02;14.32146324;14.21
2019-07-26 16:47:47;0.32122;0.32129;0.32154;0.32135;15.12788589;15.26076689;15.01;2019-07-26 16:42:02;14.32491113;14.21
2019-07-26 16:48:47;0.32064;0.32096;0.321;0.3208666667;15.10493261;15.23781361;15.01;2019-07-26 16:42:02;14.30317446;14.21
2019-07-26 16:49:47;0.31997;0.32028;0.32058;0.3202766667;15.07691378;15.20979478;15.01;2019-07-26 16:42:02;14.27664073;14.21
2019-07-26 16:50:47;0.32001;0.3207;0.32025;0.32032;15.07897166;15.21185266;15.01;2019-07-26 16:42:02;14.27858954;14.21
2019-07-26 16:51:47;0.32006;0.32044;0.32014;0.3202133333;15.0739061;15.2067871;15.01;2019-07-26 16:42:02;14.27379248;14.21
2019-07-26 16:52:47;0.32056;0.32042;0.32014;0.3203733333;15.09287929;15.22576029;14.99;2019-07-26 16:52:02;14.27994909;14.18
2019-07-26 16:53:47;0.32024;0.32042;0.32014;0.3202666667;15.08780995;15.22069095;14.99;2019-07-26 16:52:02;14.27515238;14.18
2019-07-26 16:54:47;0.31955;0.31998;0.31987;0.3198;15.06563159;15.19851259;14.99;2019-07-26 16:52:02;14.25416676;14.18
2019-07-26 16:55:47;0.31978;0.31996;0.3196;0.31978;15.06468109;15.19756209;14.99;2019-07-26 16:52:02;14.25326738;14.18
2019-07-26 16:56:47;0.32002;0.32002;0.3196;0.31988;15.06943359;15.20231459;14.99;2019-07-26 16:52:02;14.2577643;14.18
2019-07-26 16:57:47;0.32005;0.32007;0.31929;0.3198033333;15.06579001;15.19867101;14.99;2019-07-26 16:52:02;14.25431666;14.18
2019-07-26 16:58:47;0.32019;0.32051;0.31985;0.3201833333;15.08384953;15.21673053;14.99;2019-07-26 16:52:02;14.27140495;14.18
2019-07-26 16:59:47;0.31964;0.32001;0.31985;0.3198333333;15.06721576;15.20009676;14.99;2019-07-26 16:52:02;14.25566574;14.18
2019-07-26 17:00:47;0.32024;0.32057;0.31969;0.3201666667;15.08305744;15.21593844;14.99;2019-07-26 16:52:02;14.27065546;14.18
2019-07-26 17:01:47;0.32023;0.32072;0.31969;0.3202133333;15.08527528;15.21815628;14.99;2019-07-26 16:52:02;14.27275402;14.18
2019-07-26 17:02:47;0.3198;0.32066;0.32013;0.3201966667;15.08448319;15.21736419;15;2019-07-26 17:02:04;14.27411684;14.19
2019-07-26 17:03:47;0.31939;0.31943;0.31937;0.3193966667;15.04646315;15.17934415;15;2019-07-26 17:02:04;14.23813622;14.19
2019-07-26 17:04:47;0.31825;0.3191;0.31837;0.3185733333;15.00733419;15.14021519;15;2019-07-26 17:02:04;14.20110617;14.19
2019-07-26 17:05:47;0.31848;0.31888;0.31884;0.3187333333;15.0149382;15.1478192;15;2019-07-26 17:02:04;14.20830229;14.19
2019-07-26 17:06:47;0.31866;0.31915;0.31887;0.3188933333;15.02254221;15.15542321;15;2019-07-26 17:02:04;14.21549842;14.19
2019-07-26 17:07:47;0.31856;0.31902;0.31884;0.3188066667;15.01842337;15.15130437;15;2019-07-26 17:02:04;14.21160051;14.19
2019-07-26 17:08:47;0.31885;0.31945;0.31895;0.3190833333;15.03157197;15.16445297;15;2019-07-26 17:02:04;14.22404381;14.19
2019-07-26 17:09:47;0.31852;0.31905;0.31872;0.3187633333;15.01636395;15.14924495;15;2019-07-26 17:02:04;14.20965156;14.19
2019-07-26 17:10:47;0.31748;0.31824;0.31819;0.31797;14.97866074;15.11154174;15;2019-07-26 17:02:04;14.17397078;14.19
2019-07-26 17:11:47;0.31858;0.31857;0.31877;0.31864;15.01050253;15.14338353;15;2019-07-26 17:02:04;14.20410455;14.19
2019-07-26 17:12:47;0.31875;0.31907;0.31877;0.3188633333;15.02111645;15.15399745;14.95;2019-07-26 17:12:03;14.21161004;14.14
2019-07-26 17:13:47;0.31885;0.31911;0.3191;0.31902;15.02856205;15.16144305;14.95;2019-07-26 17:12:03;14.218655;14.14
2019-07-26 17:14:47;0.31901;0.31928;0.3194;0.31923;15.03854231;15.17142331;14.95;2019-07-26 17:12:03;14.22809824;14.14
2019-07-26 17:15:47;0.31908;0.31937;0.3194;0.3192833333;15.04107698;15.17395798;14.95;2019-07-26 17:12:03;14.23049652;14.14
2019-07-26 17:16:47;0.31921;0.31937;0.3194;0.3193266667;15.0431364;15.1760174;14.95;2019-07-26 17:12:03;14.23244513;14.14
2019-07-26 17:17:47;0.31916;0.31975;0.31957;0.3194933333;15.05105724;15.18393824;14.95;2019-07-26 17:12:03;14.23993976;14.14
2019-07-26 17:18:47;0.31928;0.31968;0.31963;0.31953;15.05279982;15.18568082;14.95;2019-07-26 17:12:03;14.24158858;14.14
2019-07-26 17:19:47;0.31906;0.31967;0.31963;0.3194533333;15.04915624;15.18203724;14.95;2019-07-26 17:12:03;14.23814105;14.14
2019-07-26 17:20:47;0.31943;0.31981;0.31956;0.3196;15.05612658;15.18900758;14.95;2019-07-26 17:12:03;14.24473633;14.14
2019-07-26 17:21:47;0.31941;0.31967;0.31956;0.3195466667;15.05359191;15.18647291;14.95;2019-07-26 17:12:03;14.24233804;14.14
2019-07-26 17:22:47;0.31907;0.31967;0.31956;0.3194333333;15.04820574;15.18108674;14.97;2019-07-26 17:22:02;14.23152219;14.16
2019-07-26 17:23:47;0.31934;0.31969;0.31967;0.3195666667;15.05454241;15.18742341;14.97;2019-07-26 17:22:02;14.23751551;14.16
2019-07-26 17:24:47;0.31941;0.31969;0.31967;0.31959;15.05565133;15.18853233;14.97;2019-07-26 17:22:02;14.23856434;14.16
2019-07-26 17:25:47;0.31968;0.31969;0.31992;0.3197633333;15.063889;15.19677;14.97;2019-07-26 17:22:02;14.24635566;14.16
2019-07-26 17:26:47;0.32002;0.32;0.32056;0.3201933333;15.08432478;15.21720578;14.97;2019-07-26 17:22:02;14.26568412;14.16
2019-07-26 17:27:47;0.32071;0.32114;0.32076;0.32087;15.1164834;15.2493644;14.97;2019-07-26 17:22:02;14.29610022;14.16
2019-07-26 17:28:47;0.32049;0.32067;0.32085;0.32067;15.10697839;15.23985939;14.97;2019-07-26 17:22:02;14.28711024;14.16
2019-07-26 17:29:47;0.32068;0.32086;0.32105;0.3208633333;15.11616656;15.24904756;14.97;2019-07-26 17:22:02;14.29580056;14.16
2019-07-26 17:30:47;0.32082;0.32121;0.32131;0.3211133333;15.12804783;15.26092883;14.97;2019-07-26 17:22:02;14.30703803;14.16
2019-07-26 17:31:47;0.32115;0.32145;0.3217;0.3214333333;15.14325585;15.27613685;14.97;2019-07-26 17:22:02;14.321422;14.16
2019-07-26 17:32:47;0.32176;0.32181;0.32127;0.3216133333;15.15181036;15.28469136;15.03;2019-07-26 17:32:03;14.3311754;14.22
2019-07-26 17:33:47;0.32173;0.32191;0.32172;0.3217866667;15.16004803;15.29292903;15.03;2019-07-26 17:32:03;14.33896761;14.22
2019-07-26 17:34:47;0.32218;0.32265;0.32238;0.3224033333;15.18935515;15.32223615;15.03;2019-07-26 17:32:03;14.36668991;14.22
2019-07-26 17:35:47;0.32413;0.32354;0.32423;0.3239666667;15.26365265;15.39653365;15.03;2019-07-26 17:32:03;14.43696967;14.22
2019-07-26 17:36:46;0.32327;0.32413;0.32421;0.32387;15.25905856;15.39193956;15.03;2019-07-26 17:32:03;14.43262402;14.22
2019-07-26 17:37:47;0.32327;0.32435;0.32388;0.3238333333;15.25731598;15.39019698;15.03;2019-07-26 17:32:03;14.43097566;14.22
2019-07-26 17:38:47;0.32299;0.32328;0.32298;0.3230833333;15.22167219;15.35455319;15.03;2019-07-26 17:32:03;14.39725936;14.22
2019-07-26 17:39:47;0.32303;0.32311;0.3228;0.32298;15.21676126;15.34964226;15.03;2019-07-26 17:32:03;14.392614;14.22
2019-07-26 17:40:47;0.3233;0.32345;0.32389;0.3235466667;15.24369213;15.37657313;15.03;2019-07-26 17:32:03;14.41808854;14.22
2019-07-26 17:41:49;0.3234;0.32368;0.32348;0.32352;15.24242479;15.37530579;15.03;2019-07-26 17:32:03;14.41688974;14.22
2019-07-26 17:42:47;0.32381;0.32402;0.324;0.3239433333;15.26254373;15.39542473;15.12;2019-07-26 17:42:03;14.44302973;14.31
2019-07-26 17:43:47;0.32353;0.32367;0.32365;0.3236166667;15.24701888;15.37989988;15.12;2019-07-26 17:42:03;14.42833724;14.31
2019-07-26 17:44:48;0.32321;0.3236;0.32344;0.3234166667;15.23751387;15.37039487;15.12;2019-07-26 17:42:03;14.41934183;14.31
2019-07-26 17:45:48;0.32353;0.32346;0.323;0.32333;15.23339503;15.36627603;15.12;2019-07-26 17:42:03;14.41544383;14.31
2019-07-26 17:47:47;0.32357;0.32354;0.32366;0.32359;15.24575155;15.37863255;15.12;2019-07-26 17:42:03;14.42713785;14.31
2019-07-26 17:48:46;0.32359;0.32352;0.32378;0.32363;15.24765255;15.38053355;15.12;2019-07-26 17:42:03;14.42893693;14.31
2019-07-26 17:49:48;0.32312;0.32344;0.32388;0.32348;15.24052379;15.37340479;15.12;2019-07-26 17:42:03;14.42219038;14.31
2019-07-26 17:50:47;0.32285;0.32302;0.32281;0.3228933333;15.21264243;15.34552343;15.12;2019-07-26 17:42:03;14.39580386;14.31
2019-07-26 17:51:47;0.32201;0.3228;0.3224;0.3224033333;15.18935515;15.32223615;15.12;2019-07-26 17:42:03;14.37376512;14.31
2019-07-26 17:53:47;0.32214;0.32255;0.3224;0.3223633333;15.19049403;15.32337503;15.09;2019-07-26 17:52:03;14.36165566;14.27
2019-07-26 17:55:47;0.32268;0.32299;0.32198;0.32255;15.19936714;15.33224814;15.09;2019-07-26 17:52:03;14.3700454;14.27
2019-07-26 17:57:47;0.32275;0.32305;0.32285;0.3228833333;15.21521197;15.34809297;15.09;2019-07-26 17:52:03;14.38502708;14.27
2019-07-26 17:58:47;0.32249;0.32293;0.32285;0.3227566667;15.20919093;15.34207193;15.09;2019-07-26 17:52:03;14.37933404;14.27
2019-07-26 17:59:47;0.32264;0.32282;0.32231;0.32259;15.20126852;15.33414952;15.09;2019-07-26 17:52:03;14.3718432;14.27
