2019-07-10 06:00:15;118.98;118.96;119;118.98;56.01377125;56.35309825;56.04;2019-07-10 05:50:41;52.76769391;52.79
2019-07-10 06:01:08;119.025;118.96;119;118.995;56.02087577;56.36020277;55.97;2019-07-10 06:00:41;52.77535655;52.73
2019-07-10 06:02:08;118.96;118.92;119;118.96;56.00429855;56.34362555;55.97;2019-07-10 06:00:41;52.759742;52.73
2019-07-10 06:03:08;118.82;118.92;118.84;118.86;55.95693504;56.29626204;55.97;2019-07-10 06:00:41;52.715129;52.73
2019-07-10 06:04:09;118.86;118.85;118.84;118.85;55.95219869;56.29152569;55.97;2019-07-10 06:00:41;52.7106677;52.73
2019-07-10 06:05:09;118.885;118.83;118.77;118.8283333;55.9419366;56.2812636;55.97;2019-07-10 06:00:41;52.70100155;52.73
2019-07-10 06:06:09;118.845;118.78;118.77;118.7983333;55.92772755;56.26705455;55.97;2019-07-10 06:00:41;52.68761765;52.73
2019-07-10 06:07:08;118.79;118.78;118.77;118.78;55.91904424;56.25837124;55.97;2019-07-10 06:00:41;52.6794386;52.73
2019-07-10 06:08:09;118.91;118.75;118.91;118.8566667;55.95535626;56.29468326;55.97;2019-07-10 06:00:41;52.7136419;52.73
2019-07-10 06:09:08;118.805;118.7;118.72;118.7416667;55.90088823;56.24021523;55.97;2019-07-10 06:00:41;52.66233695;52.73
2019-07-10 06:10:09;118.765;118.7;118.74;118.735;55.89773066;56.23705766;55.97;2019-07-10 06:00:41;52.65936275;52.73
2019-07-10 06:11:09;118.72;118.69;118.74;118.7166667;55.88904735;56.22837435;55.92;2019-07-10 06:10:41;52.65025852;52.68
2019-07-10 06:12:09;118.65;118.58;118.6;118.61;55.83852628;56.17785328;55.92;2019-07-10 06:10:41;52.60267215;52.68
2019-07-10 06:13:09;118.655;118.59;118.6;118.615;55.84089446;56.18022146;55.92;2019-07-10 06:10:41;52.60490276;52.68
2019-07-10 06:14:08;118.405;118.43;118.54;118.4583333;55.76669163;56.10601863;55.92;2019-07-10 06:10:41;52.53501028;52.68
2019-07-10 06:15:08;118.4;118.39;118.39;118.3933333;55.73590535;56.07523235;55.92;2019-07-10 06:10:41;52.50601234;52.68
2019-07-10 06:16:09;118.37;118.38;118.23;118.3266667;55.70432968;56.04365668;55.92;2019-07-10 06:10:41;52.47627085;52.68
2019-07-10 06:17:09;118.34;118.37;118.23;118.3133333;55.69801455;56.03734155;55.92;2019-07-10 06:10:41;52.47032256;52.68
2019-07-10 06:18:09;118.375;118.38;118.26;118.3383333;55.70985543;56.04918243;55.92;2019-07-10 06:10:41;52.48147561;52.68
2019-07-10 06:19:09;118.365;118.36;118.26;118.3283333;55.70511907;56.04444607;55.92;2019-07-10 06:10:41;52.47701439;52.68
2019-07-10 06:20:08;118.325;118.36;118.26;118.315;55.69880394;56.03813094;55.92;2019-07-10 06:10:41;52.4710661;52.68
2019-07-10 06:21:09;118.325;118.35;118.26;118.3116667;55.69722516;56.03655216;55.72;2019-07-10 06:20:41;52.46992437;52.49
2019-07-10 06:22:09;118.375;118.35;118.47;118.3983333;55.73827353;56.07760053;55.72;2019-07-10 06:20:41;52.50858855;52.49
2019-07-10 06:23:08;118.375;118.37;118.47;118.405;55.7414311;56.0807581;55.72;2019-07-10 06:20:41;52.51156271;52.49
2019-07-10 06:24:09;118.43;118.37;118.47;118.4233333;55.7501144;56.0894414;55.72;2019-07-10 06:20:41;52.51974168;52.49
2019-07-10 06:25:08;118.425;118.34;118.26;118.3416667;55.71143421;56.05076121;55.72;2019-07-10 06:20:41;52.48330812;52.49
2019-07-10 06:26:08;118.45;118.34;118.26;118.35;55.71538117;56.05470817;55.72;2019-07-10 06:20:41;52.48702583;52.49
2019-07-10 06:27:09;118.455;118.41;118.26;118.375;55.72722204;56.06654904;55.72;2019-07-10 06:20:41;52.49817896;52.49
2019-07-10 06:28:08;118.465;118.42;118.5;118.4616667;55.76827041;56.10759741;55.72;2019-07-10 06:20:41;52.53684314;52.49
2019-07-10 06:29:09;118.53;118.42;118.53;118.4933333;55.78326886;56.12259586;55.72;2019-07-10 06:20:41;52.55097044;52.49
2019-07-10 06:30:09;118.405;118.28;118.53;118.405;55.7414311;56.0807581;55.72;2019-07-10 06:20:41;52.51156271;52.49
2019-07-10 06:31:09;118.405;118.33;118.24;118.325;55.70354029;56.04286729;55.71;2019-07-10 06:30:41;52.47479531;52.48
2019-07-10 06:32:09;118.39;118.34;118.43;118.3866667;55.73274779;56.07207479;55.71;2019-07-10 06:30:41;52.5023058;52.48
2019-07-10 06:33:09;118.405;118.29;118.41;118.3683333;55.72406448;56.06339148;55.72;2019-07-10 06:32:45;52.48223008;52.48
2019-07-10 06:34:08;118.41;118.29;118.41;118.37;55.72485387;56.06418087;55.72;2019-07-10 06:32:45;52.48297344;52.48
2019-07-10 06:35:08;118.435;118.33;118.4;118.3883333;55.73353718;56.07286418;55.72;2019-07-10 06:32:45;52.49115039;52.48
2019-07-10 06:36:08;118.405;118.32;118.21;118.3116667;55.69722516;56.03655216;55.72;2019-07-10 06:32:45;52.45695586;52.48
2019-07-10 06:37:09;118.28;118.33;118.15;118.2533333;55.66959645;56.00892345;55.72;2019-07-10 06:32:45;52.43093829;52.48
2019-07-10 06:38:08;118.315;118.31;118.15;118.2583333;55.67196462;56.01129162;55.72;2019-07-10 06:32:45;52.43316837;52.48
2019-07-10 06:39:08;118.275;118.36;118.11;118.2483333;55.66722827;56.00655527;55.72;2019-07-10 06:32:45;52.42870821;52.48
2019-07-10 06:40:09;118.35;118.42;118.43;118.4;55.73906292;56.07838992;55.72;2019-07-10 06:32:45;52.4963539;52.48
2019-07-10 06:41:08;118.46;118.38;118.43;118.4233333;55.7501144;56.0894414;55.72;2019-07-10 06:32:45;52.50676093;52.48
2019-07-10 06:42:09;118.345;118.45;118.5;118.4316667;55.75406136;56.09338836;55.72;2019-07-10 06:32:45;52.51047773;52.48
2019-07-10 06:43:08;118.365;118.55;118.5;118.4716667;55.77300677;56.11233377;55.77;2019-07-10 06:42:44;52.52925663;52.53
2019-07-10 06:44:09;118.465;118.55;118.59;118.535;55.80300365;56.14233065;55.77;2019-07-10 06:42:44;52.55750478;52.53
2019-07-10 06:45:08;118.595;118.59;118.59;118.5916667;55.82984297;56.16916997;55.77;2019-07-10 06:42:44;52.58277944;52.53
2019-07-10 06:46:09;118.64;118.62;118.59;118.6166667;55.84168385;56.18101085;55.77;2019-07-10 06:42:44;52.59393003;52.53
2019-07-10 06:47:08;118.655;118.66;118.52;118.6116667;55.83931567;56.17864267;55.77;2019-07-10 06:42:44;52.59169991;52.53
2019-07-10 06:48:08;118.68;118.7;118.52;118.6333333;55.84957777;56.18890477;55.77;2019-07-10 06:42:44;52.60136375;52.53
2019-07-10 06:49:08;118.765;118.72;118.52;118.6683333;55.86615499;56.20548199;55.77;2019-07-10 06:42:44;52.61697457;52.53
2019-07-10 06:50:08;118.72;118.7;118.52;118.6466667;55.8558929;56.1952199;55.77;2019-07-10 06:42:44;52.60731073;52.53
2019-07-10 06:51:09;118.68;118.7;118.52;118.6333333;55.84957777;56.18890477;55.77;2019-07-10 06:42:44;52.60136375;52.53
2019-07-10 06:52:09;118.685;118.76;118.52;118.655;55.85983986;56.19916686;55.77;2019-07-10 06:42:44;52.61102759;52.53
2019-07-10 06:53:08;118.7;118.76;118.52;118.66;55.90082593;56.24015293;55.9;2019-07-10 06:52:44;52.63446202;52.63
2019-07-10 06:54:09;118.765;118.77;118.52;118.685;55.91267494;56.25200194;55.9;2019-07-10 06:52:44;52.64561707;52.63
2019-07-10 06:55:08;118.71;118.77;118.52;118.6666667;55.90398567;56.24331267;55.9;2019-07-10 06:52:44;52.6374367;52.63
2019-07-10 06:56:09;118.685;118.76;118.54;118.6616667;55.90161586;56.24094286;55.9;2019-07-10 06:52:44;52.63520569;52.63
2019-07-10 06:57:09;118.595;118.76;118.48;118.6116667;55.87791784;56.21724484;55.9;2019-07-10 06:52:44;52.61289558;52.63
2019-07-10 06:58:08;118.455;118.64;118.48;118.525;55.83684126;56.17616826;55.9;2019-07-10 06:52:44;52.57422473;52.63
2019-07-10 06:59:09;118.465;118.62;118.48;118.5216667;55.83526139;56.17458839;55.9;2019-07-10 06:52:44;52.57273739;52.63
2019-07-10 07:00:09;118.54;118.64;118.48;118.5533333;55.85027014;56.18959714;55.9;2019-07-10 06:52:44;52.58686713;52.63
2019-07-10 07:01:09;118.59;118.65;118.48;118.5733333;55.85974935;56.19907635;55.9;2019-07-10 06:52:44;52.59579117;52.63
2019-07-10 07:02:08;118.58;118.56;118.45;118.53;55.83921107;56.17853807;55.9;2019-07-10 06:52:44;52.57645574;52.63
2019-07-10 07:03:08;118.555;118.46;118.45;118.4883333;55.81946271;56.15878971;55.82;2019-07-10 07:02:44;52.55628176;52.56
2019-07-10 07:04:09;118.5;118.39;118.45;118.4466667;55.79971436;56.13904136;55.82;2019-07-10 07:02:44;52.53769056;52.56
2019-07-10 07:05:09;118.49;118.39;118.39;118.4233333;55.78865528;56.12798228;55.82;2019-07-10 07:02:44;52.52727949;52.56
2019-07-10 07:06:08;118.445;118.39;118.39;118.4083333;55.78154587;56.12087287;55.82;2019-07-10 07:02:44;52.52058666;52.56
2019-07-10 07:07:08;118.435;118.43;118.64;118.5016667;55.82578218;56.16510918;55.82;2019-07-10 07:02:44;52.56223094;52.56
2019-07-10 07:08:09;118.48;118.35;118.31;118.38;55.76811699;56.10744399;55.82;2019-07-10 07:02:44;52.50794464;52.56
2019-07-10 07:09:09;118.405;118.38;118.31;118.365;55.76100758;56.10033458;55.82;2019-07-10 07:02:44;52.50125181;52.56
2019-07-10 07:10:09;118.195;118.5;118.39;118.3616667;55.75942771;56.09875471;55.82;2019-07-10 07:02:44;52.49976451;52.56
2019-07-10 07:11:08;118.49;118.3;118.25;118.3466667;55.75231831;56.09164531;55.82;2019-07-10 07:02:44;52.49307168;52.56
2019-07-10 07:12:09;118.175;118.21;118.23;118.205;55.6851739;56.0245009;55.82;2019-07-10 07:02:44;52.4298616;52.56
2019-07-10 07:13:09;118.33;118.23;118.23;118.2633333;55.7128216;56.0521486;55.71;2019-07-10 07:12:45;52.45446177;52.45
2019-07-10 07:14:08;118.32;118.26;118.26;118.28;55.72072094;56.06004794;55.71;2019-07-10 07:12:45;52.46189805;52.45
2019-07-10 07:15:08;118.275;118.2;118.46;118.3116667;55.73572969;56.07505669;55.71;2019-07-10 07:12:45;52.47602698;52.45
2019-07-10 07:16:09;118.24;118.17;118.33;118.2466667;55.70492226;56.04424926;55.71;2019-07-10 07:12:45;52.44702549;52.45
2019-07-10 07:17:09;118.175;118.17;118.1;118.1483333;55.65831614;55.99764314;55.71;2019-07-10 07:12:45;52.40315144;52.45
2019-07-10 07:18:08;118.095;118.17;118.1;118.1216667;55.64567719;55.98500419;55.71;2019-07-10 07:12:45;52.3912534;52.45
2019-07-10 07:19:09;118.13;118.18;118.27;118.1933333;55.67964436;56.01897136;55.71;2019-07-10 07:12:45;52.4232294;52.45
2019-07-10 07:20:09;118.08;118.16;118.09;118.11;55.64014766;55.97947466;55.71;2019-07-10 07:12:45;52.386048;52.45
2019-07-10 07:21:09;118.205;118.17;118.09;118.155;55.66147588;56.00080288;55.71;2019-07-10 07:12:45;52.40612596;52.45
2019-07-10 07:22:09;118.215;118.17;118.09;118.1583333;55.66305575;56.00238275;55.71;2019-07-10 07:12:45;52.40761321;52.45
2019-07-10 07:23:08;118.275;118.17;118.09;118.1783333;55.67253496;56.01186196;55.68;2019-07-10 07:22:44;52.41628188;52.42
2019-07-10 07:24:09;118.195;118.17;118.36;118.2416667;55.70255245;56.04187945;55.68;2019-07-10 07:22:44;52.4445396;52.42
2019-07-10 07:25:08;118.215;118.16;118.36;118.245;55.70413232;56.04345932;55.68;2019-07-10 07:22:44;52.44602685;52.42
2019-07-10 07:26:09;118.16;118.14;118.36;118.22;55.69228331;56.03161031;55.68;2019-07-10 07:22:44;52.43487249;52.42
2019-07-10 07:27:09;118.32;118.29;118.4;118.3366667;55.7475787;56.0869057;55.68;2019-07-10 07:22:44;52.48692618;52.42
2019-07-10 07:28:08;118.32;118.27;118.4;118.33;55.74441897;56.08374597;55.68;2019-07-10 07:22:44;52.48395169;52.42
2019-07-10 07:29:09;118.27;118.33;118.4;118.3333333;55.74599883;56.08532583;55.68;2019-07-10 07:22:44;52.48543894;52.42
2019-07-10 07:30:08;118.385;118.33;118.4;118.3716667;55.76416732;56.10349432;55.68;2019-07-10 07:22:44;52.50254229;52.42
2019-07-10 07:31:09;118.31;118.33;118.4;118.3466667;55.75231831;56.09164531;55.68;2019-07-10 07:22:44;52.49138793;52.42
2019-07-10 07:32:09;118.31;118.18;118.2;118.23;55.69702292;56.03634992;55.68;2019-07-10 07:22:44;52.43933423;52.42
2019-07-10 07:33:08;118.275;118.18;118.18;118.2116667;55.68833364;56.02766064;55.68;2019-07-10 07:32:45;52.42966684;52.42
2019-07-10 07:34:08;118.275;118.14;118.34;118.2516667;55.70729206;56.04661906;55.68;2019-07-10 07:32:45;52.44751332;52.42
2019-07-10 07:35:09;118.275;118.24;118.34;118.285;55.72309074;56.06241774;55.68;2019-07-10 07:32:45;52.46238539;52.42
2019-07-10 07:36:09;118.125;118.13;118.34;118.1983333;55.68201417;56.02134117;55.68;2019-07-10 07:32:45;52.42371802;52.42
2019-07-10 07:37:09;118.125;118.19;118.11;118.1416667;55.6551564;55.9944834;55.68;2019-07-10 07:32:45;52.3984355;52.42
2019-07-10 07:38:09;118.15;118.13;118.1;118.1266667;55.648047;55.987374;55.68;2019-07-10 07:32:45;52.39174307;52.42
2019-07-10 07:39:09;118.06;118.13;118.09;118.0933333;55.63224831;55.97157531;55.68;2019-07-10 07:32:45;52.37687101;52.42
2019-07-10 07:40:09;118.08;118.14;118.01;118.0766667;55.62434897;55.96367597;55.68;2019-07-10 07:32:45;52.36943498;52.42
2019-07-10 07:41:09;118.055;118.11;118.01;118.0583333;55.6156597;55.9549867;55.68;2019-07-10 07:32:45;52.36125534;52.42
2019-07-10 07:42:09;118.005;118.1;118.17;118.0916667;55.63145838;55.97078538;55.68;2019-07-10 07:32:45;52.37612741;52.42
2019-07-10 07:43:09;118.005;118.07;118.16;118.0783333;55.55602175;55.89534875;55.59;2019-07-10 07:42:45;52.33102103;52.36
2019-07-10 07:44:09;118.035;118.07;118.01;118.0383333;55.53708675;55.87641375;55.59;2019-07-10 07:42:45;52.31318781;52.36
2019-07-10 07:45:09;118.08;118.07;118.01;118.0533333;55.54418737;55.88351437;55.59;2019-07-10 07:42:45;52.31987527;52.36
2019-07-10 07:46:09;118.07;118.07;118.01;118.05;55.54260946;55.88193646;55.59;2019-07-10 07:42:45;52.31838917;52.36
2019-07-10 07:47:09;118.07;118.07;118.01;118.05;55.54260946;55.88193646;55.59;2019-07-10 07:42:45;52.31838917;52.36
2019-07-10 07:48:09;118.035;118.06;118;118.0316667;55.53393091;55.87325791;55.59;2019-07-10 07:42:45;52.31021561;52.36
2019-07-10 07:49:08;118.005;117.87;117.83;117.9016667;55.47239214;55.81171914;55.59;2019-07-10 07:42:45;52.25225766;52.36
2019-07-10 07:50:09;118.005;117.92;117.83;117.9183333;55.48028173;55.81960873;55.59;2019-07-10 07:42:45;52.25968817;52.36
2019-07-10 07:51:09;118.005;117.94;118.02;117.9883333;55.51341799;55.85274499;55.59;2019-07-10 07:42:45;52.2908963;52.36
2019-07-10 07:52:08;118;117.93;118.02;117.9833333;55.51105111;55.85037811;55.59;2019-07-10 07:42:45;52.28866714;52.36
2019-07-10 07:53:09;118.005;117.93;118.02;117.985;55.51184007;55.85116707;55.52;2019-07-10 07:52:45;52.29331205;52.3
2019-07-10 07:54:08;117.96;117.93;117.8;117.8966667;55.47002527;55.80935227;55.52;2019-07-10 07:52:45;52.25392745;52.3
2019-07-10 07:55:08;118.005;117.93;117.8;117.9116667;55.4771259;55.8164529;55.52;2019-07-10 07:52:45;52.2606154;52.3
2019-07-10 07:56:09;118.08;118.01;117.86;117.9833333;55.51105111;55.85037811;55.52;2019-07-10 07:52:45;52.29256894;52.3
2019-07-10 07:57:09;118.025;118.01;117.86;117.965;55.50237257;55.84169957;55.52;2019-07-10 07:52:45;52.28439478;52.3
2019-07-10 07:58:09;117.995;118.01;117.83;117.945;55.49290507;55.83223207;55.52;2019-07-10 07:52:45;52.27547751;52.3
2019-07-10 07:59:10;118.04;117.93;117.83;117.9333333;55.48738236;55.82670936;55.52;2019-07-10 07:52:45;52.27027577;52.3
2019-07-10 08:00:09;118.04;117.95;117.83;117.94;55.49053819;55.82986519;55.52;2019-07-10 07:52:45;52.27324819;52.3
2019-07-10 08:01:08;117.945;118.03;117.83;117.935;55.48817132;55.82749832;55.52;2019-07-10 07:52:45;52.27101888;52.3
2019-07-10 08:02:08;118.03;118.08;117.83;117.98;55.5094732;55.8488002;55.52;2019-07-10 07:52:45;52.29108273;52.3
2019-07-10 08:03:09;118.095;118.1;118.1;118.0983333;55.56548926;55.90481626;55.54;2019-07-10 08:02:45;52.34006241;52.32
2019-07-10 08:04:08;118;118.12;118.1;118.0733333;55.55365488;55.89298188;55.54;2019-07-10 08:02:45;52.32891663;52.32
2019-07-10 08:05:09;118;118.13;118.1;118.0766667;55.55523279;55.89455979;55.54;2019-07-10 08:02:45;52.33040273;52.32
2019-07-10 08:06:09;118;118.07;118.1;118.0566667;55.54576529;55.88509229;55.54;2019-07-10 08:02:45;52.3214861;52.32
2019-07-10 08:07:08;117.96;118.07;118.1;118.0433333;55.53945362;55.87878062;55.54;2019-07-10 08:02:45;52.31554169;52.32
2019-07-10 08:08:09;117.985;118.07;118.1;118.0516667;55.54339842;55.88272542;55.54;2019-07-10 08:02:45;52.31925695;52.32
2019-07-10 08:09:09;117.975;118.06;118.1;118.045;55.54024258;55.87956958;55.54;2019-07-10 08:02:45;52.31628474;52.32
2019-07-10 08:10:09;117.975;118.06;118.1;118.045;55.54024258;55.87956958;55.54;2019-07-10 08:02:45;52.31628474;52.32
2019-07-10 08:11:09;117.98;118;117.84;117.94;55.49053819;55.82986519;55.54;2019-07-10 08:02:45;52.26947244;52.32
2019-07-10 08:12:08;117.98;118.06;117.84;117.96;55.50000569;55.83933269;55.54;2019-07-10 08:02:45;52.27838907;52.32
2019-07-10 08:13:09;117.975;118.06;117.84;117.9583333;55.49921674;55.83854374;55.5;2019-07-10 08:12:45;52.28222935;52.28
2019-07-10 08:14:09;117.985;118;117.84;117.9416667;55.49132715;55.83065415;55.5;2019-07-10 08:12:45;52.27479818;52.28
2019-07-10 08:15:08;118.065;118;117.84;117.9683333;55.50395049;55.84327749;55.5;2019-07-10 08:12:45;52.28668805;52.28
2019-07-10 08:16:09;118.015;118;117.84;117.9516667;55.4960609;55.8353879;55.5;2019-07-10 08:12:45;52.27925688;52.28
2019-07-10 08:17:09;118.015;118.01;117.84;117.955;55.49763882;55.83696582;55.5;2019-07-10 08:12:45;52.28074312;52.28
2019-07-10 08:18:09;118.015;118.02;117.84;117.9583333;55.49921674;55.83854374;55.5;2019-07-10 08:12:45;52.28222935;52.28
2019-07-10 08:19:08;118.015;118.02;117.84;117.9583333;55.49921674;55.83854374;55.5;2019-07-10 08:12:45;52.28222935;52.28
2019-07-10 08:20:09;117.92;118;117.85;117.9233333;55.48264861;55.82197561;55.5;2019-07-10 08:12:45;52.26662389;52.28
2019-07-10 08:21:08;117.93;118;117.85;117.9266667;55.48422652;55.82355352;55.5;2019-07-10 08:12:45;52.26811013;52.28
2019-07-10 08:22:09;117.945;118.01;117.85;117.935;55.48817132;55.82749832;55.5;2019-07-10 08:12:45;52.27182571;52.28
2019-07-10 08:23:08;117.975;118.01;117.85;117.945;55.49290507;55.83223207;55.49;2019-07-10 08:22:45;52.2737154;52.27
2019-07-10 08:24:08;117.975;118;117.85;117.9416667;55.49132715;55.83065415;55.49;2019-07-10 08:22:45;52.27222924;52.27
2019-07-10 08:25:08;118.025;118.11;118.06;118.065;55.54971008;55.88903708;55.49;2019-07-10 08:22:45;52.32721722;52.27
2019-07-10 08:26:09;118.105;118.24;118.06;118.135;55.58284635;55.92217335;55.49;2019-07-10 08:22:45;52.35842662;52.27
2019-07-10 08:27:09;118.23;118.19;118.06;118.16;55.59468072;55.93400772;55.49;2019-07-10 08:22:45;52.36957283;52.27
2019-07-10 08:28:09;118.16;118.27;118.06;118.1633333;55.59625864;55.93558564;55.49;2019-07-10 08:22:45;52.37105899;52.27
2019-07-10 08:29:09;118.19;118.31;118.06;118.1866667;55.60730406;55.94663106;55.49;2019-07-10 08:22:45;52.38146212;52.27
2019-07-10 08:30:08;118.125;118.31;118.06;118.165;55.5970476;55.9363746;55.49;2019-07-10 08:22:45;52.37180207;52.27
2019-07-10 08:31:09;118.19;118.31;118.06;118.1866667;55.60730406;55.94663106;55.49;2019-07-10 08:22:45;52.38146212;52.27
2019-07-10 08:32:08;118.165;118.23;118.06;118.1516667;55.59073593;55.93006293;55.49;2019-07-10 08:22:45;52.36585742;52.27
2019-07-10 08:33:09;118.12;118.23;118.13;118.16;55.59468072;55.93400772;55.62;2019-07-10 08:32:45;52.36919389;52.39
2019-07-10 08:34:09;118.135;118.19;118.13;118.1516667;55.59073593;55.93006293;55.62;2019-07-10 08:32:45;52.36547851;52.39
2019-07-10 08:35:08;118.115;118.19;118.21;118.1716667;55.60020343;55.93953043;55.62;2019-07-10 08:32:45;52.37439542;52.39
2019-07-10 08:36:09;118.095;118.18;118;118.0916667;55.56233342;55.90166042;55.62;2019-07-10 08:32:45;52.33872779;52.39
2019-07-10 08:37:09;118.095;118.18;118;118.0916667;55.56233342;55.90166042;55.62;2019-07-10 08:32:45;52.33872779;52.39
2019-07-10 08:38:09;117.99;118.1;118;118.03;55.53314195;55.87246895;55.62;2019-07-10 08:32:45;52.311234;52.39
2019-07-10 08:39:09;117.935;118.03;118;117.9883333;55.51341799;55.85274499;55.62;2019-07-10 08:32:45;52.29265711;52.39
2019-07-10 08:40:09;118.04;118.23;118;118.09;55.56154446;55.90087146;55.62;2019-07-10 08:32:45;52.33798472;52.39
2019-07-10 08:41:09;118.05;118.07;118.17;118.0966667;55.5647003;55.9040273;55.62;2019-07-10 08:32:45;52.34095702;52.39
2019-07-10 08:42:08;117.94;117.99;117.82;117.9166667;55.47949277;55.81881977;55.62;2019-07-10 08:32:45;52.26070487;52.39
2019-07-10 08:43:08;117.975;117.98;117.99;117.9816667;55.47467299;55.81399999;55.49;2019-07-10 08:42:45;52.25292121;52.27
2019-07-10 08:44:08;117.975;118.08;118.07;118.0416667;55.5030574;55.8423844;55.49;2019-07-10 08:42:45;52.27965323;52.27
2019-07-10 08:45:08;118.09;118.06;118.08;118.0766667;55.51961497;55.85894197;55.49;2019-07-10 08:42:45;52.29524691;52.27
2019-07-10 08:46:09;118.275;118.38;118.35;118.335;55.64182562;55.98115262;55.49;2019-07-10 08:42:45;52.41034311;52.27
2019-07-10 08:47:09;118.405;118.4;118.14;118.315;55.63236415;55.97169115;55.49;2019-07-10 08:42:45;52.40143243;52.27
2019-07-10 08:48:08;118.515;118.59;118.46;118.5216667;55.73013268;56.06945968;55.49;2019-07-10 08:42:45;52.49350939;52.27
2019-07-10 08:49:09;118.61;118.71;118.54;118.62;55.77665157;56.11597857;55.49;2019-07-10 08:42:45;52.5373202;52.27
2019-07-10 08:50:08;118.625;118.87;118.83;118.775;55.84997796;56.18930496;55.49;2019-07-10 08:42:45;52.60637792;52.27
2019-07-10 08:51:09;118.88;118.91;118.9;118.8966667;55.90753524;56.24686224;55.49;2019-07-10 08:42:45;52.66058452;52.27
2019-07-10 08:52:08;118.785;118.97;118.9;118.885;55.90201605;56.24134305;55.49;2019-07-10 08:42:45;52.65538663;52.27
2019-07-10 08:53:08;118.74;118.97;118.75;118.82;55.87126627;56.21059327;55.86;2019-07-10 08:52:45;52.6274257;52.62
2019-07-10 08:54:09;118.765;118.81;118.75;118.775;55.84997796;56.18930496;55.86;2019-07-10 08:52:45;52.60737631;52.62
2019-07-10 08:55:08;118.805;119.2;118.75;118.9183333;55.91778516;56.25711216;55.86;2019-07-10 08:52:45;52.67123734;52.62
2019-07-10 08:56:08;118.74;118.82;118.7;118.7533333;55.83972804;56.17905504;55.86;2019-07-10 08:52:45;52.5977229;52.62
2019-07-10 08:57:09;118.74;118.88;118.67;118.7633333;55.84445877;56.18378577;55.86;2019-07-10 08:52:45;52.60217832;52.62
2019-07-10 08:58:08;118.765;118.88;118.72;118.7883333;55.85628561;56.19561261;55.86;2019-07-10 08:52:45;52.61331687;52.62
2019-07-10 08:59:09;118.765;118.85;118.68;118.765;55.84524723;56.18457423;55.86;2019-07-10 08:52:45;52.60292089;52.62
2019-07-10 09:00:09;118.665;118.85;118.68;118.7316667;55.82947811;56.16880511;55.86;2019-07-10 08:52:45;52.58806948;52.62
2019-07-10 09:01:08;118.64;118.74;118.77;118.7166667;55.82238201;56.16170901;55.86;2019-07-10 08:52:45;52.58138635;52.62
2019-07-10 09:02:09;118.675;118.95;118.77;118.7983333;55.86101634;56.20034334;55.86;2019-07-10 08:52:45;52.61777229;52.62
2019-07-10 09:03:09;118.765;118.85;118.8;118.805;55.86417017;56.20349717;55.89;2019-07-10 09:02:45;52.61846639;52.64
2019-07-10 09:04:09;118.75;118.94;118.67;118.7866667;55.85549715;56.19482415;55.89;2019-07-10 09:02:45;52.61029847;52.64
2019-07-10 09:05:09;118.74;118.96;118.67;118.79;55.85707407;56.19640107;55.89;2019-07-10 09:02:45;52.61178355;52.64
2019-07-10 09:06:09;118.72;119.03;118.67;118.8066667;55.86495862;56.20428562;55.89;2019-07-10 09:02:45;52.61920893;52.64
2019-07-10 09:07:08;118.775;119;118.67;118.815;55.8689009;56.2082279;55.89;2019-07-10 09:02:45;52.62292162;52.64
2019-07-10 09:08:09;118.765;118.99;118.71;118.8216667;55.87205473;56.21138173;55.89;2019-07-10 09:02:45;52.62589177;52.64
2019-07-10 09:09:08;118.715;118.85;118.62;118.7283333;55.8279012;56.1672282;55.89;2019-07-10 09:02:45;52.58430964;52.64
2019-07-10 09:10:08;118.635;118.72;118.62;118.6583333;55.79478605;56.13411305;55.89;2019-07-10 09:02:45;52.55312303;52.64
2019-07-10 09:11:09;118.735;118.96;118.59;118.7616667;55.84367032;56.18299732;55.89;2019-07-10 09:02:45;52.5991604;52.64
2019-07-10 09:12:09;118.69;118.84;118.59;118.7066667;55.81765127;56.15697827;55.89;2019-07-10 09:02:45;52.57465664;52.64
2019-07-10 09:13:09;118.645;118.73;118.59;118.655;55.79320914;56.13253614;55.83;2019-07-10 09:12:45;52.54658897;52.58
2019-07-10 09:14:09;118.53;118.64;118.37;118.5133333;55.7261904;56.0655174;55.83;2019-07-10 09:12:45;52.48347925;52.58
2019-07-10 09:15:09;118.405;118.61;118.37;118.4616667;55.70174827;56.04107527;55.83;2019-07-10 09:12:45;52.46046277;52.58
2019-07-10 09:16:08;118.445;118.7;118.59;118.5783333;55.75694017;56.09626717;55.83;2019-07-10 09:12:45;52.51243548;52.58
2019-07-10 09:17:08;118.575;118.7;118.77;118.6816667;55.80582444;56.14515144;55.83;2019-07-10 09:12:45;52.55846845;52.58
2019-07-10 09:18:08;118.785;118.9;118.85;118.845;55.88309311;56.22242011;55.83;2019-07-10 09:12:45;52.63123024;52.58
2019-07-10 09:19:09;118.8;118.87;118.85;118.84;55.88072774;56.22005474;55.83;2019-07-10 09:12:45;52.62900284;52.58
2019-07-10 09:20:08;118.83;119.01;118.74;118.86;55.89018921;56.22951621;55.83;2019-07-10 09:12:45;52.63791245;52.58
2019-07-10 09:21:08;118.875;118.95;118.74;118.855;55.88782384;56.22715084;55.83;2019-07-10 09:12:45;52.63568505;52.58
2019-07-10 09:22:09;119.245;119.56;119.32;119.375;56.13382206;56.47314906;55.83;2019-07-10 09:12:45;52.86733484;52.58
2019-07-10 09:23:09;119.335;119.64;119.22;119.3983333;56.14486044;56.48418744;56.15;2019-07-10 09:22:45;52.82925821;52.83
2019-07-10 09:24:09;119.345;119.57;119.22;119.3783333;56.13539897;56.47472597;56.15;2019-07-10 09:22:45;52.82035672;52.83
2019-07-10 09:25:09;119.38;119.59;119.22;119.3966667;56.14407199;56.48339899;56.15;2019-07-10 09:22:45;52.82851642;52.83
2019-07-10 09:26:08;119.42;119.64;119.44;119.5;56.19295625;56.53228325;56.15;2019-07-10 09:22:45;52.87450744;52.83
2019-07-10 09:27:08;119.41;119.48;119.38;119.4233333;56.15668728;56.49601428;56.15;2019-07-10 09:22:45;52.84038507;52.83
2019-07-10 09:28:09;119.435;119.5;119.38;119.4383333;56.16378338;56.50311038;56.15;2019-07-10 09:22:45;52.84706119;52.83
2019-07-10 09:29:09;119.435;119.5;119.3;119.4116667;56.15116809;56.49049509;56.15;2019-07-10 09:22:45;52.83519253;52.83
2019-07-10 09:30:09;119.335;119.53;119.41;119.425;56.15747574;56.49680274;56.15;2019-07-10 09:22:45;52.84112686;52.83
2019-07-10 09:31:09;119.3;119.48;119.41;119.3966667;56.14407199;56.48339899;56.15;2019-07-10 09:22:45;52.82851642;52.83
2019-07-10 09:32:09;119.31;119.48;119.49;119.4266667;56.15826419;56.49759119;56.15;2019-07-10 09:22:45;52.84186865;52.83
2019-07-10 09:33:08;119.315;119.5;119.49;119.435;56.22658194;56.56590894;56.24;2019-07-10 09:32:45;52.89737727;52.91
2019-07-10 09:34:08;119.305;119.5;119.49;119.4316667;56.22500323;56.56433023;56.24;2019-07-10 09:32:45;52.89589224;52.91
2019-07-10 09:35:08;119.265;119.52;119.49;119.425;56.22184581;56.56117281;56.24;2019-07-10 09:32:45;52.89292219;52.91
2019-07-10 09:36:08;119.23;119.52;119.49;119.4133333;56.21632033;56.55564733;56.24;2019-07-10 09:32:45;52.88772459;52.91
2019-07-10 09:37:08;119.3;119.54;119.49;119.4433333;56.23052871;56.56985571;56.24;2019-07-10 09:32:45;52.90108984;52.91
2019-07-10 09:38:09;119.23;119.54;119.16;119.31;56.16738038;56.50670738;56.24;2019-07-10 09:32:45;52.84168876;52.91
2019-07-10 09:39:09;119.23;119.54;119.16;119.31;56.16738038;56.50670738;56.24;2019-07-10 09:32:45;52.84168876;52.91
2019-07-10 09:40:08;119.23;119.54;119.35;119.3733333;56.19737583;56.53670283;56.24;2019-07-10 09:32:45;52.86990427;52.91
2019-07-10 09:41:09;119.315;119.54;119.47;119.4416667;56.22973935;56.56906635;56.24;2019-07-10 09:32:45;52.90034732;52.91
2019-07-10 09:42:08;119.315;119.52;119.41;119.415;56.21710969;56.55643669;56.24;2019-07-10 09:32:45;52.88846711;52.91
2019-07-10 09:43:08;119.23;119.5;119.16;119.2966667;56.16106554;56.50039254;56.24;2019-07-10 09:42:45;52.83723164;52.91
2019-07-10 09:44:08;119.215;119.45;119.16;119.275;56.15080394;56.49013094;56.24;2019-07-10 09:42:45;52.8275787;52.91
2019-07-10 09:45:18;119.15;119.4;119.16;119.2366667;56.13264879;56.47197579;56.24;2019-07-10 09:42:45;52.81050041;52.91
2019-07-10 09:46:08;119.12;119.4;119.15;119.2233333;56.12633396;56.46566096;56.24;2019-07-10 09:42:45;52.80456014;52.91
2019-07-10 09:47:09;119.1;119.28;119.15;119.1766667;56.10423204;56.44355904;56.24;2019-07-10 09:42:45;52.78376918;52.91
2019-07-10 09:49:09;119.1;119.24;119.15;119.1633333;56.09791721;56.43724421;56.24;2019-07-10 09:42:45;52.77782891;52.91
2019-07-10 09:50:09;119.03;119.2;119.15;119.1266667;56.08055142;56.41987842;56.24;2019-07-10 09:42:45;52.76149315;52.91
2019-07-10 09:51:09;119.08;119.2;119.15;119.1433333;56.08844496;56.42777196;56.24;2019-07-10 09:42:45;52.76891849;52.91
2019-07-10 09:52:08;119.08;119.24;119.15;119.1566667;56.09475979;56.43408679;56.24;2019-07-10 09:42:45;52.77485877;52.91
2019-07-10 09:53:09;119.08;119.24;119.15;119.1566667;56.09475979;56.43408679;56.11;2019-07-10 09:52:45;52.77218008;52.79
2019-07-10 09:54:09;119.045;119.24;119.15;119.145;56.08923431;56.42856131;56.11;2019-07-10 09:52:45;52.7669826;52.79
2019-07-10 09:55:08;119.06;119.24;119.15;119.15;56.09160238;56.43092938;56.11;2019-07-10 09:52:45;52.76921009;52.79
2019-07-10 09:56:09;119.075;119.25;119.15;119.1583333;56.09554915;56.43487615;56.11;2019-07-10 09:52:45;52.77292257;52.79
2019-07-10 09:57:08;119.075;119.19;119.15;119.1383333;56.0860769;56.4254039;56.11;2019-07-10 09:52:45;52.76401261;52.79
2019-07-10 09:58:09;119.015;119.19;119.02;119.075;56.05608144;56.39540844;56.11;2019-07-10 09:52:45;52.73579774;52.79
2019-07-10 09:59:09;119.035;119.33;119.26;119.2083333;56.11922977;56.45855677;56.11;2019-07-10 09:52:45;52.79519748;52.79
2019-07-10 10:00:09;119.115;119.33;119.26;119.235;56.13185944;56.47118644;56.11;2019-07-10 09:52:45;52.80707743;52.79
2019-07-10 10:01:09;119.065;119.2;118.97;119.0783333;56.05766015;56.39698715;56.11;2019-07-10 09:52:45;52.73728273;52.79
2019-07-10 10:02:08;118.925;119.14;118.96;119.0083333;56.02450727;56.36383427;56.11;2019-07-10 09:52:45;52.70609786;52.79
2019-07-10 10:03:09;118.94;119.11;118.96;119.0033333;56.02213921;56.36146621;56.07;2019-07-10 10:02:46;52.7069327;52.75
2019-07-10 10:04:08;118.895;119.13;118.96;118.995;56.01819244;56.35751944;56.07;2019-07-10 10:02:46;52.70322;52.75
2019-07-10 10:05:08;118.955;119.1;118.82;118.9583333;56.00082665;56.34015365;56.07;2019-07-10 10:02:46;52.68688413;52.75
2019-07-10 10:06:08;118.985;119.1;119.08;119.055;56.04660919;56.38593619;56.07;2019-07-10 10:02:46;52.72995143;52.75
2019-07-10 10:07:08;119.035;119.23;119.26;119.175;56.10344269;56.44276969;56.07;2019-07-10 10:02:46;52.78341428;52.75
2019-07-10 10:08:09;119.145;119.34;119.26;119.2483333;56.13817427;56.47750127;56.07;2019-07-10 10:02:46;52.81608603;52.75
2019-07-10 10:09:08;119.055;119.1;119.26;119.1383333;56.0860769;56.4254039;56.07;2019-07-10 10:02:46;52.76707841;52.75
2019-07-10 10:10:09;119.115;119.13;119.26;119.1683333;56.10028527;56.43961227;56.07;2019-07-10 10:02:46;52.78044413;52.75
2019-07-10 10:11:08;119.095;119.2;118.94;119.0783333;56.05766015;56.39698715;56.07;2019-07-10 10:02:46;52.74034698;52.75
2019-07-10 10:12:09;119.02;119.15;118.94;119.0366667;56.03792629;56.37725329;56.07;2019-07-10 10:02:46;52.72178349;52.75
2019-07-10 10:13:09;119.035;119.15;118.94;119.0416667;56.04029435;56.37962135;56.07;2019-07-10 10:12:46;52.72549551;52.75
2019-07-10 10:14:09;119.01;119.15;118.94;119.0333333;56.03634758;56.37567458;56.07;2019-07-10 10:12:46;52.7217827;52.75
2019-07-10 10:15:09;119.01;119.13;118.94;119.0266667;56.03319017;56.37251717;56.07;2019-07-10 10:12:46;52.71881246;52.75
2019-07-10 10:16:08;119.01;119.15;118.94;119.0333333;56.03634758;56.37567458;56.07;2019-07-10 10:12:46;52.7217827;52.75
2019-07-10 10:17:09;119.02;119.15;119.18;119.1166667;56.07581529;56.41514229;56.07;2019-07-10 10:12:46;52.75891073;52.75
2019-07-10 10:18:14;119.105;119.16;119.18;119.1483333;56.09081302;56.43014002;56.07;2019-07-10 10:12:46;52.77301937;52.75
2019-07-10 10:19:09;119.06;119.17;119.18;119.1366667;56.08528754;56.42461454;56.07;2019-07-10 10:12:46;52.76782145;52.75
2019-07-10 10:20:09;119.04;119.17;119.18;119.13;56.08213013;56.42145713;56.07;2019-07-10 10:12:46;52.76485121;52.75
2019-07-10 10:21:23;119.005;119.16;118.9;119.0216667;56.0308221;56.3701491;56.07;2019-07-10 10:12:46;52.71658478;52.75
2019-07-10 10:22:09;119.05;119.23;118.9;119.06;56.04897725;56.38830425;56.07;2019-07-10 10:12:46;52.73366367;52.75
2019-07-10 10:23:09;119.005;119.11;118.95;119.0216667;56.0308221;56.3701491;56.06;2019-07-10 10:22:46;52.71549601;52.74
2019-07-10 10:24:08;119.005;119.17;118.95;119.0416667;56.04029435;56.37962135;56.06;2019-07-10 10:22:46;52.72440655;52.74
2019-07-10 10:25:09;118.87;119.16;118.85;118.96;56.001616;56.340943;56.06;2019-07-10 10:22:46;52.68802184;52.74
2019-07-10 10:26:09;118.805;119.05;118.85;118.9016667;55.9739886;56.3133156;56.06;2019-07-10 10:22:46;52.66203275;52.74
2019-07-10 10:27:08;118.875;119.1;118.95;118.975;56.00872019;56.34804719;56.06;2019-07-10 10:22:46;52.69470474;52.74
2019-07-10 10:28:08;118.875;119.1;118.95;118.975;56.00872019;56.34804719;56.06;2019-07-10 10:22:46;52.69470474;52.74
2019-07-10 10:29:08;118.875;119.1;118.95;118.975;56.00872019;56.34804719;56.06;2019-07-10 10:22:46;52.69470474;52.74
2019-07-10 10:30:08;118.8;119;118.95;118.9166667;55.98109279;56.32041979;56.06;2019-07-10 10:22:46;52.66871566;52.74
2019-07-10 10:31:08;118.785;119;118.95;118.9116667;55.97872473;56.31805173;56.06;2019-07-10 10:22:46;52.66648803;52.74
2019-07-10 10:32:08;118.71;118.85;118.95;118.8366667;55.94320379;56.28253079;56.06;2019-07-10 10:22:46;52.63307349;52.74
2019-07-10 10:33:08;118.765;118.87;118.95;118.8616667;55.94494086;56.28426786;55.97;2019-07-10 10:32:46;52.65252152;52.68
2019-07-10 10:34:09;118.73;118.97;118.95;118.8833333;55.95520063;56.29452763;55.97;2019-07-10 10:32:46;52.66217612;52.68
2019-07-10 10:35:09;118.705;118.9;118.63;118.745;55.88969599;56.22902299;55.97;2019-07-10 10:32:46;52.6005352;52.68
2019-07-10 10:36:09;118.765;119.16;118.91;118.945;55.98440149;56.32372849;55.97;2019-07-10 10:32:46;52.6896546;52.68
2019-07-10 10:37:09;118.865;119.1;118.91;118.9583333;55.99071519;56.33004219;55.97;2019-07-10 10:32:46;52.6955959;52.68
2019-07-10 10:38:09;118.895;119.08;118.95;118.975;55.99860731;56.33793431;55.97;2019-07-10 10:32:46;52.70302251;52.68
2019-07-10 10:39:08;118.835;119.1;118.95;118.9616667;55.99229361;56.33162061;55.97;2019-07-10 10:32:46;52.69708122;52.68
2019-07-10 10:40:08;118.725;118.87;118.95;118.8483333;55.93862716;56.27795416;55.97;2019-07-10 10:32:46;52.64658022;52.68
2019-07-10 10:41:08;118.695;118.87;118.88;118.815;55.92284291;56.26216991;55.97;2019-07-10 10:32:46;52.63172699;52.68
2019-07-10 10:42:09;118.665;118.86;118.88;118.8016667;55.91652921;56.25585621;55.97;2019-07-10 10:32:46;52.62578569;52.68
2019-07-10 10:43:09;118.62;118.87;118.88;118.79;55.91100473;56.25033173;55.95;2019-07-10 10:42:46;52.61287233;52.65
2019-07-10 10:44:08;118.71;118.87;118.88;118.82;55.92521055;56.26453755;55.95;2019-07-10 10:42:46;52.62623829;52.65
2019-07-10 10:45:09;118.715;118.94;118.55;118.735;55.88496071;56.22428771;55.95;2019-07-10 10:42:46;52.58836806;52.65
2019-07-10 10:46:09;118.695;118.94;118.55;118.7283333;55.88180386;56.22113086;55.95;2019-07-10 10:42:46;52.58539785;52.65
2019-07-10 10:47:09;118.695;118.67;118.64;118.6683333;55.85339221;56.19271921;55.95;2019-07-10 10:42:46;52.55866592;52.65
2019-07-10 10:48:08;118.49;118.58;118.44;118.5033333;55.77526018;56.11458718;55.95;2019-07-10 10:42:46;52.48515313;52.65
2019-07-10 10:49:09;118.45;118.63;118.44;118.5066667;55.7768386;56.1161656;55.95;2019-07-10 10:42:46;52.48663824;52.65
2019-07-10 10:50:08;118.4;118.79;118.5;118.5633333;55.80367183;56.14299883;55.95;2019-07-10 10:42:46;52.51188505;52.65
2019-07-10 10:51:10;118.47;118.85;118.38;118.5666667;55.80525025;56.14457725;55.95;2019-07-10 10:42:46;52.51337016;52.65
2019-07-10 10:52:08;118.47;118.85;118.4;118.5733333;55.8084071;56.1477341;55.95;2019-07-10 10:42:46;52.51634037;52.65
2019-07-10 10:53:08;118.4;118.69;118.4;118.4966667;55.77210333;56.11143033;55.8;2019-07-10 10:52:46;52.4902933;52.52
2019-07-10 10:54:09;118.395;118.65;118.17;118.405;55.72869664;56.06802364;55.8;2019-07-10 10:52:46;52.44944658;52.52
2019-07-10 10:55:09;118.295;118.67;118.36;118.4416667;55.74605931;56.08538631;55.8;2019-07-10 10:52:46;52.46578527;52.52
2019-07-10 10:56:09;118.335;118.63;118.36;118.4416667;55.74605931;56.08538631;55.8;2019-07-10 10:52:46;52.46578527;52.52
2019-07-10 10:57:08;118.36;118.69;118.61;118.5533333;55.79893655;56.13826355;55.8;2019-07-10 10:52:46;52.51554399;52.52
2019-07-10 10:58:09;118.45;118.74;118.71;118.6333333;55.83681875;56.17614575;55.8;2019-07-10 10:52:46;52.55119204;52.52
2019-07-10 10:59:08;118.575;118.99;118.71;118.7583333;55.89600969;56.23533669;55.8;2019-07-10 10:52:46;52.6068921;52.52
2019-07-10 11:00:08;118.635;118.99;118.76;118.795;55.91337236;56.25269936;55.8;2019-07-10 10:52:46;52.62323079;52.52
2019-07-10 11:01:08;118.65;119.07;118.76;118.8266667;55.9283674;56.2676944;55.8;2019-07-10 10:52:46;52.63734147;52.52
2019-07-10 11:02:09;118.85;119.07;118.96;118.96;55.9915044;56.3308314;55.8;2019-07-10 10:52:46;52.69675488;52.52
2019-07-10 11:03:08;118.91;119.17;119.02;119.0333333;56.02622975;56.36555675;56.02;2019-07-10 11:02:46;52.70445391;52.7
2019-07-10 11:04:08;118.955;119.17;119.02;119.0483333;56.03333266;56.37265966;56.02;2019-07-10 11:02:46;52.71113477;52.7
2019-07-10 11:05:09;118.975;119.18;118.89;119.015;56.01754841;56.35687541;56.02;2019-07-10 11:02:46;52.69628841;52.7
2019-07-10 11:06:09;118.975;119.29;118.97;119.0783333;56.04753849;56.38686549;56.02;2019-07-10 11:02:46;52.72449649;52.7
2019-07-10 11:07:09;118.93;119.14;118.89;118.9866667;56.0041318;56.3434588;56.02;2019-07-10 11:02:46;52.68366901;52.7
2019-07-10 11:08:08;118.825;119.25;118.89;118.9883333;56.00492101;56.34424801;56.02;2019-07-10 11:02:46;52.68441133;52.7
2019-07-10 11:09:08;118.895;119.22;118.92;119.0116667;56.01596999;56.35529699;56.02;2019-07-10 11:02:46;52.69480378;52.7
2019-07-10 11:10:08;118.895;119.22;118.92;119.0116667;56.01596999;56.35529699;56.02;2019-07-10 11:02:46;52.69480378;52.7
2019-07-10 11:11:09;118.92;119.16;118.9;118.9933333;56.00728865;56.34661565;56.02;2019-07-10 11:02:46;52.68663828;52.7
2019-07-10 11:12:08;118.87;119.18;118.9;118.9833333;56.00255338;56.34188038;56.02;2019-07-10 11:02:46;52.68218437;52.7
2019-07-10 11:13:08;118.87;119.21;118.9;118.9933333;56.00728865;56.34661565;56.01;2019-07-10 11:12:46;52.71;52.71
2019-07-10 11:14:09;118.835;119.21;118.93;118.9916667;56.00649944;56.34582644;56.01;2019-07-10 11:12:46;52.70925735;52.71
2019-07-10 11:15:08;118.905;119.21;118.9;119.005;56.01281314;56.35214014;56.01;2019-07-10 11:12:46;52.71519852;52.71
2019-07-10 11:16:08;118.88;119.07;118.69;118.88;55.9536222;56.2929492;56.01;2019-07-10 11:12:46;52.65950014;52.71
2019-07-10 11:17:09;118.825;119.15;118.69;118.8883333;55.95756826;56.29689526;56.01;2019-07-10 11:12:46;52.66321336;52.71
2019-07-10 11:18:09;118.77;119.13;118.68;118.86;55.94415165;56.28347865;56.01;2019-07-10 11:12:46;52.6505884;52.71
2019-07-10 11:19:09;118.77;119;118.68;118.8166667;55.92363213;56.26295913;56.01;2019-07-10 11:12:46;52.63127963;52.71
2019-07-10 11:20:09;118.85;119.18;118.68;118.9033333;55.96467118;56.30399818;56.01;2019-07-10 11:12:46;52.66989717;52.71
2019-07-10 11:21:08;118.81;119.11;118.68;118.8666667;55.9473085;56.2866355;56.01;2019-07-10 11:12:46;52.65355898;52.71
2019-07-10 11:22:09;118.755;119.19;118.89;118.945;55.98440149;56.32372849;56.01;2019-07-10 11:12:46;52.68846329;52.71
2019-07-10 11:23:09;118.755;119.07;118.92;118.915;55.99118416;56.33051116;56.01;2019-07-10 11:22:46;52.69142815;52.71
2019-07-10 11:24:09;118.66;119.03;118.7;118.7966667;55.93512919;56.27445619;56.01;2019-07-10 11:22:46;52.6386841;52.71
2019-07-10 11:25:08;118.655;118.94;118.83;118.8083333;55.94065573;56.27998273;56.01;2019-07-10 11:22:46;52.64388422;52.71
2019-07-10 11:26:09;118.635;119.02;118.8;118.8183333;55.94539277;56.28471977;56.01;2019-07-10 11:22:46;52.64834146;52.71
2019-07-10 11:27:09;118.675;118.97;118.8;118.815;55.94381376;56.28314076;56.01;2019-07-10 11:22:46;52.64685572;52.71
2019-07-10 11:28:08;118.67;118.97;118.8;118.8133333;55.94302425;56.28235125;56.01;2019-07-10 11:22:46;52.64611284;52.71
2019-07-10 11:29:09;118.69;118.96;118.8;118.8166667;55.94460327;56.28393027;56.01;2019-07-10 11:22:46;52.64759859;52.71
2019-07-10 11:30:09;118.71;118.96;118.8;118.8233333;55.94776129;56.28708829;56.01;2019-07-10 11:22:46;52.65057009;52.71
2019-07-10 11:31:09;118.72;118.97;118.8;118.83;55.95091932;56.29024632;56.01;2019-07-10 11:22:46;52.65354158;52.71
2019-07-10 11:32:09;118.715;118.97;118.8;118.8283333;55.95012981;56.28945681;56.01;2019-07-10 11:22:46;52.65279871;52.71
2019-07-10 11:33:08;118.595;118.86;118.49;118.6483333;55.86486309;56.20419009;55.91;2019-07-10 11:32:46;52.53214239;52.57
2019-07-10 11:34:08;118.7;118.79;118.57;118.6866667;55.88302175;56.22234875;55.91;2019-07-10 11:32:46;52.54921543;52.57
2019-07-10 11:35:08;118.725;119.01;118.57;118.7683333;55.92170757;56.26103457;55.91;2019-07-10 11:32:46;52.58558843;52.57
2019-07-10 11:36:09;118.72;119.07;118.81;118.8666667;55.96828847;56.30761547;55.91;2019-07-10 11:32:46;52.62938449;52.57
2019-07-10 11:37:09;118.935;119.27;119.02;119.075;56.0669768;56.4063038;55.91;2019-07-10 11:32:46;52.72217274;52.57
2019-07-10 11:38:09;118.98;119.29;118.98;119.0833333;56.07092433;56.41025133;55.91;2019-07-10 11:32:46;52.72588427;52.57
2019-07-10 11:39:09;119.015;119.33;119;119.115;56.08592496;56.42525196;55.91;2019-07-10 11:32:46;52.73998809;52.57
2019-07-10 11:40:09;118.94;119.23;118.87;119.0133333;56.03776505;56.37709205;55.91;2019-07-10 11:32:46;52.69470742;52.57
2019-07-10 11:41:09;118.95;119.18;118.87;119;56.031449;56.370776;55.91;2019-07-10 11:32:46;52.68876897;52.57
2019-07-10 11:42:08;118.95;119.2;118.87;119.0066667;56.03460703;56.37393403;55.91;2019-07-10 11:32:46;52.69173819;52.57
2019-07-10 11:43:09;119.055;119.25;119.07;119.125;56.090662;56.429989;56.02;2019-07-10 11:42:46;52.78314204;52.72
2019-07-10 11:44:09;119.115;119.17;119.07;119.1183333;56.08750397;56.42683097;56.02;2019-07-10 11:42:46;52.78017065;52.72
2019-07-10 11:45:08;119.105;119.27;119.06;119.145;56.10013608;56.43946308;56.02;2019-07-10 11:42:46;52.79205621;52.72
2019-07-10 11:46:08;119.145;119.43;119.05;119.2083333;56.13013733;56.46946433;56.02;2019-07-10 11:42:46;52.82028441;52.72
2019-07-10 11:47:08;119.135;119.45;119.05;119.2116667;56.13171635;56.47104335;56.02;2019-07-10 11:42:46;52.82177011;52.72
2019-07-10 11:48:09;118.925;119.25;118.9;119.025;56.0432916;56.3826186;56.02;2019-07-10 11:42:46;52.73857119;52.72
2019-07-10 11:49:08;118.925;119.25;118.9;119.025;56.0432916;56.3826186;56.02;2019-07-10 11:42:46;52.73857119;52.72
2019-07-10 11:50:09;118.885;119.25;118.9;119.0116667;56.03697555;56.37630255;56.02;2019-07-10 11:42:46;52.73262841;52.72
2019-07-10 11:51:08;118.84;119.2;118.9;118.98;56.02197492;56.36130192;56.02;2019-07-10 11:42:46;52.7185143;52.72
2019-07-10 11:52:08;118.83;119.17;118.9;118.9666667;56.01565887;56.35498587;56.02;2019-07-10 11:42:46;52.71257152;52.72
2019-07-10 11:53:09;118.78;118.9;118.33;118.67;55.87512668;56.21445368;55.96;2019-07-10 11:52:46;52.584224;52.66
2019-07-10 11:54:08;118.115;118.34;118.21;118.2216667;55.66274939;56.00207639;55.96;2019-07-10 11:52:46;52.38438336;52.66
2019-07-10 11:55:09;118.075;118.15;118.09;118.105;55.60748392;55.94681092;55.96;2019-07-10 11:52:46;52.33238022;52.66
2019-07-10 11:56:09;118.055;118.19;118.09;118.1116667;55.61064195;55.94996895;55.96;2019-07-10 11:52:46;52.33535183;52.66
2019-07-10 11:57:08;118.145;118.22;118.18;118.1816667;55.64380123;55.98312823;55.96;2019-07-10 11:52:46;52.36655371;52.66
2019-07-10 11:58:09;118.345;118.5;118.18;118.3416667;55.71959387;56.05892087;55.96;2019-07-10 11:52:46;52.4378723;52.66
2019-07-10 11:59:09;118.385;118.4;118.48;118.4216667;55.75749019;56.09681719;55.96;2019-07-10 11:52:46;52.4735316;52.66
2019-07-10 12:00:09;118.385;118.41;118.48;118.425;55.7590692;56.0983962;55.96;2019-07-10 11:52:46;52.4750174;52.66
2019-07-10 12:01:09;118.36;118.38;118.48;118.4066667;55.75038463;56.08971163;55.96;2019-07-10 11:52:46;52.46684548;52.66
2019-07-10 12:02:09;118.305;118.44;118.41;118.385;55.74012104;56.07944804;55.96;2019-07-10 11:52:46;52.45718775;52.66
2019-07-10 12:03:09;118.5;118.43;118.32;118.4166667;55.75512167;56.09444867;55.75;2019-07-10 12:02:46;52.47445768;52.47
2019-07-10 12:04:09;118.395;118.5;118.32;118.405;55.74959512;56.08892212;55.75;2019-07-10 12:02:46;52.46925705;52.47
2019-07-10 12:05:08;118.435;118.57;118.32;118.4416667;55.76696427;56.10629127;55.75;2019-07-10 12:02:46;52.48560187;52.47
2019-07-10 12:06:09;118.52;118.9;118.89;118.77;55.92249708;56.26182408;55.75;2019-07-10 12:02:46;52.63196232;52.47
2019-07-10 12:07:09;118.73;118.75;118.75;118.7433333;55.90986497;56.24919197;55.75;2019-07-10 12:02:46;52.62007517;52.47
2019-07-10 12:08:09;118.65;118.82;118.75;118.74;55.90828596;56.24761296;55.75;2019-07-10 12:02:46;52.61858928;52.47
2019-07-10 12:09:08;118.65;118.72;118.75;118.7066667;55.89249583;56.23182283;55.75;2019-07-10 12:02:46;52.60373035;52.47
2019-07-10 12:10:09;118.76;118.72;118.92;118.8;55.9367082;56.2760352;55.75;2019-07-10 12:02:46;52.64533535;52.47
2019-07-10 12:11:09;118.775;118.87;118.8;118.815;55.94381376;56.28314076;55.75;2019-07-10 12:02:46;52.65202187;52.47
2019-07-10 12:12:09;118.79;118.86;118.7;118.7833333;55.92881313;56.26814013;55.75;2019-07-10 12:02:46;52.63790589;52.47
2019-07-10 12:13:08;118.63;118.84;118.52;118.6633333;55.87196865;56.21129565;55.91;2019-07-10 12:12:46;52.58285378;52.62
2019-07-10 12:14:08;118.565;118.71;118.72;118.665;55.87275816;56.21208516;55.91;2019-07-10 12:12:46;52.5835967;52.62
2019-07-10 12:15:09;118.61;118.72;118.72;118.6833333;55.88144273;56.22076973;55.91;2019-07-10 12:12:46;52.59176887;52.62
2019-07-10 12:16:09;118.52;118.64;118.71;118.6233333;55.85302049;56.19234749;55.91;2019-07-10 12:12:46;52.56502359;52.62
2019-07-10 12:17:08;118.6;118.73;118.56;118.63;55.85617852;56.19550552;55.91;2019-07-10 12:12:46;52.56799529;52.62
2019-07-10 12:18:08;118.645;118.79;118.74;118.725;55.9011804;56.2405074;55.91;2019-07-10 12:12:46;52.61034198;52.62
2019-07-10 12:19:09;118.64;118.73;118.74;118.7033333;55.89091681;56.23024381;55.91;2019-07-10 12:12:46;52.60068396;52.62
2019-07-10 12:20:09;118.56;118.66;118.74;118.6533333;55.86723161;56.20655861;55.91;2019-07-10 12:12:46;52.57839623;52.62
2019-07-10 12:21:09;118.54;118.64;118.42;118.5333333;55.81038713;56.14971413;55.91;2019-07-10 12:12:46;52.52490567;52.62
2019-07-10 12:22:08;118.46;118.56;118.63;118.55;55.8182822;56.1576092;55.91;2019-07-10 12:12:46;52.53233491;52.62
2019-07-10 12:23:09;118.285;118.59;118.29;118.3883333;55.63219085;55.97151785;55.74;2019-07-10 12:22:46;52.44824254;52.55
2019-07-10 12:24:08;118.16;118.45;118.16;118.2566667;55.56994161;55.90926861;55.74;2019-07-10 12:22:46;52.38956489;52.55
2019-07-10 12:25:09;118.095;118.41;118.22;118.2416667;55.56284993;55.90217693;55.74;2019-07-10 12:22:46;52.38288009;52.55
2019-07-10 12:26:08;118.185;118.39;118.22;118.265;55.57388144;55.91320844;55.74;2019-07-10 12:22:46;52.39327866;52.55
2019-07-10 12:27:09;118.145;118.42;118.22;118.2616667;55.57230551;55.91163251;55.74;2019-07-10 12:22:46;52.39179315;52.55
2019-07-10 12:28:09;118.145;118.42;118.27;118.2783333;55.58018516;55.91951216;55.74;2019-07-10 12:22:46;52.3992207;52.55
2019-07-10 12:29:09;118.15;118.39;118.27;118.27;55.57624533;55.91557233;55.74;2019-07-10 12:22:46;52.39550693;52.55
2019-07-10 12:30:09;118.08;118.38;118.21;118.2233333;55.55418231;55.89350931;55.74;2019-07-10 12:22:46;52.37470978;52.55
2019-07-10 12:31:08;118.055;118.39;118.21;118.2183333;55.55181842;55.89114542;55.74;2019-07-10 12:22:46;52.37248152;52.55
2019-07-10 12:32:09;118.09;118.4;118.18;118.2233333;55.55418231;55.89350931;55.74;2019-07-10 12:22:46;52.37470978;52.55
2019-07-10 12:33:08;118.085;118.33;118.18;118.1983333;55.54236284;55.88168984;55.56;2019-07-10 12:32:47;52.35292008;52.37
2019-07-10 12:34:09;118.09;118.33;118.18;118.2;55.5431508;55.8824778;55.56;2019-07-10 12:32:47;52.35366269;52.37
2019-07-10 12:35:09;118.095;118.39;118.15;118.2116667;55.54866656;55.88799356;55.56;2019-07-10 12:32:47;52.35886092;52.37
2019-07-10 12:36:10;118.115;118.38;118.17;118.2216667;55.55339435;55.89272135;55.56;2019-07-10 12:32:47;52.36331655;52.37
2019-07-10 12:37:09;118.115;118.43;118.18;118.2416667;55.56284993;55.90217693;55.56;2019-07-10 12:32:47;52.37222782;52.37
2019-07-10 12:38:08;118.115;118.39;118.11;118.205;55.5455147;55.8848417;55.56;2019-07-10 12:32:47;52.3558905;52.37
2019-07-10 12:39:08;118.115;118.42;118.11;118.215;55.55024249;55.88956949;55.56;2019-07-10 12:32:47;52.36034613;52.37
2019-07-10 12:40:08;118.115;118.43;117.89;118.145;55.51714796;55.85647496;55.56;2019-07-10 12:32:47;52.32915672;52.37
2019-07-10 12:41:08;118.005;118.26;118.03;118.0983333;55.49508494;55.83441194;55.56;2019-07-10 12:32:47;52.30836378;52.37
2019-07-10 12:42:09;117.955;118.26;118.03;118.0816667;55.48720529;55.82653229;55.56;2019-07-10 12:32:47;52.30093773;52.37
2019-07-10 12:43:08;117.915;118.18;118.03;118.0416667;55.46829413;55.80762113;55.49;2019-07-10 12:42:46;52.31291041;52.33
2019-07-10 12:44:09;117.93;118.19;118.03;118.05;55.47223395;55.81156095;55.49;2019-07-10 12:42:46;52.31662554;52.33
2019-07-10 12:45:09;117.965;118.25;118.13;118.115;55.50296459;55.84229159;55.49;2019-07-10 12:42:46;52.34560354;52.33
2019-07-10 12:46:08;118.025;118.29;118.12;118.145;55.51714796;55.85647496;55.49;2019-07-10 12:42:46;52.358978;52.33
2019-07-10 12:47:09;118.08;118.4;118.22;118.2333333;55.5589101;55.8982371;55.49;2019-07-10 12:42:46;52.39835836;52.33
2019-07-10 12:48:08;118.24;118.48;118.39;118.37;55.62352323;55.96285023;55.49;2019-07-10 12:42:46;52.45928647;52.33
2019-07-10 12:49:09;118.29;118.46;118.39;118.38;55.62825102;55.96757802;55.49;2019-07-10 12:42:46;52.46374462;52.33
2019-07-10 12:50:09;118.285;118.49;118.16;118.3116667;55.59594446;55.93527146;55.49;2019-07-10 12:42:46;52.43328057;52.33
2019-07-10 12:51:08;118.28;118.46;118.2;118.3133333;55.59673242;55.93605942;55.49;2019-07-10 12:42:46;52.4340236;52.33
2019-07-10 12:52:09;118.345;118.53;118.28;118.385;55.63061492;55.96994192;55.49;2019-07-10 12:42:46;52.4659737;52.33
2019-07-10 12:53:09;118.325;118.49;118.28;118.365;55.62115934;55.96048634;55.6;2019-07-10 12:52:46;52.42450472;52.4
2019-07-10 12:54:09;118.175;118.37;118.28;118.275;55.57860923;55.91793623;55.6;2019-07-10 12:52:46;52.38440609;52.4
2019-07-10 12:55:09;118.195;118.35;118.28;118.275;55.57860923;55.91793623;55.6;2019-07-10 12:52:46;52.38440609;52.4
2019-07-10 12:56:08;118.215;118.35;118.28;118.2816667;55.58176109;55.92108809;55.6;2019-07-10 12:52:46;52.38737636;52.4
2019-07-10 12:57:09;118.15;118.44;118.17;118.2533333;55.56836568;55.90769268;55.6;2019-07-10 12:52:46;52.37475271;52.4
2019-07-10 12:58:09;118.245;118.47;118.17;118.295;55.58806481;55.92739181;55.6;2019-07-10 12:52:46;52.39331689;52.4
2019-07-10 12:59:09;118.355;118.69;118.42;118.4883333;55.67946875;56.01879575;55.6;2019-07-10 12:52:46;52.4794547;52.4
2019-07-10 13:00:09;118.46;118.58;118.42;118.4866667;55.67868078;56.01800778;55.6;2019-07-10 12:52:46;52.47871214;52.4
2019-07-10 13:01:09;118.35;118.47;118.34;118.3866667;55.63140288;55.97072988;55.6;2019-07-10 12:52:46;52.4341581;52.4
2019-07-10 13:02:08;118.335;118.53;118.34;118.4016667;55.63849457;55.97782157;55.6;2019-07-10 12:52:46;52.4408412;52.4
2019-07-10 13:03:09;118.385;118.51;118.34;118.4116667;55.64322236;55.98254936;55.65;2019-07-10 13:02:46;52.44777219;52.45
2019-07-10 13:04:09;118.365;118.63;118.34;118.445;55.65898166;55.99830866;55.65;2019-07-10 13:02:46;52.46262424;52.45
2019-07-10 13:05:09;118.295;118.53;118.34;118.3883333;55.63219085;55.97151785;55.65;2019-07-10 13:02:46;52.43737576;52.45
2019-07-10 13:06:09;118.28;118.51;118.34;118.3766667;55.62667509;55.96600209;55.65;2019-07-10 13:02:46;52.43217755;52.45
2019-07-10 13:07:09;118.26;118.37;118.41;118.3466667;55.61249172;55.95181872;55.65;2019-07-10 13:02:46;52.41881071;52.45
2019-07-10 13:08:08;118.195;118.42;118.41;118.3416667;55.61012783;55.94945483;55.65;2019-07-10 13:02:46;52.4165829;52.45
2019-07-10 13:09:09;118.27;118.43;118.41;118.37;55.62352323;55.96285023;55.65;2019-07-10 13:02:46;52.42920714;52.45
2019-07-10 13:10:09;118.215;118.43;118.41;118.3516667;55.61485562;55.95418262;55.65;2019-07-10 13:02:46;52.42103852;52.45
2019-07-10 13:11:08;118.245;118.45;118.41;118.3683333;55.62273527;55.96206227;55.65;2019-07-10 13:02:46;52.42846454;52.45
2019-07-10 13:12:09;118.305;118.46;118.41;118.3916667;55.63376678;55.97309378;55.65;2019-07-10 13:02:46;52.43886097;52.45
2019-07-10 13:13:09;118.375;118.53;118.39;118.4316667;55.46106142;55.80038842;55.46;2019-07-10 13:12:47;52.35074111;52.35
2019-07-10 13:14:09;118.525;118.57;118.33;118.475;55.4814784;55.8208054;55.46;2019-07-10 13:12:47;52.37001;52.35
2019-07-10 13:15:08;118.53;118.58;118.33;118.48;55.4838342;55.8231612;55.46;2019-07-10 13:12:47;52.37223334;52.35
2019-07-10 13:16:08;118.56;118.62;118.63;118.6033333;55.54194407;55.88127107;55.46;2019-07-10 13:12:47;52.42707557;52.35
2019-07-10 13:17:09;118.485;118.62;118.63;118.5783333;55.53016504;55.86949204;55.46;2019-07-10 13:12:47;52.4159589;52.35
2019-07-10 13:18:08;118.555;118.62;118.33;118.5016667;55.49404269;55.83336969;55.46;2019-07-10 13:12:47;52.38186778;52.35
2019-07-10 13:19:09;118.55;118.6;118.33;118.4933333;55.49011635;55.82944335;55.46;2019-07-10 13:12:47;52.37816223;52.35
2019-07-10 13:20:08;118.46;118.58;118.33;118.4566667;55.47284045;55.81216745;55.46;2019-07-10 13:12:47;52.36185778;52.35
2019-07-10 13:21:08;118.52;118.61;118.33;118.4866667;55.48697528;55.82630228;55.46;2019-07-10 13:12:47;52.37519778;52.35
2019-07-10 13:22:09;118.43;118.61;118.33;118.4566667;55.47284045;55.81216745;55.46;2019-07-10 13:12:47;52.36185778;52.35
2019-07-10 13:23:10;118.425;118.49;118.33;118.415;55.45320874;55.79253574;55.45;2019-07-10 13:22:47;52.34222329;52.34
2019-07-10 13:24:09;118.38;118.36;118.3;118.3466667;55.42101273;55.76033973;55.45;2019-07-10 13:22:47;52.31183836;52.34
2019-07-10 13:25:08;118.425;118.36;118.53;118.4383333;55.46420249;55.80352949;55.45;2019-07-10 13:22:47;52.35259863;52.34
2019-07-10 13:26:09;118.595;118.57;118.53;118.565;55.52388289;55.86320989;55.45;2019-07-10 13:22:47;52.4089219;52.34
2019-07-10 13:27:09;118.515;118.57;118.58;118.555;55.51917128;55.85849828;55.45;2019-07-10 13:22:47;52.40447532;52.34
2019-07-10 13:28:09;118.385;118.57;118.58;118.5116667;55.4987543;55.8380813;55.45;2019-07-10 13:22:47;52.38520684;52.34
2019-07-10 13:29:09;118.275;118.44;118.39;118.3683333;55.43122122;55.77054822;55.45;2019-07-10 13:22:47;52.32147261;52.34
2019-07-10 13:30:09;118.28;118.38;118.07;118.2433333;55.37232609;55.71165309;55.45;2019-07-10 13:22:47;52.26589043;52.34
2019-07-10 13:31:08;118.23;118.38;118.08;118.23;55.36604394;55.70537094;55.45;2019-07-10 13:22:47;52.25996167;52.34
2019-07-10 13:32:09;118.175;118.31;118.08;118.1883333;55.34641223;55.68573923;55.45;2019-07-10 13:22:47;52.24143427;52.34
2019-07-10 13:33:09;118.28;118.4;118.38;118.3533333;55.4241538;55.7634808;55.36;2019-07-10 13:32:47;52.31224902;52.25
2019-07-10 13:34:08;118.33;118.37;118.38;118.36;55.42729488;55.76662188;55.36;2019-07-10 13:32:47;52.31521326;52.25
2019-07-10 13:35:09;118.29;118.37;118.38;118.3466667;55.42101273;55.76033973;55.36;2019-07-10 13:32:47;52.30928478;52.25
2019-07-10 13:36:09;118.41;118.45;118.5;118.4533333;55.47126991;55.81059691;55.36;2019-07-10 13:32:47;52.3567126;52.25
2019-07-10 13:37:09;118.525;118.46;118.5;118.495;55.49090162;55.83022862;55.36;2019-07-10 13:32:47;52.37523909;52.25
2019-07-10 13:38:09;118.35;118.4;118.28;118.3433333;55.41944219;55.75876919;55.36;2019-07-10 13:32:47;52.30780266;52.25
2019-07-10 13:39:08;118.205;118.33;118.28;118.2716667;55.38567565;55.72500265;55.36;2019-07-10 13:32:47;52.27593709;52.25
2019-07-10 13:40:08;118.15;118.29;118.36;118.2666667;55.38331985;55.72264685;55.36;2019-07-10 13:32:47;52.27371391;52.25
2019-07-10 13:41:09;118.22;118.47;118.36;118.35;55.42258327;55.76191027;55.36;2019-07-10 13:32:47;52.3107669;52.25
2019-07-10 13:42:08;118.15;118.4;118.15;118.2333333;55.36761448;55.70694148;55.36;2019-07-10 13:32:47;52.25889272;52.25
2019-07-10 13:43:08;118.035;118.32;118.12;118.1583333;55.3322774;55.6716044;55.37;2019-07-10 13:42:47;52.22813286;52.26
2019-07-10 13:44:09;118;118.28;118.19;118.1566667;55.33149213;55.67081913;55.37;2019-07-10 13:42:47;52.22739177;52.26
2019-07-10 13:45:09;118.035;118.18;118.25;118.155;55.33070686;55.67003386;55.37;2019-07-10 13:42:47;52.22665067;52.26
2019-07-10 13:46:08;118.175;118.11;118.2;118.1616667;55.33384794;55.67317494;55.37;2019-07-10 13:42:47;52.22961505;52.26
2019-07-10 13:47:08;118.125;118.11;118.2;118.145;55.32599525;55.66532225;55.37;2019-07-10 13:42:47;52.22220409;52.26
2019-07-10 13:48:09;118;118.1;118.09;118.0633333;55.2875171;55.6268441;55.37;2019-07-10 13:42:47;52.18589038;52.26
2019-07-10 13:49:09;118.055;118.1;118.15;118.1016667;55.30557827;55.64490527;55.37;2019-07-10 13:42:47;52.20293559;52.26
2019-07-10 13:50:09;118.07;118.09;118.14;118.1;55.30479301;55.64412001;55.37;2019-07-10 13:42:47;52.20219449;52.26
2019-07-10 13:51:08;118.125;118.22;118.14;118.1616667;55.33384794;55.67317494;55.37;2019-07-10 13:42:47;52.22961505;52.26
2019-07-10 13:52:09;118.115;118.18;118.23;118.175;55.34013008;55.67945708;55.37;2019-07-10 13:42:47;52.23554382;52.26
2019-07-10 13:53:09;118.115;118.15;118.23;118.165;55.33541847;55.67474547;55.35;2019-07-10 13:52:47;52.23295418;52.25
2019-07-10 13:54:09;118.12;118.16;118.13;118.1366667;55.32206891;55.66139591;55.35;2019-07-10 13:52:47;52.2203551;52.25
2019-07-10 13:55:09;118.075;118.21;118.08;118.1216667;55.31500149;55.65432849;55.35;2019-07-10 13:52:47;52.213685;52.25
2019-07-10 13:56:08;118.055;118.15;118.08;118.095;55.3024372;55.6417642;55.35;2019-07-10 13:52:47;52.20182704;52.25
2019-07-10 13:57:09;118.035;118.16;118.01;118.0683333;55.28987291;55.62919991;55.35;2019-07-10 13:52:47;52.18996908;52.25
2019-07-10 13:58:09;117.965;118.16;118.01;118.045;55.27887915;55.61820615;55.35;2019-07-10 13:52:47;52.17959337;52.25
2019-07-10 13:59:09;117.955;118.08;118.01;118.015;55.26474432;55.60407132;55.35;2019-07-10 13:52:47;52.16625317;52.25
2019-07-10 14:00:09;117.995;117.97;117.65;117.8716667;55.19721123;55.53653823;55.35;2019-07-10 13:52:47;52.10251664;52.25
2019-07-10 14:01:08;117.845;117.94;117.9;117.895;55.20820499;55.54753199;55.35;2019-07-10 13:52:47;52.11289235;52.25
2019-07-10 14:02:09;117.935;117.95;118.02;117.9683333;55.2427568;55.5820838;55.35;2019-07-10 13:52:47;52.14550174;52.25
2019-07-10 14:03:08;117.935;117.97;118.03;117.9783333;55.24746841;55.58679541;55.24;2019-07-10 14:02:47;52.15111708;52.14
2019-07-10 14:04:09;117.925;117.96;117.77;117.885;55.20349338;55.54282038;55.24;2019-07-10 14:02:47;52.1096133;52.14
2019-07-10 14:05:08;117.88;117.95;117.86;117.8966667;55.20899026;55.54831726;55.24;2019-07-10 14:02:47;52.11480128;52.14
2019-07-10 14:06:08;118.095;118.11;118.14;118.115;55.31186042;55.65118742;55.24;2019-07-10 14:02:47;52.21189048;52.14
2019-07-10 14:07:08;118.11;118;118.13;118.08;55.29536978;55.63469678;55.24;2019-07-10 14:02:47;52.19632656;52.14
2019-07-10 14:08:09;117.655;117.62;117.84;117.705;55.11868439;55.45801139;55.24;2019-07-10 14:02:47;52.0295703;52.14
2019-07-10 14:09:08;115.855;115.4;115.47;115.575;54.11511135;54.45443835;55.24;2019-07-10 14:02:47;51.08239475;52.14
2019-07-10 14:10:09;115.91;115.48;115.67;115.6866667;54.16772434;54.50705134;55.24;2019-07-10 14:02:47;51.13205106;52.14
2019-07-10 14:11:09;115.285;115.98;116.08;115.7816667;54.21248464;54.55181164;55.24;2019-07-10 14:02:47;51.17429598;52.14
2019-07-10 14:12:09;115.82;115.82;115.92;115.8533333;54.24625118;54.58557818;55.24;2019-07-10 14:02:47;51.20616495;52.14
2019-07-10 14:13:09;115.83;115.79;115.91;115.8433333;54.29117265;54.63049965;54.28;2019-07-10 14:12:47;51.23038172;51.22
2019-07-10 14:14:09;115.8;114.85;114.99;115.2133333;53.99407126;54.33339826;54.28;2019-07-10 14:12:47;50.95007532;51.22
2019-07-10 14:15:08;115.23;115.1;114.99;115.1066667;53.94376838;54.28309538;54.28;2019-07-10 14:12:47;50.90261604;51.22
2019-07-10 14:16:08;114.57;114.1;113.77;114.1466667;53.49104246;53.83036946;54.28;2019-07-10 14:12:47;50.47548248;51.22
2019-07-10 14:17:09;113.49;112.88;113.04;113.1366667;53.01473707;53.35406407;54.28;2019-07-10 14:12:47;50.02610238;51.22
2019-07-10 14:18:09;113.015;113.02;113.18;113.0716667;52.98408375;53.32341075;54.28;2019-07-10 14:12:47;49.99718188;51.22
2019-07-10 14:19:09;113.365;113.11;113.46;113.3116667;53.09726523;53.43659223;54.28;2019-07-10 14:12:47;50.10396527;51.22
2019-07-10 14:20:08;113.27;113.16;113.58;113.3366667;53.10905497;53.44838197;54.28;2019-07-10 14:12:47;50.11508854;51.22
2019-07-10 14:21:09;113.77;113.79;113.64;113.7333333;53.2961188;53.6354458;54.28;2019-07-10 14:12:47;50.29157775;51.22
2019-07-10 14:22:09;114.055;113.85;114.15;114.0183333;53.43052181;53.76984881;54.28;2019-07-10 14:12:47;50.41838303;51.22
2019-07-10 14:23:08;114.26;114.07;114.33;114.22;53.52562569;53.86495269;53.45;2019-07-10 14:22:47;50.50117922;50.43
2019-07-10 14:24:11;114.105;113.82;113.89;113.9383333;53.39279465;53.73212165;53.45;2019-07-10 14:22:47;50.37587414;50.43
2019-07-10 14:25:09;113.93;113.68;113.78;113.7966667;53.32598614;53.66531314;53.45;2019-07-10 14:22:47;50.31285087;50.43
2019-07-10 14:26:09;113.71;113.73;113.95;113.7966667;53.32598614;53.66531314;53.45;2019-07-10 14:22:47;50.31285087;50.43
2019-07-10 14:27:08;113.91;113.74;113.95;113.8666667;53.3589974;53.6983244;53.45;2019-07-10 14:22:47;50.34399178;50.43
2019-07-10 14:28:09;113.87;113.99;114.27;114.0433333;53.44231155;53.78163855;53.45;2019-07-10 14:22:47;50.4225855;50.43
2019-07-10 14:29:09;114.28;114.35;114.57;114.4;53.6105118;53.9498388;53.45;2019-07-10 14:22:47;50.58125584;50.43
2019-07-10 14:30:11;114.68;114.53;114.3;114.5033333;53.65924272;53.99856972;53.45;2019-07-10 14:22:47;50.62722575;50.43
2019-07-10 14:31:08;114.435;114.35;114.5;114.4283333;53.6238735;53.9632005;53.45;2019-07-10 14:22:47;50.59386049;50.43
2019-07-10 14:32:09;114.11;114.09;114.21;114.1366667;53.48632657;53.82565357;53.45;2019-07-10 14:22:47;50.46410671;50.43
2019-07-10 14:33:10;114.04;113.99;114.24;114.09;53.46431906;53.80364606;53.47;2019-07-10 14:32:47;50.44406831;50.45
2019-07-10 14:34:09;114.175;113.94;114.1;114.0716667;53.45567325;53.79500025;53.47;2019-07-10 14:32:47;50.43591225;50.45
2019-07-10 14:35:09;114.055;113.81;113.92;113.9283333;53.38807875;53.72740575;53.47;2019-07-10 14:32:47;50.37214662;50.45
2019-07-10 14:36:09;113.8;113.76;113.98;113.8466667;53.34956561;53.68889261;53.47;2019-07-10 14:32:47;50.33581505;50.45
2019-07-10 14:37:09;113.96;113.76;113.9;113.8733333;53.36214133;53.70146833;53.47;2019-07-10 14:32:47;50.34767842;50.45
2019-07-10 14:38:09;113.85;113.56;113.67;113.6933333;53.27725522;53.61658222;53.47;2019-07-10 14:32:47;50.26760066;50.45
2019-07-10 14:39:08;113.645;113.73;113.72;113.6983333;53.27961317;53.61894017;53.47;2019-07-10 14:32:47;50.26982504;50.45
2019-07-10 14:40:08;113.7;113.55;113.7;113.65;53.25681968;53.59614668;53.47;2019-07-10 14:32:47;50.24832268;50.45
2019-07-10 14:41:08;113.82;113.57;113.74;113.71;53.28511505;53.62444205;53.47;2019-07-10 14:32:47;50.27501527;50.45
2019-07-10 14:42:10;113.72;113.6;113.83;113.7166667;53.28825898;53.62758598;53.47;2019-07-10 14:32:47;50.27798111;50.45
2019-07-10 14:43:09;113.655;113.32;113.72;113.565;53.21673457;53.55606157;53.25;2019-07-10 14:42:47;50.21256484;50.24
2019-07-10 14:44:09;113.65;113.36;113.71;113.5733333;53.22066448;53.55999148;53.25;2019-07-10 14:42:47;50.21627229;50.24
2019-07-10 14:45:09;113.515;113.33;113.5;113.4483333;53.16171579;53.50104279;53.25;2019-07-10 14:42:47;50.16066047;50.24
2019-07-10 14:46:08;113.525;113.36;113.62;113.5016667;53.18686723;53.52619423;53.25;2019-07-10 14:42:47;50.18438818;50.24
2019-07-10 14:47:09;113.38;112.78;113.25;113.1366667;53.01473707;53.35406407;53.25;2019-07-10 14:42:47;50.02200167;50.24
2019-07-10 14:48:09;112.805;113;113;112.935;52.91963318;53.25896018;53.25;2019-07-10 14:42:47;49.93228127;50.24
2019-07-10 14:49:10;113.06;112.86;112.91;112.9433333;52.9235631;53.2628901;53.25;2019-07-10 14:42:47;49.93598873;50.24
2019-07-10 14:50:09;112.935;112.93;113.18;113.015;52.95736034;53.29668734;53.25;2019-07-10 14:42:47;49.96787284;50.24
2019-07-10 14:51:10;113.19;113;113.43;113.2066667;53.04774833;53.38707533;53.25;2019-07-10 14:42:47;50.05314429;50.24
2019-07-10 14:52:08;113.46;113.33;113.5;113.43;53.15306999;53.49239699;53.25;2019-07-10 14:42:47;50.15250407;50.24
2019-07-10 14:53:09;113.71;113.5;113.75;113.6533333;53.25839164;53.59771864;53.12;2019-07-10 14:52:47;50.24195953;50.11
2019-07-10 14:54:08;113.62;113.5;113.51;113.5433333;53.2065168;53.5458438;53.12;2019-07-10 14:52:47;50.19303071;50.11
2019-07-10 14:55:09;113.605;113.51;113.67;113.595;53.23088225;53.57020925;53.12;2019-07-10 14:52:47;50.21601243;50.11
2019-07-10 14:56:09;113.655;113.51;113.5;113.555;53.21201867;53.55134567;53.12;2019-07-10 14:52:47;50.19822013;50.11
2019-07-10 14:57:08;113.525;112.97;113.33;113.275;53.07997361;53.41930061;53.12;2019-07-10 14:52:47;50.07367406;50.11
2019-07-10 14:58:09;113.22;112.56;112.98;112.92;52.91255934;53.25188634;53.12;2019-07-10 14:52:47;49.91576744;50.11
2019-07-10 14:59:08;111.96;111.59;111.39;111.6466667;52.31206871;52.65139571;53.12;2019-07-10 14:52:47;49.34937935;50.11
2019-07-10 15:00:08;110.88;110.62;110.35;110.6166667;51.82633153;52.16565853;53.12;2019-07-10 14:52:47;48.89122773;50.11
2019-07-10 15:01:09;110.35;110.44;110.4;110.3966667;51.72258184;52.06190884;53.12;2019-07-10 14:52:47;48.7933701;50.11
2019-07-10 15:02:08;110.005;109.78;109.53;109.7716667;51.4278384;51.7671654;53.12;2019-07-10 14:52:47;48.51536548;50.11
2019-07-10 15:03:09;107.16;108.68;108.22;108.02;50.53998335;50.87931035;51.19;2019-07-10 15:02:47;47.73763039;48.35
2019-07-10 15:04:09;108.155;106.45;106.03;106.8783333;50.00223837;50.34156537;51.19;2019-07-10 15:02:47;47.22979361;48.35
2019-07-10 15:05:09;105.7;104;104.19;104.63;48.94323403;49.28256103;51.19;2019-07-10 15:02:47;46.22968877;48.35
2019-07-10 15:06:09;103.645;102.58;103.09;103.105;48.22493234;48.56425934;51.19;2019-07-10 15:02:47;45.55133746;48.35
2019-07-10 15:07:09;102.78;102.86;103.03;102.89;48.12366358;48.46299058;51.19;2019-07-10 15:02:47;45.45570104;48.35
2019-07-10 15:08:09;103.245;104.3;104.2;103.915;48.60645651;48.94578351;51.19;2019-07-10 15:02:47;45.91164209;48.35
2019-07-10 15:09:09;104.49;105.14;105.6;105.0766667;49.15362184;49.49294884;51.19;2019-07-10 15:02:47;46.42837528;48.35
2019-07-10 15:10:09;105.68;104.8;105.6;105.36;49.2870768;49.6264038;51.19;2019-07-10 15:02:47;46.55440777;48.35
2019-07-10 15:11:08;106.23;104.7;105.42;105.45;49.32946838;49.66879538;51.19;2019-07-10 15:02:47;46.59444161;48.35
2019-07-10 15:12:09;106.83;103.99;104.47;105.0966667;49.16304219;49.50236919;51.19;2019-07-10 15:02:47;46.43727169;48.35
2019-07-10 15:13:09;105.38;103.82;104.15;104.45;48.85845088;49.19777788;48.71;2019-07-10 15:12:47;46.10628439;45.97
2019-07-10 15:14:08;105.365;103.33;103.55;104.0816667;48.68495943;49.02428643;48.71;2019-07-10 15:12:47;45.94259499;45.97
2019-07-10 15:15:09;105.1;103.4;103.25;103.9166667;48.60724154;48.94656854;48.71;2019-07-10 15:12:47;45.86926806;45.97
2019-07-10 15:16:08;105.87;103.13;103.32;104.1066667;48.69673487;49.03606187;48.71;2019-07-10 15:12:47;45.95370513;45.97
2019-07-10 15:17:08;104.16;103.87;103.87;103.9666667;48.63079242;48.97011942;48.71;2019-07-10 15:12:47;45.89148834;45.97
2019-07-10 15:18:09;104.865;104.36;104.48;104.5683333;48.91418795;49.25351495;48.71;2019-07-10 15:12:47;46.15887239;45.97
2019-07-10 15:19:09;105.495;104.49;104.71;104.8983333;49.06962372;49.40895072;48.71;2019-07-10 15:12:47;46.30552625;45.97
2019-07-10 15:20:09;105.215;104.82;104.85;104.9616667;49.09945483;49.43878183;48.71;2019-07-10 15:12:47;46.33367194;45.97
2019-07-10 15:21:09;105.31;104.49;104.47;104.7566667;49.00289624;49.34222324;48.71;2019-07-10 15:12:47;46.24256879;45.97
2019-07-10 15:22:09;105.685;104.99;105.4;105.3583333;49.28629177;49.62561877;48.71;2019-07-10 15:12:47;46.50995284;45.97
2019-07-10 15:23:09;105.775;104.96;105;105.245;49.23290979;49.57223679;49.24;2019-07-10 15:22:47;46.45629688;46.46
2019-07-10 15:24:09;105.84;104.34;104.59;104.9233333;49.08139916;49.42072616;49.24;2019-07-10 15:22:47;46.31335646;46.46
2019-07-10 15:25:08;105.265;103.73;104.16;104.385;48.82783474;49.16716174;49.24;2019-07-10 15:22:47;46.07413492;46.46
2019-07-10 15:26:09;105.32;104.56;104.55;104.81;49.02801718;49.36734418;49.24;2019-07-10 15:22:47;46.26299403;46.46
2019-07-10 15:27:09;105.225;104.01;104.34;104.525;48.89377719;49.23310419;49.24;2019-07-10 15:22:47;46.13634733;46.46
2019-07-10 15:28:08;105.13;104.72;104.75;104.8666667;49.05470817;49.39403517;49.24;2019-07-10 15:22:47;46.28817524;46.46
2019-07-10 15:29:08;105.1;104.37;104.6;104.69;48.97149508;49.31082208;49.24;2019-07-10 15:22:47;46.2096691;46.46
2019-07-10 15:30:09;105.105;104.51;104.38;104.665;48.95971964;49.29904664;49.24;2019-07-10 15:22:47;46.19855974;46.46
2019-07-10 15:31:09;105.045;104.28;104.29;104.5383333;48.90005742;49.23938442;49.24;2019-07-10 15:22:47;46.14227232;46.46
2019-07-10 15:32:09;105.1;105.45;105.31;105.2866667;49.25253552;49.59186252;49.24;2019-07-10 15:22:47;46.47481248;46.46
2019-07-10 15:33:09;105.405;106.01;105.64;105.685;49.43633449;49.77948449;49.38;2019-07-10 15:32:47;46.65258921;46.6
2019-07-10 15:34:09;105.695;106.23;106.05;105.9916667;49.58077985;49.92392985;49.38;2019-07-10 15:32:47;46.78887675;46.6
2019-07-10 15:35:09;105.945;106.43;106.6;106.325;49.73778569;50.08093569;49.38;2019-07-10 15:32:47;46.93701538;46.6
2019-07-10 15:36:09;106.75;106.56;106.53;106.6133333;49.87359573;50.21674573;49.38;2019-07-10 15:32:47;47.0651553;46.6
2019-07-10 15:37:08;107.22;106.03;106.24;106.4966667;49.81864369;50.16179369;49.38;2019-07-10 15:32:47;47.01330678;46.6
2019-07-10 15:38:09;106.695;106.37;106.64;106.5683333;49.85239995;50.19554995;49.38;2019-07-10 15:32:47;47.04515658;46.6
2019-07-10 15:39:09;106.685;106.31;106.3;106.4316667;49.78802755;50.13117755;49.38;2019-07-10 15:32:47;46.98441974;46.6
2019-07-10 15:40:08;106.61;106.06;106.11;106.26;49.70716955;50.05031955;49.38;2019-07-10 15:32:47;46.90812835;46.6
2019-07-10 15:41:09;106.235;105.99;105.94;106.055;49.61061096;49.95376096;49.38;2019-07-10 15:32:47;46.81702309;46.6
2019-07-10 15:42:08;106.175;105.88;106.23;106.095;49.62945166;49.97260166;49.38;2019-07-10 15:32:47;46.83479973;46.6
2019-07-10 15:43:08;106.29;105.8;106.04;106.0433333;49.60511576;49.94826576;49.55;2019-07-10 15:42:47;46.76179346;46.71
2019-07-10 15:44:08;106.215;105.66;105.63;105.835;49.50698711;49.85013711;49.55;2019-07-10 15:42:47;46.66930514;46.71
2019-07-10 15:45:09;105.7;105.34;105.62;105.5533333;49.37431718;49.71746718;49.55;2019-07-10 15:42:47;46.54426092;46.71
2019-07-10 15:46:09;105.465;105.32;105.41;105.3983333;49.30130947;49.64445947;49.55;2019-07-10 15:42:47;46.47544961;46.71
2019-07-10 15:47:08;105.51;105.46;105.47;105.48;49.3397759;49.6829259;49.55;2019-07-10 15:42:47;46.51170503;46.71
2019-07-10 15:48:09;105.94;105.75;105.95;105.88;49.5281829;49.8713329;49.55;2019-07-10 15:42:47;46.68928262;46.71
2019-07-10 15:49:08;106.335;105.93;106.46;106.2416667;49.69853423;50.04168423;49.55;2019-07-10 15:42:47;46.84984235;46.71
2019-07-10 15:50:09;106.295;105.54;105.92;105.9183333;49.54623857;49.88938857;49.55;2019-07-10 15:42:47;46.70630047;46.71
2019-07-10 15:51:09;105.905;105.86;106.36;106.0416667;49.60433073;49.94748073;49.55;2019-07-10 15:42:47;46.76105356;46.71
2019-07-10 15:52:09;106.26;105.86;106.41;106.1766667;49.66791809;50.01106809;49.55;2019-07-10 15:42:47;46.82098599;46.71
2019-07-10 15:53:08;106.355;105.93;106.45;106.245;49.70010429;50.04325429;49.69;2019-07-10 15:52:48;46.90518526;46.9
2019-07-10 15:54:09;106.655;106.24;106.42;106.4383333;49.79116767;50.13431767;49.69;2019-07-10 15:52:48;46.99111244;46.9
2019-07-10 15:55:08;106.62;106.18;106.52;106.44;49.7919527;50.1351027;49.69;2019-07-10 15:52:48;46.99185319;46.9
2019-07-10 15:56:09;106.54;106.08;106.19;106.27;49.71187973;50.05502973;49.69;2019-07-10 15:52:48;46.91629653;46.9
2019-07-10 15:57:09;106.06;105.4;105.65;105.7033333;49.44496981;49.78811981;49.69;2019-07-10 15:52:48;46.66444101;46.9
2019-07-10 15:58:09;105.91;105.56;106.13;105.8666667;49.52190267;49.86505267;49.69;2019-07-10 15:52:48;46.73703466;46.9
2019-07-10 15:59:09;106.335;106.09;106.57;106.3316667;49.7409258;50.0840758;49.69;2019-07-10 15:52:48;46.94370434;46.9
2019-07-10 16:00:09;106.405;105.68;106.03;106.0383333;49.60276067;49.94591067;49.69;2019-07-10 15:52:48;46.81333207;46.9
2019-07-10 16:01:09;105.32;105.2;105.94;105.4866667;49.34291602;49.68606602;49.69;2019-07-10 15:52:48;46.5681433;46.9
2019-07-10 16:02:09;105.795;105.93;105.72;105.815;49.49756676;49.84071676;49.69;2019-07-10 15:52:48;46.71407136;46.9
2019-07-10 16:03:09;105.9;105.57;105.93;105.8;49.4520961;49.7952461;49.51;2019-07-10 16:02:48;46.68225228;46.74
2019-07-10 16:04:09;105.945;105.62;105.89;105.8183333;49.46072477;49.80387477;49.51;2019-07-10 16:02:48;46.69039619;46.74
2019-07-10 16:05:09;105.985;105.42;105.96;105.7883333;49.44660513;49.78975513;49.51;2019-07-10 16:02:48;46.6770698;46.74
2019-07-10 16:06:09;105.9;105.5;106.13;105.8433333;49.47249113;49.81564113;49.51;2019-07-10 16:02:48;46.70150152;46.74
2019-07-10 16:07:08;106.295;106.2;106.75;106.415;49.74154862;50.08469862;49.51;2019-07-10 16:02:48;46.9554434;46.74
2019-07-10 16:08:09;106.825;106.35;107.01;106.7283333;49.88902036;50.23217036;49.51;2019-07-10 16:02:48;47.0946302;46.74
2019-07-10 16:09:08;107.08;107.39;107.79;107.42;50.21455639;50.55770639;49.51;2019-07-10 16:02:48;47.40187766;46.74
2019-07-10 16:10:09;107.875;107.3;107.78;107.6516667;50.32359135;50.66674135;49.51;2019-07-10 16:02:48;47.50478705;46.74
2019-07-10 16:11:09;108.235;107.74;108.13;108.035;50.50400891;50.84715891;49.51;2019-07-10 16:02:48;47.67506878;46.74
2019-07-10 16:12:09;108.78;107.77;108.41;108.32;50.63814544;50.98129544;49.51;2019-07-10 16:02:48;47.80166954;46.74
2019-07-10 16:13:09;109.27;108.52;108.68;108.8233333;50.87504154;51.21819154;50.95;2019-07-10 16:12:47;48.01893518;48.09
2019-07-10 16:14:08;108.785;107.6;108.61;108.3316667;50.64363641;50.98678641;50.95;2019-07-10 16:12:47;47.80055892;48.09
2019-07-10 16:15:08;108.905;108.3;108.81;108.6716667;50.80365894;51.14680894;50.95;2019-07-10 16:12:47;47.95157166;48.09
2019-07-10 16:16:08;109.13;107.73;108.22;108.36;50.65697162;51.00012162;50.95;2019-07-10 16:12:47;47.81314332;48.09
2019-07-10 16:17:08;109.055;107.58;108.41;108.3483333;50.65148065;50.99463065;50.95;2019-07-10 16:12:47;47.80796151;48.09
2019-07-10 16:18:08;109.495;107.48;108.01;108.3283333;50.64206756;50.98521756;50.95;2019-07-10 16:12:47;47.79907841;48.09
2019-07-10 16:19:08;108.97;107.34;107.96;108.09;50.52989491;50.87304491;50.95;2019-07-10 16:12:47;47.69322144;48.09
2019-07-10 16:20:08;108.355;107;107.37;107.575;50.28750784;50.63065784;50.95;2019-07-10 16:12:47;47.46448156;48.09
2019-07-10 16:21:09;107.415;107;107.19;107.2016667;50.11179682;50.45494682;50.95;2019-07-10 16:12:47;47.29866365;48.09
2019-07-10 16:22:08;107.455;106.55;106.87;106.9583333;49.9972709;50.3404209;50.95;2019-07-10 16:12:47;47.19058591;48.09
2019-07-10 16:23:09;107.175;106.9;107.21;107.095;50.06159368;50.40474368;49.86;2019-07-10 16:22:48;47.24726958;47.06
2019-07-10 16:24:08;108.185;107.32;108.08;107.8616667;50.42242879;50.76557879;49.86;2019-07-10 16:22:48;47.58775974;47.06
2019-07-10 16:25:09;109.485;107.07;107.7;108.085;50.52754163;50.87069163;49.86;2019-07-10 16:22:48;47.686946;47.06
2019-07-10 16:26:08;109.165;107.48;108.04;108.2283333;50.59500211;50.93815211;49.86;2019-07-10 16:22:48;47.75060286;47.06
2019-07-10 16:27:08;109.645;107.49;107.98;108.3716667;50.66246259;51.00561259;49.86;2019-07-10 16:22:48;47.81425971;47.06
2019-07-10 16:28:08;109.58;107.33;107.86;108.2566667;50.60833732;50.95148732;49.86;2019-07-10 16:22:48;47.76318619;47.06
2019-07-10 16:29:08;109.545;107.36;108.16;108.355;50.65461835;50.99776835;49.86;2019-07-10 16:22:48;47.80685775;47.06
2019-07-10 16:30:08;109.565;107.44;107.96;108.3216667;50.63892986;50.98207986;49.86;2019-07-10 16:22:48;47.79205383;47.06
2019-07-10 16:31:09;109.69;107.44;108.07;108.4;50.6757978;51.0189478;49.86;2019-07-10 16:22:48;47.82684304;47.06
2019-07-10 16:32:09;109.315;107.38;107.71;108.135;50.55107436;50.89422436;49.86;2019-07-10 16:22:48;47.70915188;47.06
2019-07-10 16:33:09;108.98;106.83;107.55;107.7866667;50.38712971;50.73027971;50.09;2019-07-10 16:32:48;47.55833628;47.28
2019-07-10 16:34:09;109.04;107.24;107.66;107.98;50.47812291;50.82127291;50.09;2019-07-10 16:32:48;47.64420598;47.28
2019-07-10 16:35:09;108.86;107.27;107.78;107.97;50.47341637;50.81656637;50.09;2019-07-10 16:32:48;47.63976445;47.28
2019-07-10 16:36:08;108.965;107.23;107.6;107.9316667;50.45537461;50.79852461;50.09;2019-07-10 16:32:48;47.62273856;47.28
2019-07-10 16:37:08;109.335;107.3;107.88;108.1716667;50.56833169;50.91148169;50.09;2019-07-10 16:32:48;47.72933543;47.28
2019-07-10 16:38:08;109.1;107.52;108.23;108.2833333;50.62088811;50.96403811;50.09;2019-07-10 16:32:48;47.77893259;47.28
2019-07-10 16:39:09;108.975;107.49;107.97;108.145;50.5557809;50.8989309;50.09;2019-07-10 16:32:48;47.71749133;47.28
2019-07-10 16:40:09;109.005;107.2;107.71;107.9716667;50.47420079;50.81735079;50.09;2019-07-10 16:32:48;47.6405047;47.28
2019-07-10 16:41:09;108.915;107.21;107.69;107.9383333;50.45851231;50.80166231;50.09;2019-07-10 16:32:48;47.62569958;47.28
2019-07-10 16:42:09;108.305;107.2;107.55;107.685;50.33927983;50.68242983;50.09;2019-07-10 16:32:48;47.51318066;47.28
2019-07-10 16:43:09;108.46;107.31;107.58;107.7833333;50.38556086;50.72871086;50.26;2019-07-10 16:42:48;47.56141355;47.44
2019-07-10 16:44:08;108.235;107.01;107.72;107.655;50.3251602;50.6683102;50.26;2019-07-10 16:42:48;47.50440841;47.44
2019-07-10 16:45:09;107.87;107.05;107.68;107.5333333;50.26789723;50.61104723;50.26;2019-07-10 16:42:48;47.45036457;47.44
2019-07-10 16:46:09;107.635;107.18;107.7;107.505;50.25456202;50.59771202;50.26;2019-07-10 16:42:48;47.43777902;47.44
2019-07-10 16:47:09;107.64;107.23;107.69;107.52;50.26162184;50.60477184;50.26;2019-07-10 16:42:48;47.44444196;47.44
2019-07-10 16:48:09;107.675;107.19;107.64;107.5016667;50.25299317;50.59614317;50.26;2019-07-10 16:42:48;47.43629837;47.44
2019-07-10 16:49:08;107.615;107.21;107.64;107.4883333;50.24671778;50.58986778;50.26;2019-07-10 16:42:48;47.43037575;47.44
2019-07-10 16:50:08;107.385;107.1;107.27;107.2516667;50.13532955;50.47847955;50.26;2019-07-10 16:42:48;47.32524939;47.44
2019-07-10 16:51:08;107.215;106.2;106.61;106.675;49.86391879;50.20706879;50.26;2019-07-10 16:42:48;47.0690964;47.44
2019-07-10 16:52:09;106.625;106;106.26;106.295;49.68507008;50.02822008;50.26;2019-07-10 16:42:48;46.90030195;47.44
2019-07-10 16:53:09;106.44;106.02;106.29;106.25;49.68668125;50.02983125;49.74;2019-07-10 16:52:48;46.88409608;46.93
2019-07-10 16:54:09;106.545;106.52;107.05;106.705;49.90092665;50.24407665;49.74;2019-07-10 16:52:48;47.08622142;46.93
2019-07-10 16:55:08;107.045;106.6;107.09;106.9116667;49.99823957;50.34138957;49.74;2019-07-10 16:52:48;47.17802927;46.93
2019-07-10 16:56:09;107.12;106.86;107.36;107.1133333;50.09319815;50.43634815;49.74;2019-07-10 16:52:48;47.26761596;46.93
2019-07-10 16:57:09;107.855;107.23;107.56;107.5483333;50.29802617;50.64117617;49.74;2019-07-10 16:52:48;47.46085668;46.93
2019-07-10 16:58:09;107.775;107.31;107.64;107.575;50.31058268;50.65373268;49.74;2019-07-10 16:52:48;47.47270285;46.93
2019-07-10 16:59:09;107.865;107.03;107.59;107.495;50.27291316;50.61606316;49.74;2019-07-10 16:52:48;47.43716433;46.93
2019-07-10 17:00:08;107.83;107.29;107.8;107.64;50.34118916;50.68433916;49.74;2019-07-10 16:52:48;47.5015779;46.93
2019-07-10 17:01:09;107.915;107.16;107.7;107.5916667;50.31843049;50.66158049;49.74;2019-07-10 16:52:48;47.48010671;46.93
2019-07-10 17:02:09;107.78;107.16;107.53;107.49;50.27055881;50.61370881;49.74;2019-07-10 16:52:48;47.43494317;46.93
2019-07-10 17:03:09;107.71;107.01;107.55;107.4233333;50.23916754;50.58231754;50.24;2019-07-10 17:02:48;47.39555859;47.4
2019-07-10 17:04:09;107.69;107.09;107.61;107.4633333;50.2580023;50.6011523;50.24;2019-07-10 17:02:48;47.41332422;47.4
2019-07-10 17:05:08;107.635;106.96;107.54;107.3783333;50.21797844;50.56112844;50.24;2019-07-10 17:02:48;47.37557227;47.4
2019-07-10 17:06:08;107.59;106.99;107.64;107.4066667;50.23131973;50.57446973;50.24;2019-07-10 17:02:48;47.38815625;47.4
2019-07-10 17:07:08;107.895;107.28;107.78;107.6516667;50.34668263;50.68983263;50.24;2019-07-10 17:02:48;47.4969707;47.4
2019-07-10 17:08:08;108.1;107.28;107.89;107.7566667;50.39612388;50.73927388;50.24;2019-07-10 17:02:48;47.54360546;47.4
2019-07-10 17:09:09;108.085;107.32;107.89;107.765;50.40004779;50.74319779;50.24;2019-07-10 17:02:48;47.54730663;47.4
2019-07-10 17:10:08;108.095;107.33;107.97;107.7983333;50.41574342;50.75889342;50.24;2019-07-10 17:02:48;47.56211132;47.4
2019-07-10 17:11:09;108.09;107.18;107.77;107.68;50.36002392;50.70317392;50.24;2019-07-10 17:02:48;47.50955468;47.4
2019-07-10 17:12:09;107.775;107.24;107.47;107.495;50.27291316;50.61606316;50.24;2019-07-10 17:02:48;47.42738867;47.4
2019-07-10 17:13:09;107.565;106.93;107.54;107.345;50.20228281;50.54543281;50.2;2019-07-10 17:12:48;47.37074039;47.37
2019-07-10 17:14:09;107.515;106.96;107.41;107.295;50.17873936;50.52188936;50.2;2019-07-10 17:12:48;47.34852871;47.37
2019-07-10 17:15:09;107.29;106.82;107.28;107.13;50.10104597;50.44419597;50.2;2019-07-10 17:12:48;47.27523019;47.37
2019-07-10 17:16:09;107.325;106.99;107.42;107.245;50.15519591;50.49834591;50.2;2019-07-10 17:12:48;47.32631704;47.37
2019-07-10 17:17:09;107.595;107.18;107.42;107.3983333;50.22739582;50.57054582;50.2;2019-07-10 17:12:48;47.39443284;47.37
2019-07-10 17:18:09;107.715;107.08;107.42;107.405;50.23053495;50.57368495;50.2;2019-07-10 17:12:48;47.3973944;47.37
2019-07-10 17:19:09;107.835;107.18;107.42;107.4783333;50.26506534;50.60821534;50.2;2019-07-10 17:12:48;47.42997152;47.37
2019-07-10 17:20:08;107.78;108.4;109.22;108.4666667;50.73044087;51.07359087;50.2;2019-07-10 17:12:48;47.86902229;47.37
2019-07-10 17:21:08;109.13;108.75;109.07;108.9833333;50.97372318;51.31687318;50.2;2019-07-10 17:12:48;48.09854293;47.37
2019-07-10 17:22:08;109.065;107.51;107.89;108.155;50.5836867;50.9268367;50.2;2019-07-10 17:12:48;47.73056952;47.37
2019-07-10 17:23:09;108.215;107.83;108.27;108.105;50.56014325;50.90329325;50.6;2019-07-10 17:22:48;47.70520399;47.74
2019-07-10 17:24:09;107.9;107.39;107.76;107.6833333;50.36159348;50.70474348;50.6;2019-07-10 17:22:48;47.51789784;47.74
2019-07-10 17:25:09;107.74;107.67;108.05;107.82;50.42594558;50.76909558;50.6;2019-07-10 17:22:48;47.57860576;47.74
2019-07-10 17:26:08;107.925;107.25;107.92;107.6983333;50.36865652;50.71180652;50.6;2019-07-10 17:22:48;47.5245609;47.74
2019-07-10 17:27:09;107.955;107.49;108.08;107.8416667;50.43614774;50.77929774;50.6;2019-07-10 17:22:48;47.58823019;47.74
2019-07-10 17:28:08;108.24;107.7;108.08;108.0066667;50.51384113;50.85699113;50.6;2019-07-10 17:22:48;47.6615239;47.74
2019-07-10 17:29:08;108.235;107.96;108.53;108.2416667;50.62449534;50.96764534;50.6;2019-07-10 17:22:48;47.76591192;47.74
2019-07-10 17:30:09;108.69;108.06;108.34;108.3633333;50.6817844;51.0249344;50.6;2019-07-10 17:22:48;47.81995678;47.74
2019-07-10 17:31:09;108.425;108.19;108.7;108.4383333;50.71709958;51.06024958;50.6;2019-07-10 17:22:48;47.8532721;47.74
2019-07-10 17:32:08;108.215;107.9;108.46;108.1916667;50.60095189;50.94410189;50.6;2019-07-10 17:22:48;47.7437017;47.74
2019-07-10 17:33:09;108.69;108.17;108.46;108.44;50.71788436;51.06103436;50.68;2019-07-10 17:32:48;47.81995012;47.78
2019-07-10 17:34:09;107.86;107.81;108.32;107.9966667;50.50913244;50.85228244;50.68;2019-07-10 17:32:48;47.62315879;47.78
2019-07-10 17:35:08;108.385;108;108.13;108.1716667;50.59153451;50.93468451;50.68;2019-07-10 17:32:48;47.70083958;47.78
2019-07-10 17:36:09;108.195;107.63;108.04;107.955;50.4895129;50.8326629;50.68;2019-07-10 17:32:48;47.60466337;47.78
2019-07-10 17:37:09;107.38;106.8;107.57;107.25;50.15755025;50.50070025;50.68;2019-07-10 17:32:48;47.29172077;47.78
2019-07-10 17:38:08;107.365;107.17;107.37;107.3016667;50.18187848;50.52502848;50.68;2019-07-10 17:32:48;47.3146551;47.78
2019-07-10 17:39:08;107.45;107.28;107.62;107.45;50.25172405;50.59487405;50.68;2019-07-10 17:32:48;47.38049881;47.78
2019-07-10 17:40:08;107.66;107.2;107.7;107.52;50.28468488;50.62783488;50.68;2019-07-10 17:32:48;47.41157113;47.78
2019-07-10 17:41:08;107.54;107.3;107.6;107.48;50.26585012;50.60900012;50.68;2019-07-10 17:32:48;47.39381552;47.78
2019-07-10 17:42:09;107.26;106.67;106.75;106.8933333;49.98960697;50.33275697;50.68;2019-07-10 17:32:48;47.13339993;47.78
2019-07-10 17:43:08;106.985;106.9;107.26;107.0483333;50.06259167;50.40574167;49.96;2019-07-10 17:42:48;47.23847076;47.14
2019-07-10 17:44:09;107.23;106.76;107.06;107.0166667;50.04768082;50.39083082;49.96;2019-07-10 17:42:48;47.22440351;47.14
2019-07-10 17:45:09;107.39;107.36;107.37;107.3733333;50.21562409;50.55877409;49.96;2019-07-10 17:42:48;47.38284519;47.14
2019-07-10 17:46:08;107.695;107.53;107.77;107.665;50.35296089;50.69611089;49.96;2019-07-10 17:42:48;47.51241198;47.14
2019-07-10 17:47:09;107.98;107.57;108.06;107.87;50.44948903;50.79263903;49.96;2019-07-10 17:42:48;47.60347893;47.14
2019-07-10 17:48:08;108.05;107.41;107.49;107.65;50.34589785;50.68904785;49.96;2019-07-10 17:42:48;47.50574855;47.14
2019-07-10 17:49:09;107.7;107.61;107.96;107.7566667;50.39612388;50.73927388;49.96;2019-07-10 17:42:48;47.55313298;47.14
2019-07-10 17:50:09;107.955;107.58;107.96;107.8316667;50.43143905;50.77458905;49.96;2019-07-10 17:42:48;47.58645015;47.14
2019-07-10 17:51:09;107.91;107.81;108.21;107.9766667;50.49971506;50.84286506;49.96;2019-07-10 17:42:48;47.65086336;47.14
2019-07-10 17:52:09;108.23;108;108.39;108.2066667;50.60801493;50.95116493;49.96;2019-07-10 17:42:48;47.75303603;47.14
2019-07-10 17:53:08;108.26;107.99;107.99;108.08;50.527939;50.871089;50.63;2019-07-10 17:52:48;47.69080118;47.79
2019-07-10 17:54:08;108.22;108;108.44;108.22;50.59383419;50.93698419;50.63;2019-07-10 17:52:48;47.75298552;47.79
2019-07-10 17:55:09;108.465;108.22;108.49;108.3916667;50.67463425;51.01778425;50.63;2019-07-10 17:52:48;47.82923535;47.79
2019-07-10 17:56:08;108.315;108.04;108.55;108.3016667;50.63227305;50.97542305;50.63;2019-07-10 17:52:48;47.78925971;47.79
2019-07-10 17:57:09;108.485;108.25;108.7;108.4783333;50.71542651;51.05857651;50.63;2019-07-10 17:52:48;47.86773042;47.79
2019-07-10 17:58:08;108.375;108.09;108.48;108.315;50.63854878;50.98169878;50.63;2019-07-10 17:52:48;47.79518203;47.79
2019-07-10 17:59:08;108.39;108.19;108.54;108.3733333;50.66600511;51.00915511;50.63;2019-07-10 17:52:48;47.82109217;47.79
