2019-07-12 06:00:47;0.32533;0.3251;0.32535;0.32526;15.11177441;15.22924241;15.06;2019-07-12 06:00:17;14.3259978;14.28
2019-07-12 06:01:47;0.32512;0.32509;0.3245;0.3249033333;15.09507465;15.21254265;15.06;2019-07-12 06:00:17;14.31016527;14.28
2019-07-12 06:02:47;0.32533;0.32508;0.3245;0.32497;15.0981961;15.2156641;15.06;2019-07-12 06:00:17;14.31312462;14.28
2019-07-12 06:03:47;0.32545;0.32509;0.3245;0.3250133333;15.10022504;15.21769304;15.06;2019-07-12 06:00:17;14.3150482;14.28
2019-07-12 06:04:47;0.32602;0.32543;0.32524;0.3255633333;15.125977;15.243445;15.06;2019-07-12 06:00:17;14.33946286;14.28
2019-07-12 06:05:47;0.32624;0.32612;0.32574;0.3260333333;15.14798323;15.26545123;15.06;2019-07-12 06:00:17;14.36032629;14.28
2019-07-12 06:06:47;0.3264;0.32629;0.3263;0.32633;15.16187368;15.27934168;15.06;2019-07-12 06:00:17;14.37349541;14.28
2019-07-12 06:07:47;0.32609;0.32633;0.32557;0.3259966667;15.14626643;15.26373443;15.06;2019-07-12 06:00:17;14.35869865;14.28
2019-07-12 06:08:47;0.32632;0.32644;0.32582;0.3261933333;15.15547471;15.27294271;15.06;2019-07-12 06:00:17;14.36742874;14.28
2019-07-12 06:09:47;0.32643;0.32613;0.32596;0.3261733333;15.15453827;15.27200627;15.06;2019-07-12 06:00:17;14.36654093;14.28
2019-07-12 06:10:47;0.32639;0.32616;0.32579;0.3261133333;15.15172897;15.26919697;15.12;2019-07-12 06:10:17;14.35629545;14.33
2019-07-12 06:11:47;0.32586;0.32593;0.32553;0.3257733333;15.13580957;15.25327757;15.12;2019-07-12 06:10:17;14.34121066;14.33
2019-07-12 06:12:47;0.32598;0.32607;0.32568;0.32591;15.14220854;15.25967654;15.12;2019-07-12 06:10:17;14.34727416;14.33
2019-07-12 06:13:47;0.32604;0.32627;0.32568;0.3259966667;15.14626643;15.26373443;15.12;2019-07-12 06:10:17;14.3511193;14.33
2019-07-12 06:14:47;0.32591;0.32595;0.32568;0.3258466667;15.13924317;15.25671117;15.12;2019-07-12 06:10:17;14.34446424;14.33
2019-07-12 06:15:47;0.3258;0.326;0.32551;0.32577;15.1356535;15.2531215;15.12;2019-07-12 06:10:17;14.34106277;14.33
2019-07-12 06:16:47;0.3254;0.32548;0.32523;0.32537;15.1169248;15.2343928;15.12;2019-07-12 06:10:17;14.32331596;14.33
2019-07-12 06:17:47;0.32553;0.32508;0.3251;0.3252366667;15.1106819;15.2281499;15.12;2019-07-12 06:10:17;14.31740035;14.33
2019-07-12 06:18:47;0.32548;0.3254;0.32499;0.32529;15.11317906;15.23064706;15.12;2019-07-12 06:10:17;14.3197666;14.33
2019-07-12 06:19:47;0.32534;0.32551;0.32508;0.32531;15.11411549;15.23158349;15.12;2019-07-12 06:10:17;14.32065394;14.33
2019-07-12 06:20:47;0.32554;0.32508;0.32501;0.32521;15.10943332;15.22690132;15.09;2019-07-12 06:20:18;14.32245158;14.3
2019-07-12 06:21:47;0.32538;0.32525;0.32493;0.3251866667;15.10834081;15.22580881;15.09;2019-07-12 06:20:18;14.3214159;14.3
2019-07-12 06:22:47;0.32543;0.32523;0.32488;0.32518;15.10802867;15.22549667;15.09;2019-07-12 06:20:18;14.32111999;14.3
2019-07-12 06:23:47;0.32598;0.32592;0.32539;0.3257633333;15.13534135;15.25280935;15.09;2019-07-12 06:20:18;14.34701194;14.3
2019-07-12 06:24:47;0.32616;0.32609;0.32562;0.3259566667;15.14439356;15.26186156;15.09;2019-07-12 06:20:18;14.35559328;14.3
2019-07-12 06:25:47;0.32582;0.32565;0.32531;0.3255933333;15.12738166;15.24484966;15.09;2019-07-12 06:20:18;14.33946629;14.3
2019-07-12 06:26:47;0.32582;0.32604;0.32584;0.3259;15.14174033;15.25920833;15.09;2019-07-12 06:20:18;14.35307806;14.3
2019-07-12 06:27:47;0.32595;0.32606;0.3253;0.32577;15.1356535;15.2531215;15.09;2019-07-12 06:20:18;14.34730785;14.3
2019-07-12 06:28:47;0.32567;0.32594;0.32525;0.32562;15.12863024;15.24609824;15.09;2019-07-12 06:20:18;14.34064992;14.3
2019-07-12 06:29:47;0.32528;0.32587;0.32501;0.3253866667;15.11770516;15.23517316;15.09;2019-07-12 06:20:18;14.33029314;14.3
2019-07-12 06:30:47;0.32536;0.32588;0.32501;0.3254166667;15.12211992;15.23958792;15.1;2019-07-12 06:30:18;14.32666781;14.31
2019-07-12 06:31:47;0.32516;0.32588;0.32496;0.3253333333;15.11821733;15.23568533;15.1;2019-07-12 06:30:18;14.32297023;14.31
2019-07-12 06:32:47;0.32522;0.32512;0.32492;0.3250866667;15.10666569;15.22413369;15.1;2019-07-12 06:30:18;14.31202539;14.31
2019-07-12 06:33:47;0.3252;0.3254;0.32484;0.3251466667;15.10947555;15.22694355;15.1;2019-07-12 06:30:18;14.31468765;14.31
2019-07-12 06:34:47;0.32531;0.3254;0.32484;0.3251833333;15.11119268;15.22866068;15.1;2019-07-12 06:30:18;14.31631458;14.31
2019-07-12 06:35:47;0.32532;0.32535;0.32491;0.3251933333;15.11166099;15.22912899;15.1;2019-07-12 06:30:18;14.31675829;14.31
2019-07-12 06:36:47;0.32528;0.32535;0.32494;0.32519;15.11150489;15.22897289;15.1;2019-07-12 06:30:18;14.31661039;14.31
2019-07-12 06:37:47;0.3251;0.32508;0.32472;0.3249666667;15.10104597;15.21851397;15.1;2019-07-12 06:30:18;14.30670087;14.31
2019-07-12 06:38:47;0.32524;0.32522;0.32472;0.32506;15.10541686;15.22288486;15.1;2019-07-12 06:30:18;14.31084216;14.31
2019-07-12 06:39:47;0.32527;0.32547;0.32488;0.3252066667;15.11228541;15.22975341;15.1;2019-07-12 06:30:18;14.3173499;14.31
2019-07-12 06:40:47;0.3256;0.32558;0.32561;0.3255966667;15.1305495;15.2480175;15.09;2019-07-12 06:40:18;14.33533397;14.3
2019-07-12 06:41:47;0.32543;0.32585;0.32575;0.3256766667;15.13429598;15.25176398;15.09;2019-07-12 06:40:18;14.33888382;14.3
2019-07-12 06:42:47;0.32516;0.32566;0.32488;0.3252333333;15.11353423;15.23100223;15.09;2019-07-12 06:40:18;14.31921176;14.3
2019-07-12 06:43:47;0.32542;0.32537;0.32507;0.3252866667;15.11603189;15.23349989;15.09;2019-07-12 06:40:18;14.32157832;14.3
2019-07-12 06:44:47;0.32541;0.32538;0.32498;0.3252566667;15.11462696;15.23209496;15.09;2019-07-12 06:40:18;14.32024713;14.3
2019-07-12 06:45:47;0.32578;0.32537;0.3249;0.32535;15.11899785;15.23646585;15.09;2019-07-12 06:40:18;14.32438862;14.3
2019-07-12 06:46:47;0.32569;0.32605;0.32511;0.3256166667;15.13148612;15.24895412;15.09;2019-07-12 06:40:18;14.33622143;14.3
2019-07-12 06:47:47;0.32575;0.326;0.32517;0.32564;15.13257884;15.25004684;15.09;2019-07-12 06:40:18;14.3372568;14.3
2019-07-12 06:48:47;0.32597;0.32604;0.32546;0.3258233333;15.14116452;15.25863252;15.09;2019-07-12 06:40:18;14.34539186;14.3
2019-07-12 06:49:46;0.32615;0.32604;0.32565;0.3259466667;15.14694035;15.26440835;15.09;2019-07-12 06:40:18;14.35086454;14.3
2019-07-12 06:50:47;0.32636;0.32634;0.3259;0.3262;15.1588042;15.2762722;15.12;2019-07-12 06:50:19;14.36438685;14.33
2019-07-12 06:51:47;0.32617;0.32635;0.3259;0.32614;15.15599434;15.27346234;15.12;2019-07-12 06:50:19;14.36172404;14.33
2019-07-12 06:52:47;0.32621;0.32635;0.326;0.3261866667;15.15817979;15.27564779;15.12;2019-07-12 06:50:19;14.36379511;14.33
2019-07-12 06:53:47;0.32609;0.3264;0.32588;0.3261233333;15.15521382;15.27268182;15.12;2019-07-12 06:50:19;14.36098438;14.33
2019-07-12 06:54:47;0.32608;0.3261;0.32595;0.3260433333;15.15146734;15.26893534;15.12;2019-07-12 06:50:19;14.35743397;14.33
2019-07-12 06:55:47;0.3262;0.32609;0.32643;0.32624;15.16067744;15.27814544;15.12;2019-07-12 06:50:19;14.36616205;14.33
2019-07-12 06:56:47;0.32631;0.32632;0.326;0.32621;15.15927251;15.27674051;15.12;2019-07-12 06:50:19;14.36483065;14.33
2019-07-12 06:57:47;0.32628;0.32632;0.326;0.3262;15.1588042;15.2762722;15.12;2019-07-12 06:50:19;14.36438685;14.33
2019-07-12 06:58:47;0.32639;0.32651;0.3262;0.3263666667;15.16660937;15.28407737;15.12;2019-07-12 06:50:19;14.37178352;14.33
2019-07-12 06:59:47;0.32643;0.32638;0.32608;0.3262966667;15.1633312;15.2807992;15.12;2019-07-12 06:50:19;14.36867692;14.33
2019-07-12 07:00:47;0.32643;0.32638;0.326;0.32627;15.16208237;15.27955037;15.12;2019-07-12 07:00:18;14.36760855;14.33
2019-07-12 07:01:47;0.32636;0.3266;0.32619;0.3263833333;15.16738988;15.28485788;15.12;2019-07-12 07:00:18;14.37263833;14.33
2019-07-12 07:02:47;0.32814;0.32785;0.3277;0.3278966667;15.2382608;15.3557288;15.12;2019-07-12 07:00:18;14.43980067;14.33
2019-07-12 07:03:47;0.32847;0.32858;0.32886;0.3286366667;15.27291574;15.39038374;15.12;2019-07-12 07:00:18;14.47264217;14.33
2019-07-12 07:04:47;0.32857;0.3289;0.32855;0.3286733333;15.27463287;15.39210087;15.12;2019-07-12 07:00:18;14.47426945;14.33
2019-07-12 07:05:47;0.32855;0.32877;0.32847;0.3285966667;15.2710425;15.3885105;15.12;2019-07-12 07:00:18;14.47086695;14.33
2019-07-12 07:06:47;0.3285;0.32868;0.32833;0.3285033333;15.2666716;15.3841396;15.12;2019-07-12 07:00:18;14.46672478;14.33
2019-07-12 07:07:47;0.32846;0.3285;0.32826;0.3284066667;15.26214461;15.37961261;15.12;2019-07-12 07:00:18;14.46243468;14.33
2019-07-12 07:08:47;0.32837;0.3285;0.32855;0.3284733333;15.26526667;15.38273467;15.12;2019-07-12 07:00:18;14.46539337;14.33
2019-07-12 07:09:47;0.32842;0.32859;0.32803;0.3283466667;15.25933475;15.37680275;15.12;2019-07-12 07:00:18;14.45977185;14.33
2019-07-12 07:10:47;0.32849;0.32832;0.32885;0.3285533333;15.26901315;15.38648115;15.19;2019-07-12 07:10:18;14.4575967;14.38
2019-07-12 07:11:47;0.32799;0.32859;0.32852;0.3283666667;15.26027137;15.37773937;15.19;2019-07-12 07:10:18;14.4493188;14.38
2019-07-12 07:12:47;0.32824;0.3284;0.3281;0.3282466667;15.25465165;15.37211965;15.19;2019-07-12 07:10:18;14.4439973;14.38
2019-07-12 07:13:47;0.32853;0.32817;0.32854;0.3284133333;15.26245681;15.37992481;15.19;2019-07-12 07:10:18;14.45138827;14.38
2019-07-12 07:14:47;0.32855;0.32861;0.329;0.32872;15.27681832;15.39428632;15.19;2019-07-12 07:10:18;14.46498767;14.38
2019-07-12 07:15:47;0.32854;0.32864;0.32834;0.3285066667;15.26682771;15.38429571;15.19;2019-07-12 07:10:18;14.45552722;14.38
2019-07-12 07:16:47;0.3304;0.3299;0.33;0.3301;15.3414451;15.4589131;15.19;2019-07-12 07:10:18;14.52618497;14.38
2019-07-12 07:17:47;0.33116;0.33098;0.33115;0.3310966667;15.38812;15.505588;15.19;2019-07-12 07:10:18;14.57038302;14.38
2019-07-12 07:18:47;0.3334;0.33275;0.333;0.33305;15.47959655;15.59706455;15.19;2019-07-12 07:10:18;14.65700528;14.38
2019-07-12 07:19:47;0.3318;0.33243;0.33249;0.33224;15.44166344;15.55913144;15.19;2019-07-12 07:10:18;14.62108513;14.38
2019-07-12 07:20:47;0.33177;0.33218;0.33202;0.33199;15.42378068;15.54124868;15.3;2019-07-12 07:20:19;14.62370643;14.51
2019-07-12 07:21:47;0.33144;0.33115;0.33148;0.3313566667;15.39413282;15.51160082;15.3;2019-07-12 07:20:19;14.59559457;14.51
2019-07-12 07:22:49;0.33146;0.33116;0.331;0.3312066667;15.38711096;15.50457896;15.3;2019-07-12 07:20:19;14.58893649;14.51
2019-07-12 07:23:47;0.33163;0.33141;0.3317;0.33158;15.40458759;15.52205559;15.3;2019-07-12 07:20:19;14.6055077;14.51
2019-07-12 07:24:47;0.33228;0.332;0.33195;0.3320766667;15.42783775;15.54530575;15.3;2019-07-12 07:20:19;14.62755332;14.51
2019-07-12 07:25:47;0.33164;0.33192;0.33198;0.3318466667;15.4170709;15.5345389;15.3;2019-07-12 07:20:19;14.61734427;14.51
2019-07-12 07:26:48;0.33231;0.33181;0.3322;0.3321066667;15.42924212;15.54671012;15.3;2019-07-12 07:20:19;14.62888494;14.51
2019-07-12 07:27:47;0.33181;0.33165;0.33213;0.3318633333;15.41785111;15.53531911;15.3;2019-07-12 07:20:19;14.61808406;14.51
2019-07-12 07:28:47;0.33166;0.33154;0.3319;0.3317;15.41020508;15.52767308;15.3;2019-07-12 07:20:19;14.61083416;14.51
2019-07-12 07:29:47;0.33162;0.33156;0.3319;0.3316933333;15.409893;15.527361;15.3;2019-07-12 07:20:19;14.61053824;14.51
2019-07-12 07:30:47;0.3318;0.33127;0.33165;0.3315733333;15.40427551;15.52174351;15.29;2019-07-12 07:30:18;14.58967723;14.48
2019-07-12 07:31:47;0.33145;0.331;0.3314;0.3312833333;15.39069991;15.50816791;15.29;2019-07-12 07:30:18;14.57681854;14.48
2019-07-12 07:32:47;0.33267;0.33151;0.33275;0.33231;15.43876064;15.55622864;15.29;2019-07-12 07:30:18;14.62234125;14.48
2019-07-12 07:33:47;0.33253;0.33194;0.33222;0.33223;15.43501565;15.55248365;15.29;2019-07-12 07:30:18;14.61879403;14.48
2019-07-12 07:34:49;0.33222;0.33192;0.33212;0.3320866667;15.42830587;15.54577387;15.29;2019-07-12 07:30:18;14.61243858;14.48
2019-07-12 07:35:47;0.33269;0.33256;0.33253;0.3325933333;15.45202416;15.56949216;15.31;2019-07-12 07:35:03;14.64490786;14.51
2019-07-12 07:36:47;0.33265;0.33215;0.33243;0.33241;15.44344188;15.56090988;15.31;2019-07-12 07:35:03;14.63677329;14.51
2019-07-12 07:37:47;0.33216;0.3322;0.3324;0.3322533333;15.43610794;15.55357594;15.31;2019-07-12 07:35:03;14.62982193;14.51
2019-07-12 07:38:47;0.33262;0.33244;0.33271;0.33259;15.45186812;15.56933612;15.31;2019-07-12 07:35:03;14.64475995;14.51
2019-07-12 07:39:47;0.33293;0.33264;0.333;0.3328566667;15.46435142;15.58181942;15.31;2019-07-12 07:35:03;14.65659206;14.51
2019-07-12 07:40:47;0.33351;0.33324;0.3331;0.3332833333;15.48432471;15.60179271;15.31;2019-07-12 07:35:03;14.67552342;14.51
2019-07-12 07:41:47;0.33376;0.333;0.33344;0.3334;15.48978616;15.60725416;15.31;2019-07-12 07:35:03;14.68069997;14.51
2019-07-12 07:42:47;0.33416;0.333;0.33399;0.3337166667;15.50461009;15.62207809;15.31;2019-07-12 07:35:03;14.69475059;14.51
2019-07-12 07:43:47;0.33461;0.33432;0.3342;0.3343766667;15.53550627;15.65297427;15.31;2019-07-12 07:35:03;14.72403504;14.51
2019-07-12 07:44:47;0.33597;0.33528;0.33597;0.33574;15.59932718;15.71679518;15.31;2019-07-12 07:35:03;14.78452666;14.51
2019-07-12 07:45:47;0.33571;0.33536;0.3358;0.3356233333;15.59386573;15.71133373;15.43;2019-07-12 07:45:02;14.77992428;14.62
2019-07-12 07:46:47;0.33638;0.336;0.33575;0.3360433333;15.61352694;15.73099494;15.43;2019-07-12 07:45:02;14.79856056;14.62
2019-07-12 07:47:47;0.33663;0.33633;0.33606;0.33634;15.62741462;15.74488262;15.43;2019-07-12 07:45:02;14.81172428;14.62
2019-07-12 07:48:47;0.33708;0.33709;0.3368;0.33699;15.65784268;15.77531068;15.43;2019-07-12 07:45:02;14.84056614;14.62
2019-07-12 07:49:47;0.33774;0.33708;0.33799;0.3376033333;15.68655428;15.80402228;15.43;2019-07-12 07:45:02;14.86778102;14.62
2019-07-12 07:50:47;0.33775;0.338;0.33824;0.3379966667;15.70496716;15.82243516;15.43;2019-07-12 07:45:02;14.88523405;14.62
2019-07-12 07:51:47;0.33766;0.338;0.338;0.3378866667;15.69981779;15.81728579;15.43;2019-07-12 07:45:02;14.88035312;14.62
2019-07-12 07:52:47;0.3371;0.338;0.33756;0.3375533333;15.68421366;15.80168166;15.43;2019-07-12 07:45:02;14.86556242;14.62
2019-07-12 07:53:47;0.33668;0.3371;0.337;0.3369266667;15.65487789;15.77234589;15.43;2019-07-12 07:45:02;14.83775591;14.62
2019-07-12 07:54:47;0.33673;0.33701;0.33654;0.33676;15.64707582;15.76454382;15.43;2019-07-12 07:45:02;14.83036056;14.62
2019-07-12 07:55:47;0.33624;0.337;0.33646;0.3365666667;15.63802543;15.75549343;15.46;2019-07-12 07:55:02;14.81467907;14.65
2019-07-12 07:56:47;0.336;0.337;0.33654;0.3365133333;15.63552877;15.75299677;15.46;2019-07-12 07:55:02;14.81231369;14.65
2019-07-12 07:57:47;0.33587;0.33614;0.33601;0.3360066667;15.61181048;15.72927848;15.46;2019-07-12 07:55:02;14.78984252;14.65
2019-07-12 07:58:47;0.33537;0.33544;0.33546;0.3354233333;15.58450325;15.70197125;15.46;2019-07-12 07:55:02;14.76397111;14.65
2019-07-12 07:59:49;0.33599;0.33599;0.33546;0.3358133333;15.60276009;15.72022809;15.46;2019-07-12 07:55:02;14.78126799;14.65
2019-07-12 08:00:47;0.33653;0.33647;0.33636;0.3364533333;15.63272002;15.75018802;15.46;2019-07-12 07:55:02;14.80965263;14.65
2019-07-12 08:01:47;0.33674;0.33651;0.33675;0.3366666667;15.64270667;15.76017467;15.46;2019-07-12 07:55:02;14.81911417;14.65
2019-07-12 08:02:47;0.33645;0.33648;0.33609;0.33634;15.62741462;15.74488262;15.46;2019-07-12 07:55:02;14.80462618;14.65
2019-07-12 08:03:47;0.33632;0.33627;0.33632;0.3363033333;15.62569816;15.74316616;15.46;2019-07-12 07:55:02;14.80299998;14.65
2019-07-12 08:04:47;0.33608;0.33639;0.33612;0.3361966667;15.62070484;15.73817284;15.46;2019-07-12 07:55:02;14.79826921;14.65
2019-07-12 08:05:47;0.33577;0.3359;0.33582;0.33583;15.60354029;15.72100829;15.44;2019-07-12 08:05:02;14.79297894;14.64
2019-07-12 08:06:47;0.33489;0.335;0.33446;0.3347833333;15.55454331;15.67201131;15.44;2019-07-12 08:05:02;14.74652404;14.64
2019-07-12 08:07:47;0.33488;0.335;0.33499;0.3349566667;15.56265746;15.68012546;15.44;2019-07-12 08:05:02;14.75421721;14.64
2019-07-12 08:08:47;0.33475;0.335;0.33474;0.33483;15.55672789;15.67419589;15.44;2019-07-12 08:05:02;14.74859528;14.64
2019-07-12 08:09:47;0.33446;0.335;0.33422;0.33456;15.54408854;15.66155654;15.44;2019-07-12 08:05:02;14.73661169;14.64
2019-07-12 08:10:47;0.33446;0.33408;0.33505;0.33453;15.54268417;15.66015217;15.44;2019-07-12 08:05:02;14.73528018;14.64
2019-07-12 08:11:47;0.33509;0.33461;0.335;0.3349;15.56000476;15.67747276;15.44;2019-07-12 08:05:02;14.75170214;14.64
2019-07-12 08:12:47;0.33467;0.33508;0.33505;0.3349333333;15.56156517;15.67903317;15.44;2019-07-12 08:05:02;14.75318159;14.64
2019-07-12 08:13:47;0.33711;0.33692;0.337;0.33701;15.65877892;15.77624692;15.44;2019-07-12 08:05:02;14.84535166;14.64
2019-07-12 08:14:47;0.339;0.3386;0.3385;0.3387;15.73789188;15.85535988;15.44;2019-07-12 08:05:02;14.92036005;14.64
2019-07-12 08:15:47;0.34275;0.34256;0.34254;0.3426166667;15.92124045;16.03870845;15.53;2019-07-12 08:15:02;15.09189659;14.72
2019-07-12 08:16:47;0.34578;0.34499;0.34561;0.34546;16.0543437;16.1718117;15.53;2019-07-12 08:15:02;15.21807505;14.72
2019-07-12 08:17:47;0.34659;0.34612;0.34804;0.3469166667;16.12253377;16.24000177;15.53;2019-07-12 08:15:02;15.28271747;14.72
2019-07-12 08:18:47;0.34794;0.34735;0.34864;0.3479766667;16.17215491;16.28962291;15.53;2019-07-12 08:15:02;15.32975704;14.72
2019-07-12 08:19:47;0.34783;0.3474;0.34846;0.3478966667;16.16840992;16.28587792;15.53;2019-07-12 08:15:02;15.32620688;14.72
2019-07-12 08:20:47;0.34503;0.34407;0.3456;0.3449;16.02812876;16.14559676;15.53;2019-07-12 08:15:02;15.19322396;14.72
2019-07-12 08:21:47;0.34677;0.34722;0.34716;0.34705;16.12877542;16.24624342;15.53;2019-07-12 08:15:02;15.2886344;14.72
2019-07-12 08:22:47;0.34501;0.34469;0.3449;0.3448666667;16.02656835;16.14403635;15.53;2019-07-12 08:15:02;15.19174473;14.72
2019-07-12 08:23:47;0.34437;0.34503;0.34513;0.3448433333;16.02547606;16.14294406;15.53;2019-07-12 08:15:02;15.19070926;14.72
2019-07-12 08:24:47;0.34324;0.344;0.3441;0.34378;15.97569887;16.09316687;15.53;2019-07-12 08:15:02;15.14352177;14.72
2019-07-12 08:25:47;0.34345;0.34372;0.34391;0.3436933333;15.97236012;16.08982812;15.7;2019-07-12 08:25:02;15.13916468;14.88
2019-07-12 08:26:47;0.3434;0.34394;0.34417;0.3438366667;15.97907019;16.09653819;15.7;2019-07-12 08:25:02;15.14552517;14.88
2019-07-12 08:27:47;0.3431;0.34383;0.34395;0.3436266667;15.96923915;16.08670715;15.7;2019-07-12 08:25:02;15.13620632;14.88
2019-07-12 08:28:47;0.34236;0.34324;0.3434;0.343;15.93990207;16.05737007;15.7;2019-07-12 08:25:02;15.1083977;14.88
2019-07-12 08:29:47;0.34359;0.34395;0.34384;0.3437933333;15.97704157;16.09450957;15.7;2019-07-12 08:25:02;15.14360223;14.88
2019-07-12 08:30:47;0.34325;0.34364;0.3438;0.3435633333;15.96627423;16.08374223;15.7;2019-07-12 08:25:02;15.13339587;14.88
2019-07-12 08:31:47;0.34334;0.34364;0.3438;0.3435933333;15.96767867;16.08514667;15.7;2019-07-12 08:25:02;15.13472714;14.88
2019-07-12 08:32:47;0.34367;0.34394;0.34345;0.3436866667;15.97204802;16.08951602;15.7;2019-07-12 08:25:02;15.13886885;14.88
2019-07-12 08:33:47;0.3443;0.34453;0.344;0.3442766667;15.99966857;16.11713657;15.7;2019-07-12 08:25:02;15.16505037;14.88
2019-07-12 08:34:47;0.34477;0.34498;0.34552;0.34509;16.03774435;16.15521235;15.7;2019-07-12 08:25:02;15.20114241;14.88
2019-07-12 08:35:47;0.34454;0.34526;0.3454;0.3450666667;16.03665202;16.15412002;15.76;2019-07-12 08:35:02;15.20484682;14.94
2019-07-12 08:36:47;0.34331;0.34344;0.34371;0.3434866667;15.96268512;16.08015312;15.76;2019-07-12 08:35:02;15.13471189;14.94
2019-07-12 08:37:47;0.34189;0.34303;0.34261;0.34251;15.91696297;16.03443097;15.76;2019-07-12 08:35:02;15.09135844;14.94
2019-07-12 08:38:47;0.34059;0.34163;0.34142;0.3412133333;15.85626018;15.97372818;15.76;2019-07-12 08:35:02;15.03380044;14.94
2019-07-12 08:39:47;0.34038;0.34023;0.34014;0.34025;15.81116222;15.92863022;15.76;2019-07-12 08:35:02;14.99103885;14.94
2019-07-12 08:40:47;0.3407;0.34084;0.34196;0.3411666667;15.85407551;15.97154351;15.76;2019-07-12 08:35:02;15.03172895;14.94
2019-07-12 08:41:48;0.33986;0.34054;0.34094;0.3404466667;15.82036907;15.93783707;15.76;2019-07-12 08:35:02;14.99976872;14.94
2019-07-12 08:42:47;0.34012;0.34055;0.341;0.3405566667;15.82551867;15.94298667;15.76;2019-07-12 08:35:02;15.00465154;14.94
2019-07-12 08:43:47;0.34089;0.34141;0.34214;0.34148;15.86874405;15.98621205;15.76;2019-07-12 08:35:02;15.04563756;14.94
2019-07-12 08:44:47;0.3405;0.34089;0.34149;0.34096;15.84440051;15.96186851;15.76;2019-07-12 08:35:02;15.02255518;14.94
2019-07-12 08:45:47;0.34058;0.3413;0.34199;0.34129;15.85984929;15.97731729;15.62;2019-07-12 08:45:04;15.03998417;14.81
2019-07-12 08:46:47;0.3415;0.3417;0.34228;0.3418266667;15.88497307;16.00244107;15.62;2019-07-12 08:45:04;15.06381075;14.81
2019-07-12 08:47:47;0.34137;0.34185;0.34226;0.3418266667;15.88497307;16.00244107;15.62;2019-07-12 08:45:04;15.06381075;14.81
2019-07-12 08:48:47;0.3412;0.3418;0.34231;0.34177;15.88232025;15.99978825;15.62;2019-07-12 08:45:04;15.0612949;14.81
2019-07-12 08:49:47;0.34031;0.3417;0.34108;0.34103;15.84767752;15.96514552;15.62;2019-07-12 08:45:04;15.02844086;14.81
2019-07-12 08:50:47;0.34014;0.3401;0.34055;0.3402633333;15.81178642;15.92925442;15.62;2019-07-12 08:45:04;14.9944029;14.81
2019-07-12 08:51:47;0.34051;0.34101;0.34199;0.34117;15.85423155;15.97169955;15.62;2019-07-12 08:45:04;15.03465649;14.81
2019-07-12 08:52:47;0.34002;0.3407;0.34074;0.3404866667;15.82224165;15.93970965;15.62;2019-07-12 08:45:04;15.0043183;14.81
2019-07-12 08:53:47;0.33956;0.3407;0.34035;0.3402033333;15.80897755;15.92644555;15.62;2019-07-12 08:45:04;14.99173906;14.81
2019-07-12 08:54:47;0.3406;0.3407;0.34051;0.3406033333;15.82770334;15.94517134;15.62;2019-07-12 08:45:04;15.00949799;14.81
2019-07-12 08:55:47;0.33992;0.34093;0.34088;0.3405766667;15.82645496;15.94392296;15.63;2019-07-12 08:55:04;15.00890282;14.82
2019-07-12 08:56:47;0.34011;0.3407;0.34063;0.34048;15.82192956;15.93939756;15.63;2019-07-12 08:55:04;15.00461091;14.82
2019-07-12 08:57:47;0.34055;0.3407;0.34102;0.3407566667;15.83488156;15.95234956;15.63;2019-07-12 08:55:04;15.01689465;14.82
2019-07-12 08:58:47;0.34108;0.3412;0.34192;0.3414;15.86499889;15.98246689;15.63;2019-07-12 08:55:04;15.04545806;14.82
2019-07-12 08:59:47;0.34142;0.34214;0.34222;0.3419266667;15.88965452;16.00712252;15.63;2019-07-12 08:55:04;15.06884157;14.82
2019-07-12 09:00:47;0.34244;0.34201;0.34292;0.3424566667;15.9144662;16.0319342;15.63;2019-07-12 08:55:04;15.09237308;14.82
2019-07-12 09:01:47;0.34315;0.34337;0.34358;0.3433666667;15.95706738;16.07453538;15.63;2019-07-12 08:55:04;15.13277624;14.82
2019-07-12 09:02:47;0.34245;0.34273;0.34334;0.34284;15.93241175;16.04987975;15.63;2019-07-12 08:55:04;15.10939272;14.82
2019-07-12 09:03:47;0.34244;0.34286;0.34335;0.3428833333;15.93444038;16.05190838;15.63;2019-07-12 08:55:04;15.11131668;14.82
2019-07-12 09:04:47;0.34247;0.34262;0.34318;0.3427566667;15.92851054;16.04597854;15.63;2019-07-12 08:55:04;15.1056928;14.82
2019-07-12 09:05:47;0.34297;0.34313;0.34368;0.34326;15.95207384;16.06954184;15.69;2019-07-12 09:05:02;15.12164405;14.87
2019-07-12 09:06:47;0.3434;0.3435;0.34478;0.3438933333;15.98172301;16.09919101;15.69;2019-07-12 09:05:02;15.14975166;14.87
2019-07-12 09:07:47;0.34346;0.3435;0.34421;0.3437233333;15.97376455;16.09123255;15.69;2019-07-12 09:05:02;15.14220699;14.87
2019-07-12 09:08:47;0.34507;0.34506;0.34527;0.3451333333;16.03977298;16.15724098;15.69;2019-07-12 09:05:02;15.20478341;14.87
2019-07-12 09:09:47;0.34473;0.345;0.34509;0.34494;16.03072218;16.14819018;15.69;2019-07-12 09:05:02;15.19620319;14.87
2019-07-12 09:10:47;0.34446;0.34451;0.34556;0.3448433333;16.02619678;16.14366478;15.69;2019-07-12 09:05:02;15.19191308;14.87
2019-07-12 09:11:47;0.34356;0.3442;0.34416;0.3439733333;15.98546817;16.10293617;15.69;2019-07-12 09:05:02;15.1533021;14.87
2019-07-12 09:12:47;0.34347;0.34339;0.34404;0.3436333333;15.96955125;16.08701925;15.69;2019-07-12 09:05:02;15.13821275;14.87
2019-07-12 09:13:47;0.3427;0.34311;0.34364;0.34315;15.94692424;16.06439224;15.69;2019-07-12 09:05:02;15.1167622;14.87
2019-07-12 09:14:46;0.34268;0.34253;0.34314;0.3427833333;15.92975893;16.04722693;15.69;2019-07-12 09:05:02;15.10048937;14.87
2019-07-12 09:15:47;0.34251;0.34305;0.34314;0.3429;15.9403847;16.0578527;15.7;2019-07-12 09:15:03;15.10964086;14.88
2019-07-12 09:16:47;0.34179;0.34295;0.34254;0.3424266667;15.91821871;16.03568671;15.7;2019-07-12 09:15:03;15.08862863;14.88
2019-07-12 09:17:47;0.34168;0.34223;0.34262;0.3421766667;15.90651132;16.02397932;15.7;2019-07-12 09:15:03;15.07753062;14.88
2019-07-12 09:18:47;0.34193;0.34257;0.34327;0.34259;15.92586753;16.04333553;15.7;2019-07-12 09:15:03;15.09587933;14.88
2019-07-12 09:19:47;0.34224;0.3428;0.34294;0.34266;15.9291456;16.0466136;15.7;2019-07-12 09:15:03;15.09898677;14.88
2019-07-12 09:20:47;0.34264;0.34343;0.3436;0.3432233333;15.95552625;16.07299425;15.7;2019-07-12 09:15:03;15.12399428;14.88
2019-07-12 09:21:47;0.34285;0.34359;0.34395;0.3434633333;15.96676534;16.08423334;15.7;2019-07-12 09:15:03;15.13464837;14.88
2019-07-12 09:22:47;0.34325;0.34387;0.34405;0.3437233333;15.97894102;16.09640902;15.7;2019-07-12 09:15:03;15.14619029;14.88
2019-07-12 09:23:47;0.34349;0.344;0.34439;0.34396;15.99002402;16.10749202;15.7;2019-07-12 09:15:03;15.15669641;14.88
2019-07-12 09:24:47;0.34305;0.344;0.34442;0.3438233333;15.98362398;16.10109198;15.7;2019-07-12 09:15:03;15.1506295;14.88
2019-07-12 09:25:47;0.34243;0.344;0.34341;0.34328;15.95817992;16.07564792;15.73;2019-07-12 09:25:02;15.12735078;14.91
2019-07-12 09:26:47;0.34248;0.34332;0.34329;0.34303;15.94647254;16.06394054;15.73;2019-07-12 09:25:02;15.11625216;14.91
2019-07-12 09:27:47;0.3416;0.34203;0.34274;0.3421233333;15.90401374;16.02148174;15.73;2019-07-12 09:25:02;15.07600117;14.91
2019-07-12 09:28:47;0.34171;0.34238;0.34207;0.3420533333;15.90073568;16.01820368;15.73;2019-07-12 09:25:02;15.07289355;14.91
2019-07-12 09:29:47;0.34158;0.34238;0.34232;0.3420933333;15.90260886;16.02007686;15.73;2019-07-12 09:25:02;15.07466933;14.91
2019-07-12 09:30:47;0.3414;0.34199;0.34213;0.34184;15.89074537;16.00821337;15.73;2019-07-12 09:25:02;15.06342273;14.91
2019-07-12 09:31:46;0.34151;0.34179;0.34223;0.3418433333;15.89090147;16.00836947;15.73;2019-07-12 09:25:02;15.06357071;14.91
2019-07-12 09:32:47;0.34141;0.34222;0.34239;0.3420066667;15.8985503;16.0160183;15.73;2019-07-12 09:25:02;15.07082181;14.91
2019-07-12 09:33:47;0.34159;0.34206;0.34246;0.3420366667;15.89995518;16.01742318;15.73;2019-07-12 09:25:02;15.07215365;14.91
2019-07-12 09:34:47;0.34199;0.34258;0.34269;0.34242;15.91790651;16.03537451;15.73;2019-07-12 09:25:02;15.08917153;14.91
2019-07-12 09:35:47;0.34197;0.34253;0.34285;0.34245;15.9193114;16.0367794;15.68;2019-07-12 09:35:02;15.09628116;14.87
2019-07-12 09:36:47;0.3424;0.34264;0.34304;0.3426933333;15.93070659;16.04817459;15.68;2019-07-12 09:35:02;15.10708792;14.87
2019-07-12 09:37:48;0.34246;0.34291;0.34324;0.34287;15.93897981;16.05644781;15.68;2019-07-12 09:35:02;15.11493393;14.87
2019-07-12 09:38:47;0.34238;0.34286;0.34325;0.34283;15.93710663;16.05457463;15.68;2019-07-12 09:35:02;15.11315748;14.87
2019-07-12 09:39:47;0.34209;0.34236;0.34286;0.3424366667;15.918687;16.036155;15.68;2019-07-12 09:35:02;15.09568901;14.87
2019-07-12 09:40:47;0.34209;0.34207;0.34304;0.3424;15.91696992;16.03443792;15.68;2019-07-12 09:35:02;15.0940606;14.87
2019-07-12 09:41:47;0.34151;0.34199;0.34255;0.3420166667;15.89901859;16.01648659;15.68;2019-07-12 09:35:02;15.07703624;14.87
2019-07-12 09:42:47;0.34125;0.34184;0.3426;0.3418966667;15.89339905;16.01086705;15.68;2019-07-12 09:35:02;15.07170688;14.87
2019-07-12 09:43:47;0.34235;0.34279;0.34359;0.34291;15.94085299;16.05832099;15.68;2019-07-12 09:35:02;15.11671038;14.87
2019-07-12 09:44:47;0.34219;0.34293;0.34349;0.34287;15.93897981;16.05644781;15.68;2019-07-12 09:35:02;15.11493393;14.87
2019-07-12 09:45:47;0.34252;0.34328;0.34379;0.3431966667;15.95427746;16.07174546;15.7;2019-07-12 09:45:03;15.12914018;14.89
2019-07-12 09:46:47;0.34261;0.34326;0.34384;0.3432366667;15.95615064;16.07361864;15.7;2019-07-12 09:45:03;15.1309166;14.89
2019-07-12 09:47:47;0.3423;0.34331;0.34553;0.3437133333;15.97847273;16.09594073;15.7;2019-07-12 09:45:03;15.15208559;14.89
2019-07-12 09:48:47;0.34276;0.34321;0.3439;0.34329;15.95864822;16.07611622;15.7;2019-07-12 09:45:03;15.13328516;14.89
2019-07-12 09:49:47;0.34296;0.34397;0.34481;0.3439133333;15.98783864;16.10530664;15.7;2019-07-12 09:45:03;15.16096769;14.89
2019-07-12 09:50:46;0.34362;0.344;0.3447;0.3441066667;15.99689235;16.11436035;15.7;2019-07-12 09:45:03;15.16955371;14.89
2019-07-12 09:51:47;0.34428;0.345;0.3455;0.3449266667;16.03529258;16.15276058;15.7;2019-07-12 09:45:03;15.2059703;14.89
2019-07-12 09:52:47;0.34584;0.34546;0.34624;0.3458466667;16.07837577;16.19584377;15.7;2019-07-12 09:45:03;15.24682793;14.89
2019-07-12 09:53:47;0.34603;0.34696;0.34704;0.3466766667;16.1172443;16.2347123;15.7;2019-07-12 09:45:03;15.28368863;14.89
2019-07-12 09:54:47;0.34539;0.34614;0.34643;0.3459866667;16.08493191;16.20239991;15.7;2019-07-12 09:45:03;15.2530454;14.89
2019-07-12 09:55:47;0.3455;0.34637;0.34625;0.34604;16.08742948;16.20489748;15.81;2019-07-12 09:55:02;15.25321578;14.99
2019-07-12 09:56:47;0.34667;0.3471;0.34689;0.3468866667;16.1270785;16.2445465;15.81;2019-07-12 09:55:02;15.29081127;14.99
2019-07-12 09:57:47;0.34691;0.3474;0.34734;0.3472166667;16.14253225;16.26000025;15.81;2019-07-12 09:55:02;15.30546463;14.99
2019-07-12 09:58:47;0.34763;0.34802;0.3479;0.34785;16.17219097;16.28965897;15.81;2019-07-12 09:55:02;15.33358724;14.99
2019-07-12 09:59:47;0.34866;0.349;0.34941;0.3490233333;16.22713764;16.34460564;15.81;2019-07-12 09:55:02;15.38568808;14.99
2019-07-12 10:00:47;0.34752;0.34813;0.34902;0.3482233333;16.189674;16.307142;15.81;2019-07-12 09:55:02;15.35016478;14.99
2019-07-12 10:01:47;0.34801;0.34805;0.34922;0.3484266667;16.19919601;16.31666401;15.81;2019-07-12 09:55:02;15.35919362;14.99
2019-07-12 10:02:47;0.34833;0.349;0.34876;0.3486966667;16.21183999;16.32930799;15.81;2019-07-12 09:55:02;15.37118273;14.99
2019-07-12 10:03:47;0.34695;0.34824;0.34821;0.3478;16.16984949;16.28731749;15.81;2019-07-12 09:55:02;15.33136704;14.99
2019-07-12 10:04:47;0.34726;0.34753;0.34793;0.3475733333;16.15923479;16.27670279;15.81;2019-07-12 09:55:02;15.3213021;14.99
2019-07-12 10:05:47;0.34641;0.34662;0.34742;0.3468166667;16.11552886;16.23299686;15.85;2019-07-12 10:05:02;15.29344634;15.04
2019-07-12 10:06:47;0.34716;0.3476;0.34814;0.3476333333;16.15375351;16.27122151;15.85;2019-07-12 10:05:02;15.32972323;15.04
2019-07-12 10:07:47;0.34702;0.34827;0.34829;0.34786;16.1643628;16.2818308;15.85;2019-07-12 10:05:02;15.33979192;15.04
2019-07-12 10:08:47;0.34718;0.34743;0.34807;0.34756;16.15032109;16.26778909;15.85;2019-07-12 10:05:02;15.32646571;15.04
2019-07-12 10:09:47;0.34681;0.34788;0.34861;0.3477666667;16.15999427;16.27746227;15.85;2019-07-12 10:05:02;15.33564598;15.04
2019-07-12 10:10:47;0.34576;0.3468;0.34686;0.3464733333;16.0994589;16.2169269;15.85;2019-07-12 10:05:02;15.27819524;15.04
2019-07-12 10:11:47;0.34501;0.34593;0.34565;0.34553;16.05530552;16.17277352;15.85;2019-07-12 10:05:02;15.23629173;15.04
2019-07-12 10:12:47;0.34411;0.34567;0.3452;0.3449933333;16.03018646;16.14765446;15.85;2019-07-12 10:05:02;15.21245263;15.04
2019-07-12 10:13:47;0.3448;0.34569;0.34545;0.3453133333;16.04516429;16.16263229;15.85;2019-07-12 10:05:02;15.22666725;15.04
2019-07-12 10:14:47;0.3452;0.34615;0.34647;0.34594;16.07449586;16.19196386;15.85;2019-07-12 10:05:02;15.25450421;15.04
2019-07-12 10:15:47;0.34523;0.34645;0.34635;0.34601;16.07777226;16.19524026;15.81;2019-07-12 10:15:03;15.25442334;15
2019-07-12 10:16:47;0.34414;0.34467;0.34544;0.34475;16.01879708;16.13626508;15.81;2019-07-12 10:15:03;15.1984649;15
2019-07-12 10:17:47;0.34322;0.34447;0.3447;0.34413;15.98977754;16.10724554;15.81;2019-07-12 10:15:03;15.17092979;15
2019-07-12 10:18:47;0.34429;0.34497;0.34552;0.3449266667;16.02706608;16.14453408;15.81;2019-07-12 10:15:03;15.20631092;15
2019-07-12 10:19:47;0.34392;0.34468;0.34595;0.34485;16.02347765;16.14094565;15.81;2019-07-12 10:15:03;15.20290604;15
2019-07-12 10:20:47;0.344;0.34424;0.34508;0.34444;16.00428731;16.12175531;15.81;2019-07-12 10:15:03;15.18469734;15
2019-07-12 10:21:47;0.34398;0.344;0.34521;0.3443966667;16.00225906;16.11972706;15.81;2019-07-12 10:15:03;15.18277285;15
2019-07-12 10:22:47;0.34323;0.34361;0.34427;0.3437033333;15.96980711;16.08727511;15.81;2019-07-12 10:15:03;15.1519809;15
2019-07-12 10:23:47;0.34331;0.34433;0.34447;0.3440366667;15.98540901;16.10287701;15.81;2019-07-12 10:15:03;15.16678472;15
2019-07-12 10:24:47;0.34373;0.344;0.34456;0.3440966667;15.98821735;16.10568535;15.81;2019-07-12 10:15:03;15.16944941;15
2019-07-12 10:25:47;0.3436;0.34387;0.34459;0.34402;15.98462891;16.10209691;15.74;2019-07-12 10:25:03;15.17940156;14.95
2019-07-12 10:26:47;0.34399;0.34393;0.34455;0.3441566667;15.99102569;16.10849369;15.74;2019-07-12 10:25:03;15.18547643;14.95
2019-07-12 10:27:47;0.34364;0.34399;0.34533;0.34432;15.99867062;16.11613862;15.74;2019-07-12 10:25:03;15.19273664;14.95
2019-07-12 10:28:47;0.34348;0.34341;0.34448;0.34379;15.9738636;16.0913316;15.74;2019-07-12 10:25:03;15.16917799;14.95
2019-07-12 10:29:47;0.34323;0.34371;0.34448;0.3438066667;15.9746437;16.0921117;15.74;2019-07-12 10:25:03;15.16991883;14.95
2019-07-12 10:30:47;0.34315;0.34367;0.34397;0.3435966667;15.9648145;16.0822825;15.74;2019-07-12 10:25:03;15.16058427;14.95
2019-07-12 10:31:47;0.34346;0.34361;0.3441;0.3437233333;15.97074322;16.08821122;15.74;2019-07-12 10:25:03;15.16621464;14.95
2019-07-12 10:32:47;0.34315;0.34311;0.34435;0.3435366667;15.96200616;16.07947416;15.74;2019-07-12 10:25:03;15.15791725;14.95
2019-07-12 10:33:47;0.343;0.3434;0.3442;0.3435333333;15.96185014;16.07931814;15.74;2019-07-12 10:25:03;15.15776908;14.95
2019-07-12 10:34:47;0.34303;0.3434;0.34445;0.3436266667;15.96621867;16.08368667;15.74;2019-07-12 10:25:03;15.16191778;14.95
2019-07-12 10:35:47;0.34281;0.34331;0.34427;0.3434633333;15.95857374;16.07604174;15.73;2019-07-12 10:35:03;15.14894926;14.93
2019-07-12 10:36:47;0.3426;0.34305;0.34413;0.34326;15.94905658;16.06652458;15.73;2019-07-12 10:35:03;15.13991442;14.93
2019-07-12 10:37:46;0.34245;0.34301;0.34399;0.34315;15.94390796;16.06137596;15.73;2019-07-12 10:35:03;15.13502671;14.93
2019-07-12 10:38:47;0.3422;0.34276;0.34363;0.3428633333;15.93049032;16.04795832;15.73;2019-07-12 10:35:03;15.12228906;14.93
2019-07-12 10:39:47;0.34252;0.34269;0.34373;0.34298;15.93595099;16.05341899;15.73;2019-07-12 10:35:03;15.12747299;14.93
2019-07-12 10:40:47;0.34268;0.34288;0.34402;0.3431933333;15.9459362;16.0634042;15.73;2019-07-12 10:35:03;15.13695217;14.93
2019-07-12 10:41:47;0.34311;0.34337;0.34419;0.3435566667;15.96294227;16.08041027;15.73;2019-07-12 10:35:03;15.1530964;14.93
2019-07-12 10:42:47;0.34291;0.3435;0.34423;0.3435466667;15.96247422;16.07994222;15.73;2019-07-12 10:35:03;15.15265207;14.93
2019-07-12 10:43:47;0.34298;0.34359;0.34423;0.3436;15.96497052;16.08243852;15.73;2019-07-12 10:35:03;15.15502186;14.93
2019-07-12 10:44:47;0.34291;0.34346;0.34398;0.34345;15.95794967;16.07541767;15.73;2019-07-12 10:35:03;15.14835681;14.93
2019-07-12 10:45:47;0.34305;0.34345;0.34398;0.3434933333;15.95997791;16.07744591;15.74;2019-07-12 10:45:03;15.14253335;14.93
2019-07-12 10:46:47;0.34301;0.34345;0.34387;0.3434433333;15.95763763;16.07510563;15.74;2019-07-12 10:45:03;15.1403128;14.93
2019-07-12 10:47:47;0.34307;0.34345;0.34378;0.3434333333;15.95716957;16.07463757;15.74;2019-07-12 10:45:03;15.13986869;14.93
2019-07-12 10:48:47;0.34361;0.34345;0.3442;0.3437533333;15.97214739;16.08961539;15.74;2019-07-12 10:45:03;15.15408024;14.93
2019-07-12 10:49:47;0.34382;0.34445;0.34533;0.3445333333;16.00865584;16.12612384;15.74;2019-07-12 10:45:03;15.1887209;14.93
2019-07-12 10:50:47;0.34382;0.34439;0.34435;0.3441866667;15.99242986;16.10989786;15.74;2019-07-12 10:45:03;15.17332505;14.93
2019-07-12 10:51:47;0.3435;0.34415;0.34512;0.3442566667;15.99570626;16.11317426;15.74;2019-07-12 10:45:03;15.17643383;14.93
2019-07-12 10:52:46;0.34339;0.34398;0.34447;0.3439466667;15.9811965;16.0986645;15.74;2019-07-12 10:45:03;15.16266639;14.93
2019-07-12 10:53:47;0.34283;0.34368;0.34428;0.3435966667;15.9648145;16.0822825;15.74;2019-07-12 10:45:03;15.1471225;14.93
2019-07-12 10:54:47;0.34254;0.34345;0.34398;0.3433233333;15.95202094;16.06948894;15.74;2019-07-12 10:45:03;15.13498346;14.93
2019-07-12 10:55:47;0.34267;0.34345;0.34397;0.3433633333;15.95389317;16.07136117;15.72;2019-07-12 10:55:03;15.14120588;14.92
2019-07-12 10:56:47;0.34278;0.34309;0.34325;0.34304;15.93875933;16.05622733;15.72;2019-07-12 10:55:03;15.12684211;14.92
2019-07-12 10:57:47;0.3424;0.34288;0.34323;0.3428366667;15.92924217;16.04671017;15.72;2019-07-12 10:55:03;15.11780921;14.92
2019-07-12 10:58:47;0.34274;0.34261;0.34308;0.34281;15.92799402;16.04546202;15.72;2019-07-12 10:55:03;15.11662457;14.92
2019-07-12 10:59:47;0.34315;0.34291;0.34374;0.3432666667;15.94936862;16.06683662;15.72;2019-07-12 10:55:03;15.13691156;14.92
2019-07-12 11:00:47;0.3435;0.34356;0.34464;0.3439;15.97901223;16.09648023;15.72;2019-07-12 10:55:03;15.16504679;14.92
2019-07-12 11:01:47;0.34354;0.34365;0.34425;0.3438133333;15.97495574;16.09242374;15.72;2019-07-12 10:55:03;15.16119671;14.92
2019-07-12 11:02:46;0.34366;0.34368;0.34436;0.3439;15.97901223;16.09648023;15.72;2019-07-12 10:55:03;15.16504679;14.92
2019-07-12 11:03:47;0.34392;0.34416;0.34457;0.3442166667;15.99383404;16.11130204;15.72;2019-07-12 10:55:03;15.17911441;14.92
2019-07-12 11:04:47;0.34384;0.34442;0.34449;0.34425;15.99539423;16.11286223;15.72;2019-07-12 10:55:03;15.18059521;14.92
2019-07-12 11:05:47;0.3436;0.34442;0.34457;0.3441966667;16.00570204;16.12317004;15.77;2019-07-12 11:05:03;15.17395596;14.95
2019-07-12 11:06:47;0.34311;0.34364;0.34386;0.3435366667;15.97478572;16.09225372;15.77;2019-07-12 11:05:03;15.14464427;14.95
2019-07-12 11:07:47;0.34339;0.34359;0.344;0.34366;15.98056301;16.09803101;15.77;2019-07-12 11:05:03;15.15012171;14.95
2019-07-12 11:08:47;0.34365;0.34386;0.34391;0.3438066667;15.98743331;16.10490131;15.77;2019-07-12 11:05:03;15.15663542;14.95
2019-07-12 11:09:47;0.34342;0.34398;0.34422;0.3438733333;15.99055617;16.10802417;15.77;2019-07-12 11:05:03;15.15959619;14.95
2019-07-12 11:10:47;0.34323;0.34381;0.344;0.34368;15.98149987;16.09896787;15.77;2019-07-12 11:05:03;15.15100994;14.95
2019-07-12 11:11:47;0.34281;0.34365;0.344;0.3434866667;15.97244358;16.08991158;15.77;2019-07-12 11:05:03;15.14242369;14.95
2019-07-12 11:12:47;0.34288;0.34343;0.344;0.3434366667;15.97010143;16.08756943;15.77;2019-07-12 11:05:03;15.14020311;14.95
2019-07-12 11:13:47;0.34253;0.34343;0.34375;0.3432366667;15.96073285;16.07820085;15.77;2019-07-12 11:05:03;15.13132078;14.95
2019-07-12 11:14:47;0.34292;0.34347;0.34346;0.3432833333;15.96291886;16.08038686;15.77;2019-07-12 11:05:03;15.13339332;14.95
2019-07-12 11:15:47;0.3425;0.34266;0.3433;0.34282;15.94121498;16.05868298;15.74;2019-07-12 11:15:03;15.1129292;14.92
2019-07-12 11:16:47;0.34169;0.34201;0.3422;0.3419666667;15.90124237;16.01871037;15.74;2019-07-12 11:15:03;15.07503097;14.92
2019-07-12 11:17:47;0.3417;0.34199;0.3426;0.3420966667;15.90733195;16.02479995;15.74;2019-07-12 11:15:03;15.08080453;14.92
2019-07-12 11:18:47;0.34189;0.343;0.34258;0.34249;15.92575682;16.04322482;15.74;2019-07-12 11:15:03;15.09827324;14.92
2019-07-12 11:19:47;0.34221;0.343;0.34313;0.34278;15.93934126;16.05680926;15.74;2019-07-12 11:15:03;15.11115272;14.92
2019-07-12 11:20:47;0.34274;0.34373;0.34336;0.3432766667;15.96260657;16.08007457;15.74;2019-07-12 11:15:03;15.13321067;14.92
2019-07-12 11:21:47;0.34249;0.34357;0.34314;0.3430666667;15.95276956;16.07023756;15.74;2019-07-12 11:15:03;15.12388415;14.92
2019-07-12 11:22:47;0.34239;0.34304;0.34326;0.3428966667;15.94480627;16.06227427;15.74;2019-07-12 11:15:03;15.11633412;14.92
2019-07-12 11:23:47;0.34232;0.34304;0.34376;0.34304;15.95152042;16.06898842;15.74;2019-07-12 11:15:03;15.12269983;14.92
2019-07-12 11:24:47;0.34219;0.34259;0.34298;0.3425866667;15.93028497;16.04775297;15.74;2019-07-12 11:15:03;15.1025664;14.92
2019-07-12 11:25:47;0.34237;0.34268;0.3427;0.3425833333;15.93012883;16.04759683;15.72;2019-07-12 11:25:04;15.10310425;14.9
2019-07-12 11:26:47;0.3422;0.34286;0.34297;0.3426766667;15.93450083;16.05196883;15.72;2019-07-12 11:25:04;15.10724956;14.9
2019-07-12 11:27:47;0.34204;0.34283;0.34284;0.34257;15.92950425;16.04697225;15.72;2019-07-12 11:25:04;15.10251207;14.9
2019-07-12 11:28:47;0.34206;0.34262;0.34277;0.3424833333;15.92544454;16.04291254;15.72;2019-07-12 11:25:04;15.09866286;14.9
2019-07-12 11:29:47;0.34205;0.34262;0.3428;0.34249;15.92575682;16.04322482;15.72;2019-07-12 11:25:04;15.09895895;14.9
2019-07-12 11:30:47;0.34193;0.34221;0.34274;0.3422933333;15.91654438;16.03401238;15.72;2019-07-12 11:25:04;15.0902242;14.9
2019-07-12 11:31:47;0.34234;0.34309;0.3429;0.3427766667;15.93918512;16.05665312;15.72;2019-07-12 11:25:04;15.11169096;14.9
2019-07-12 11:32:47;0.34207;0.34244;0.34298;0.3424966667;15.92606911;16.04353711;15.72;2019-07-12 11:25:04;15.09925504;14.9
2019-07-12 11:33:47;0.34217;0.34284;0.34286;0.3426233333;15.93200254;16.04947054;15.72;2019-07-12 11:25:04;15.10488081;14.9
2019-07-12 11:34:47;0.34235;0.34274;0.343;0.3426966667;15.93543769;16.05290569;15.72;2019-07-12 11:25:04;15.10813784;14.9
2019-07-12 11:35:47;0.34257;0.34259;0.34311;0.3427566667;15.93824826;16.05571626;15.72;2019-07-12 11:35:03;15.11254832;14.91
2019-07-12 11:36:47;0.3433;0.34401;0.34493;0.34408;16.00023703;16.11770503;15.72;2019-07-12 11:35:03;15.17132956;14.91
2019-07-12 11:37:46;0.34389;0.34435;0.34423;0.3441566667;16.00382832;16.12129632;15.72;2019-07-12 11:35:03;15.17473503;14.91
2019-07-12 11:38:47;0.34405;0.34432;0.34468;0.34435;16.01288462;16.13035262;15.72;2019-07-12 11:35:03;15.18332271;14.91
2019-07-12 11:39:47;0.34351;0.34446;0.34451;0.34416;16.00398446;16.12145246;15.72;2019-07-12 11:35:03;15.17488309;14.91
2019-07-12 11:40:47;0.34325;0.34461;0.34447;0.34411;16.00164232;16.11911032;15.72;2019-07-12 11:35:03;15.17266214;14.91
2019-07-12 11:41:47;0.34361;0.34472;0.3443;0.34421;16.00632661;16.12379461;15.72;2019-07-12 11:35:03;15.17710404;14.91
2019-07-12 11:42:47;0.34384;0.3441;0.34458;0.3441733333;16.00460904;16.12207704;15.72;2019-07-12 11:35:03;15.17547534;14.91
2019-07-12 11:43:47;0.3435;0.34439;0.34536;0.3444166667;16.01600748;16.13347548;15.72;2019-07-12 11:35:03;15.18628399;14.91
2019-07-12 11:44:47;0.34384;0.34423;0.34522;0.34443;16.01663205;16.13410005;15.72;2019-07-12 11:35:03;15.18687624;14.91
2019-07-12 11:45:47;0.34362;0.34466;0.34478;0.3443533333;16.01304076;16.13050876;15.78;2019-07-12 11:45:03;15.18653979;14.97
2019-07-12 11:46:47;0.34321;0.34417;0.34412;0.3438333333;15.98868245;16.10615045;15.78;2019-07-12 11:45:03;15.16343724;14.97
2019-07-12 11:47:47;0.34303;0.3439;0.34471;0.34388;15.99086845;16.10833645;15.78;2019-07-12 11:45:03;15.16551054;14.97
2019-07-12 11:48:46;0.34292;0.34395;0.344;0.3436233333;15.97884544;16.09631344;15.78;2019-07-12 11:45:03;15.15410736;14.97
2019-07-12 11:49:46;0.34319;0.34381;0.34394;0.3436466667;15.97993844;16.09740644;15.78;2019-07-12 11:45:03;15.15514401;14.97
2019-07-12 11:50:47;0.34304;0.3439;0.3439;0.3436133333;15.97837701;16.09584501;15.78;2019-07-12 11:45:03;15.15366308;14.97
2019-07-12 11:51:47;0.34282;0.34409;0.34411;0.3436733333;15.98118759;16.09865559;15.78;2019-07-12 11:45:03;15.15632876;14.97
2019-07-12 11:52:47;0.343;0.34382;0.34411;0.3436433333;15.9797823;16.0972503;15.78;2019-07-12 11:45:03;15.15499592;14.97
2019-07-12 11:53:47;0.34369;0.34457;0.34506;0.34444;16.01710048;16.13456848;15.78;2019-07-12 11:45:03;15.19039022;14.97
2019-07-12 11:54:47;0.34378;0.34497;0.34569;0.3448133333;16.03458849;16.15205649;15.78;2019-07-12 11:45:03;15.20697667;14.97
2019-07-12 11:55:47;0.3442;0.34454;0.34522;0.3446533333;16.03531361;16.15278161;15.79;2019-07-12 11:55:03;15.20002756;14.97
2019-07-12 11:56:47;0.34507;0.34561;0.34584;0.3455066667;16.07530657;16.19277457;15.79;2019-07-12 11:55:03;15.23793984;14.97
2019-07-12 11:57:47;0.34539;0.3458;0.34632;0.3458366667;16.0907726;16.2082406;15.79;2019-07-12 11:55:03;15.25260123;14.97
2019-07-12 11:58:47;0.3471;0.34767;0.34797;0.34758;16.17247697;16.28994497;15.79;2019-07-12 11:55:03;15.33005483;14.97
2019-07-12 11:59:47;0.34625;0.34665;0.34698;0.3466266667;16.12779733;16.24526533;15.79;2019-07-12 11:55:03;15.2876997;14.97
2019-07-12 12:00:47;0.34572;0.34615;0.3467;0.34619;16.10733218;16.22480018;15.79;2019-07-12 11:55:03;15.26829928;14.97
2019-07-12 12:01:47;0.34584;0.34612;0.34684;0.3462666667;16.1109253;16.2283933;15.79;2019-07-12 11:55:03;15.27170546;14.97
2019-07-12 12:02:47;0.34531;0.34593;0.34654;0.3459266667;16.09499061;16.21245861;15.79;2019-07-12 11:55:03;15.25659979;14.97
2019-07-12 12:03:47;0.34445;0.34537;0.34609;0.3453033333;16.065777;16.183245;15.79;2019-07-12 11:55:03;15.22890605;14.97
2019-07-12 12:04:47;0.3446;0.34545;0.346;0.34535;16.06796411;16.18543211;15.79;2019-07-12 11:55:03;15.23097938;14.97
2019-07-12 12:05:47;0.34448;0.345;0.34521;0.3448966667;16.04671785;16.16418585;15.81;2019-07-12 12:05:03;15.21042447;14.99
2019-07-12 12:06:47;0.34445;0.34496;0.34562;0.34501;16.05202942;16.16949742;15.81;2019-07-12 12:05:03;15.21545956;14.99
2019-07-12 12:07:47;0.34376;0.34467;0.34518;0.3445366667;16.02984582;16.14731382;15.81;2019-07-12 12:05:03;15.19443066;14.99
2019-07-12 12:08:47;0.34376;0.34466;0.345;0.3444733333;16.0268776;16.1443456;15.81;2019-07-12 12:05:03;15.19161693;14.99
2019-07-12 12:09:47;0.34378;0.3441;0.34531;0.3443966667;16.02328448;16.14075248;15.81;2019-07-12 12:05:03;15.18821084;14.99
2019-07-12 12:10:46;0.34302;0.34375;0.34372;0.3434966667;15.9811044;16.0985724;15.81;2019-07-12 12:05:03;15.14822632;14.99
2019-07-12 12:11:47;0.34277;0.34335;0.34367;0.3432633333;15.97016883;16.08763683;15.81;2019-07-12 12:05:03;15.13785996;14.99
2019-07-12 12:12:47;0.34216;0.34317;0.34419;0.3431733333;15.96595082;16.08341882;15.81;2019-07-12 12:05:03;15.13386151;14.99
2019-07-12 12:13:47;0.34219;0.34302;0.34406;0.34309;15.96204526;16.07951326;15.81;2019-07-12 12:05:03;15.13015924;14.99
2019-07-12 12:14:47;0.34237;0.34293;0.34315;0.3428166667;15.94923501;16.06670301;15.81;2019-07-12 12:05:03;15.11801579;14.99
2019-07-12 12:15:47;0.34278;0.34291;0.34374;0.3431433333;15.96454482;16.08201282;15.74;2019-07-12 12:15:03;15.13429749;14.92
2019-07-12 12:16:47;0.34281;0.34383;0.34394;0.3435266667;15.98251041;16.09997841;15.74;2019-07-12 12:15:03;15.15132991;14.92
2019-07-12 12:17:47;0.34281;0.34366;0.34385;0.34344;15.97844862;16.09591662;15.74;2019-07-12 12:15:03;15.1474791;14.92
2019-07-12 12:18:47;0.3424;0.34357;0.34359;0.3431866667;15.96657571;16.08404371;15.74;2019-07-12 12:15:03;15.13622289;14.92
2019-07-12 12:19:47;0.34228;0.34288;0.34351;0.34289;15.95267191;16.07013991;15.74;2019-07-12 12:15:03;15.12304128;14.92
2019-07-12 12:20:47;0.34188;0.34258;0.34279;0.3424166667;15.93048831;16.04795631;15.74;2019-07-12 12:15:03;15.10200994;14.92
2019-07-12 12:21:46;0.34204;0.34293;0.34289;0.34262;15.94001789;16.05748589;15.74;2019-07-12 12:15:03;15.11104453;14.92
2019-07-12 12:22:47;0.34206;0.34235;0.34279;0.3424;15.9297072;16.0471752;15.74;2019-07-12 12:15:03;15.1012694;14.92
2019-07-12 12:23:47;0.34134;0.34223;0.34314;0.3422366667;15.9220523;16.0395203;15.74;2019-07-12 12:15:03;15.09401211;14.92
2019-07-12 12:24:47;0.34145;0.34178;0.34255;0.3419266667;15.90752361;16.02499161;15.74;2019-07-12 12:15:03;15.08023806;14.92
2019-07-12 12:25:47;0.34195;0.34305;0.34283;0.34261;15.93954922;16.05701722;15.7;2019-07-12 12:25:03;15.11296534;14.89
2019-07-12 12:26:47;0.34047;0.34095;0.3417;0.34104;15.86596842;15.98343642;15.7;2019-07-12 12:25:03;15.04319563;14.89
2019-07-12 12:27:47;0.34111;0.34054;0.34231;0.34132;15.87909111;15.99655911;15.7;2019-07-12 12:25:03;15.05563863;14.89
2019-07-12 12:28:47;0.34153;0.3421;0.34279;0.34214;15.91752185;16.03498985;15.7;2019-07-12 12:25:03;15.09207887;14.89
2019-07-12 12:29:47;0.34132;0.34201;0.34289;0.3420733333;15.9143974;16.0318654;15.7;2019-07-12 12:25:03;15.08911625;14.89
2019-07-12 12:30:47;0.34138;0.34235;0.343;0.3422433333;15.92236474;16.03983274;15.7;2019-07-12 12:25:03;15.09667093;14.89
2019-07-12 12:31:47;0.34158;0.34224;0.34332;0.34238;15.92876987;16.04623787;15.7;2019-07-12 12:25:03;15.1027443;14.89
2019-07-12 12:32:47;0.34176;0.3423;0.34295;0.3423366667;15.92673897;16.04420697;15.7;2019-07-12 12:25:03;15.1008186;14.89
2019-07-12 12:33:47;0.34193;0.34263;0.3432;0.3425866667;15.93845566;16.05592366;15.7;2019-07-12 12:25:03;15.11192842;14.89
2019-07-12 12:34:47;0.34194;0.34258;0.34339;0.3426366667;15.940799;16.058267;15.7;2019-07-12 12:25:03;15.11415039;14.89
2019-07-12 12:35:47;0.34268;0.343;0.34335;0.34301;15.95829592;16.07576392;15.75;2019-07-12 12:35:03;15.1294929;14.93
2019-07-12 12:36:47;0.34218;0.3432;0.34356;0.34298;15.95688992;16.07435792;15.75;2019-07-12 12:35:03;15.12815983;14.93
2019-07-12 12:37:47;0.34191;0.343;0.34369;0.3428666667;15.95157835;16.06904635;15.75;2019-07-12 12:35:03;15.12312379;14.93
2019-07-12 12:38:47;0.34185;0.34302;0.34338;0.34275;15.94611056;16.06357856;15.75;2019-07-12 12:35:03;15.11793963;14.93
2019-07-12 12:39:47;0.34172;0.34256;0.34343;0.34257;15.93767455;16.05514255;15.75;2019-07-12 12:35:03;15.10994121;14.93
2019-07-12 12:40:47;0.34165;0.34249;0.3435;0.3425466667;15.93658099;16.05404899;15.75;2019-07-12 12:35:03;15.10890437;14.93
2019-07-12 12:41:47;0.34158;0.34246;0.34299;0.3423433333;15.92705142;16.04451942;15.75;2019-07-12 12:35:03;15.09986912;14.93
2019-07-12 12:42:46;0.34172;0.34243;0.34317;0.34244;15.93158187;16.04904987;15.75;2019-07-12 12:35:03;15.10416457;14.93
2019-07-12 12:43:47;0.34161;0.34243;0.34334;0.34246;15.93251921;16.04998721;15.75;2019-07-12 12:35:03;15.10505328;14.93
2019-07-12 12:44:47;0.34174;0.34228;0.3433;0.34244;15.93158187;16.04904987;15.75;2019-07-12 12:35:03;15.10416457;14.93
2019-07-12 12:45:47;0.34175;0.34251;0.3433;0.34252;15.93533121;16.05279921;15.73;2019-07-12 12:45:03;15.11275248;14.92
2019-07-12 12:46:47;0.34157;0.34238;0.34329;0.3424133333;15.93033209;16.04780009;15.73;2019-07-12 12:45:03;15.10801111;14.92
2019-07-12 12:47:47;0.34168;0.34257;0.34351;0.3425866667;15.93845566;16.05592366;15.73;2019-07-12 12:45:03;15.11571584;14.92
2019-07-12 12:48:47;0.34186;0.3427;0.34329;0.3426166667;15.93986166;16.05732966;15.73;2019-07-12 12:45:03;15.11704935;14.92
2019-07-12 12:49:47;0.34152;0.34244;0.3428;0.3422533333;15.92283341;16.04030141;15.73;2019-07-12 12:45:03;15.10089905;14.92
2019-07-12 12:50:47;0.34149;0.34217;0.34269;0.3421166667;15.91642829;16.03389629;15.73;2019-07-12 12:45:03;15.09482417;14.92
2019-07-12 12:51:47;0.3417;0.34242;0.3428;0.3423066667;15.92533297;16.04280097;15.73;2019-07-12 12:45:03;15.10326974;14.92
2019-07-12 12:52:47;0.3419;0.3423;0.3428;0.3423333333;15.92658275;16.04405075;15.73;2019-07-12 12:45:03;15.10445508;14.92
2019-07-12 12:53:47;0.342;0.34251;0.34306;0.3425233333;15.93548743;16.05295543;15.73;2019-07-12 12:45:03;15.11290065;14.92
2019-07-12 12:54:47;0.3424;0.34301;0.34327;0.3428933333;15.95282813;16.07029613;15.73;2019-07-12 12:45:03;15.12934728;14.92
2019-07-12 12:55:47;0.34225;0.34277;0.3435;0.34284;15.9723389;16.0898069;15.77;2019-07-12 12:55:03;15.13876119;14.95
2019-07-12 12:56:47;0.34189;0.34282;0.34346;0.3427233333;15.96686362;16.08433162;15.77;2019-07-12 12:55:03;15.13357131;14.95
2019-07-12 12:57:47;0.34182;0.34262;0.34316;0.3425333333;15.95794674;16.07541474;15.77;2019-07-12 12:55:03;15.12511921;14.95
2019-07-12 12:58:47;0.34196;0.34224;0.34316;0.3424533333;15.95419226;16.07166026;15.77;2019-07-12 12:55:03;15.12156043;14.95
2019-07-12 12:59:47;0.34241;0.34288;0.344;0.3430966667;15.98438451;16.10185251;15.77;2019-07-12 12:55:03;15.15017894;14.95
2019-07-12 13:00:47;0.34285;0.34293;0.34377;0.3431833333;15.98845186;16.10591986;15.77;2019-07-12 12:55:03;15.15403429;14.95
2019-07-12 13:01:47;0.3423;0.34334;0.34369;0.34311;15.98501025;16.10247825;15.77;2019-07-12 12:55:03;15.15077207;14.95
2019-07-12 13:02:47;0.34251;0.34307;0.34333;0.34297;15.97843992;16.09590792;15.77;2019-07-12 12:55:03;15.14454421;14.95
2019-07-12 13:03:47;0.34257;0.34318;0.344;0.34325;15.99158059;16.10904859;15.77;2019-07-12 12:55:03;15.15699994;14.95
2019-07-12 13:04:47;0.34245;0.34301;0.34365;0.3430366667;15.98156865;16.09903665;15.77;2019-07-12 12:55:03;15.14750986;14.95
2019-07-12 13:05:47;0.34255;0.34302;0.34334;0.34297;15.97843992;16.09590792;15.77;2019-07-12 13:05:03;15.15015946;14.95
2019-07-12 13:06:47;0.34234;0.34307;0.34354;0.3429833333;15.97906567;16.09653367;15.77;2019-07-12 13:05:03;15.15075281;14.95
2019-07-12 13:07:47;0.34224;0.34307;0.34338;0.3428966667;15.97499832;16.09246632;15.77;2019-07-12 13:05:03;15.14689605;14.95
2019-07-12 13:08:47;0.34228;0.34329;0.3435;0.3430233333;15.98094291;16.09841091;15.77;2019-07-12 13:05:03;15.15253286;14.95
2019-07-12 13:09:47;0.34242;0.34302;0.34349;0.3429766667;15.97875279;16.09622079;15.77;2019-07-12 13:05:03;15.15045614;14.95
2019-07-12 13:10:47;0.34287;0.34304;0.34367;0.3431933333;15.98892117;16.10638917;15.77;2019-07-12 13:05:03;15.16009804;14.95
2019-07-12 13:11:47;0.34257;0.34347;0.34367;0.3432366667;15.99095484;16.10842284;15.77;2019-07-12 13:05:03;15.16202643;14.95
2019-07-12 13:12:47;0.3424;0.34336;0.34371;0.3431566667;15.98720037;16.10466837;15.77;2019-07-12 13:05:03;15.15846634;14.95
2019-07-12 13:13:47;0.34242;0.34314;0.34391;0.3431566667;15.98720037;16.10466837;15.77;2019-07-12 13:05:03;15.15846634;14.95
2019-07-12 13:14:47;0.3425;0.34334;0.34348;0.3431066667;15.98485382;16.10232182;15.77;2019-07-12 13:05:03;15.15624128;14.95
2019-07-12 13:15:47;0.34291;0.34352;0.344;0.3434766667;16.00221827;16.11968627;15.8;2019-07-12 13:15:03;15.17176362;14.98
2019-07-12 13:16:47;0.34308;0.3439;0.34412;0.3437;16.01269952;16.13016752;15.8;2019-07-12 13:15:03;15.18170159;14.98
2019-07-12 13:17:47;0.34346;0.34393;0.34432;0.3439033333;16.02224214;16.13971014;15.8;2019-07-12 13:15:03;15.19074959;14.98
2019-07-12 13:18:47;0.34392;0.34435;0.34469;0.34432;16.0417967;16.1592647;15.8;2019-07-12 13:15:03;15.20929057;14.98
2019-07-12 13:19:47;0.3435;0.34397;0.34498;0.34415;16.03381844;16.15128644;15.8;2019-07-12 13:15:03;15.20172585;14.98
2019-07-12 13:20:47;0.34374;0.34416;0.34513;0.3443433333;16.04289176;16.16035976;15.8;2019-07-12 13:15:03;15.21032887;14.98
2019-07-12 13:21:47;0.34397;0.34476;0.34508;0.3446033333;16.05509381;16.17256181;15.8;2019-07-12 13:15:03;15.22189844;14.98
2019-07-12 13:22:47;0.34391;0.34442;0.34508;0.34447;16.04883635;16.16630435;15.8;2019-07-12 13:15:03;15.21596533;14.98
2019-07-12 13:23:47;0.34425;0.3447;0.34508;0.3446766667;16.05853541;16.17600341;15.8;2019-07-12 13:15:03;15.22516166;14.98
2019-07-12 13:24:47;0.34409;0.34476;0.34519;0.34468;16.05869185;16.17615985;15.8;2019-07-12 13:15:03;15.22530999;14.98
2019-07-12 13:25:47;0.34405;0.34451;0.34506;0.34454;16.05212151;16.16958951;15.83;2019-07-12 13:25:04;15.21713285;15.01
2019-07-12 13:26:47;0.34398;0.34437;0.34509;0.34448;16.04930566;16.16677366;15.83;2019-07-12 13:25:04;15.21446329;15.01
2019-07-12 13:27:47;0.34441;0.34471;0.34528;0.3448;16.06432356;16.18179156;15.83;2019-07-12 13:25:04;15.22870096;15.01
2019-07-12 13:28:47;0.34409;0.34455;0.34518;0.3446066667;16.05525024;16.17271824;15.83;2019-07-12 13:25:04;15.22009903;15.01
2019-07-12 13:29:47;0.34411;0.3445;0.34502;0.3445433333;16.05227795;16.16974595;15.83;2019-07-12 13:25:04;15.21728116;15.01
2019-07-12 13:30:47;0.34424;0.34477;0.34574;0.3449166667;16.06979884;16.18726684;15.83;2019-07-12 13:25:04;15.23389177;15.01
2019-07-12 13:31:47;0.34439;0.34453;0.34529;0.3447366667;16.06135127;16.17881927;15.83;2019-07-12 13:25:04;15.22588309;15.01
2019-07-12 13:32:47;0.34443;0.34481;0.3455;0.3449133333;16.0696424;16.1871104;15.83;2019-07-12 13:25:04;15.23374346;15.01
2019-07-12 13:33:47;0.34469;0.34496;0.34563;0.3450933333;16.07808997;16.19555797;15.83;2019-07-12 13:25:04;15.24175215;15.01
2019-07-12 13:34:47;0.34384;0.34412;0.34475;0.3442366667;16.03788579;16.15535379;15.83;2019-07-12 13:25:04;15.20363673;15.01
2019-07-12 13:35:47;0.34416;0.34439;0.34489;0.34448;16.04930566;16.16677366;15.81;2019-07-12 13:35:04;15.21581162;14.99
2019-07-12 13:36:47;0.34356;0.34434;0.34464;0.34418;16.03522637;16.15269437;15.81;2019-07-12 13:35:04;15.20246264;14.99
2019-07-12 13:37:47;0.34343;0.34426;0.34437;0.34402;16.02771742;16.14518542;15.81;2019-07-12 13:35:04;15.19534318;14.99
2019-07-12 13:38:47;0.34289;0.34351;0.34439;0.3435966667;16.00784998;16.12531798;15.81;2019-07-12 13:35:04;15.17650627;14.99
2019-07-12 13:39:47;0.34284;0.34352;0.34406;0.3434733333;16.00206183;16.11952983;15.81;2019-07-12 13:35:04;15.17101835;14.99
2019-07-12 13:40:47;0.34239;0.34304;0.34369;0.34304;15.98172509;16.09919309;15.81;2019-07-12 13:35:04;15.15173648;14.99
2019-07-12 13:41:47;0.34225;0.34308;0.34337;0.3429;15.97515476;16.09262276;15.81;2019-07-12 13:35:04;15.14550696;14.99
2019-07-12 13:42:47;0.34219;0.34289;0.34348;0.3428533333;15.97296464;16.09043264;15.81;2019-07-12 13:35:04;15.14343045;14.99
2019-07-12 13:43:47;0.34254;0.34267;0.34346;0.34289;15.97468545;16.09215345;15.81;2019-07-12 13:35:04;15.14506199;14.99
2019-07-12 13:44:47;0.34237;0.34281;0.34358;0.34292;15.97609337;16.09356137;15.81;2019-07-12 13:35:04;15.14639689;14.99
2019-07-12 13:45:47;0.34265;0.34275;0.34358;0.3429933333;15.9781973;16.0956653;15.77;2019-07-12 13:45:03;15.1449554;14.95
2019-07-12 13:46:47;0.3422;0.34254;0.34347;0.3427366667;15.96615269;16.08362069;15.77;2019-07-12 13:45:03;15.13353812;14.95
2019-07-12 13:47:47;0.34213;0.3423;0.34316;0.34253;15.95645444;16.07392244;15.77;2019-07-12 13:45:03;15.12434498;14.95
2019-07-12 13:48:47;0.34191;0.34187;0.34279;0.34219;15.94049924;16.05796724;15.77;2019-07-12 13:45:03;15.10922079;14.95
2019-07-12 13:49:47;0.34168;0.34145;0.34261;0.3419133333;15.92751609;16.04498409;15.77;2019-07-12 13:45:03;15.09691385;14.95
2019-07-12 13:50:47;0.34171;0.34207;0.34291;0.34223;15.94237632;16.05984432;15.77;2019-07-12 13:45:03;15.11100011;14.95
2019-07-12 13:51:47;0.34158;0.34168;0.34262;0.34196;15.92970602;16.04717402;15.77;2019-07-12 13:45:03;15.09898972;14.95
2019-07-12 13:52:46;0.3426;0.3423;0.34318;0.3426933333;15.96411919;16.08158719;15.77;2019-07-12 13:45:03;15.13161052;14.95
2019-07-12 13:53:47;0.34241;0.34292;0.3432;0.3428433333;15.97115825;16.08862625;15.77;2019-07-12 13:45:03;15.13828296;14.95
2019-07-12 13:54:47;0.34265;0.3439;0.34333;0.3432933333;15.99227542;16.10974342;15.77;2019-07-12 13:45:03;15.15830027;14.95
2019-07-12 13:55:47;0.34308;0.34387;0.34386;0.3436033333;16.0068228;16.1242908;15.79;2019-07-12 13:55:04;15.17102697;14.97
2019-07-12 13:56:47;0.34301;0.34377;0.34416;0.3436466667;16.00885631;16.12632431;15.79;2019-07-12 13:55:04;15.17295443;14.97
2019-07-12 13:57:47;0.34249;0.34317;0.34394;0.3432;15.98789556;16.10536356;15.79;2019-07-12 13:55:04;15.15308678;14.97
2019-07-12 13:58:46;0.34251;0.34285;0.34342;0.3429266667;15.97506883;16.09253683;15.79;2019-07-12 13:55:04;15.14092896;14.97
2019-07-12 13:59:47;0.34268;0.34324;0.34434;0.34342;15.99821951;16.11568751;15.79;2019-07-12 13:55:04;15.16287234;14.97
2019-07-12 14:00:47;0.34208;0.34281;0.34356;0.3428166667;15.96990686;16.08737486;15.79;2019-07-12 13:55:04;15.13603618;14.97
2019-07-12 14:01:47;0.34218;0.34284;0.3431;0.3427066667;15.96474488;16.08221288;15.79;2019-07-12 13:55:04;15.1311434;14.97
2019-07-12 14:02:47;0.34249;0.34246;0.34301;0.3426533333;15.96224211;16.07971011;15.79;2019-07-12 13:55:04;15.12877115;14.97
2019-07-12 14:03:47;0.34219;0.34258;0.34361;0.3427933333;15.96881189;16.08627989;15.79;2019-07-12 13:55:04;15.13499832;14.97
2019-07-12 14:04:47;0.34291;0.34408;0.34408;0.34369;16.01088981;16.12835781;15.79;2019-07-12 13:55:04;15.17488189;14.97
2019-07-12 14:05:47;0.34303;0.34402;0.34403;0.3436933333;16.01104624;16.12851424;15.8;2019-07-12 14:05:04;15.17074833;14.97
2019-07-12 14:06:47;0.34341;0.34447;0.34407;0.3439833333;16.02465508;16.14212308;15.8;2019-07-12 14:05:04;15.18364386;14.97
2019-07-12 14:07:47;0.34344;0.34403;0.34441;0.34396;16.02356012;16.14102812;15.8;2019-07-12 14:05:04;15.18260629;14.97
2019-07-12 14:08:47;0.34315;0.34428;0.3445;0.3439766667;16.02434224;16.14181024;15.8;2019-07-12 14:05:04;15.18334741;14.97
2019-07-12 14:09:47;0.34313;0.34378;0.34449;0.3438;16.01605179;16.13351979;15.8;2019-07-12 14:05:04;15.17549151;14.97
2019-07-12 14:10:47;0.34357;0.3445;0.34449;0.3441866667;16.03419692;16.15166492;15.8;2019-07-12 14:05:04;15.19268556;14.97
2019-07-12 14:11:47;0.34372;0.34489;0.34502;0.3445433333;16.05093423;16.16840223;15.8;2019-07-12 14:05:04;15.20854558;14.97
2019-07-12 14:12:47;0.34361;0.34484;0.34502;0.34449;16.04843145;16.16589945;15.8;2019-07-12 14:05:04;15.20617399;14.97
2019-07-12 14:13:47;0.34348;0.34463;0.34464;0.34425;16.03716896;16.15463696;15.8;2019-07-12 14:05:04;15.19550183;14.97
2019-07-12 14:14:47;0.34408;0.34473;0.34464;0.3444833333;16.04811861;16.16558661;15.8;2019-07-12 14:05:04;15.20587754;14.97
2019-07-12 14:15:47;0.34373;0.34465;0.34488;0.34442;16.04514656;16.16261456;15.83;2019-07-12 14:15:04;15.20093416;15
2019-07-12 14:16:47;0.34394;0.34477;0.34488;0.34453;16.05030854;16.16777654;15.83;2019-07-12 14:15:04;15.20582489;15
2019-07-12 14:17:47;0.34312;0.34375;0.34456;0.34381;16.01652106;16.13398906;15.83;2019-07-12 14:15:04;15.17381284;15
2019-07-12 14:18:47;0.34272;0.34371;0.34429;0.3435733333;16.00541499;16.12288299;15.83;2019-07-12 14:15:04;15.16329036;15
2019-07-12 14:19:47;0.34343;0.34393;0.34429;0.3438833333;16.01996238;16.13743038;15.83;2019-07-12 14:15:04;15.17707332;15
2019-07-12 14:20:47;0.34367;0.3444;0.34429;0.34412;16.03106845;16.14853645;15.83;2019-07-12 14:15:04;15.1875958;15
2019-07-12 14:21:47;0.34371;0.34454;0.34483;0.34436;16.04233094;16.15979894;15.83;2019-07-12 14:15:04;15.19826649;15
2019-07-12 14:22:47;0.34395;0.34454;0.34483;0.34444;16.0460851;16.1635531;15.83;2019-07-12 14:15:04;15.20182338;15
2019-07-12 14:23:47;0.34414;0.34454;0.34594;0.3448733333;16.06642016;16.18388816;15.83;2019-07-12 14:15:04;15.22108989;15
2019-07-12 14:24:47;0.34365;0.34486;0.34456;0.3443566667;16.04217451;16.15964251;15.83;2019-07-12 14:15:04;15.19811828;15
2019-07-12 14:25:47;0.34399;0.3445;0.34456;0.34435;16.04186167;16.15932967;15.83;2019-07-12 14:25:04;15.2018166;15
2019-07-12 14:26:47;0.3442;0.34501;0.34456;0.34459;16.05312416;16.17059216;15.83;2019-07-12 14:25:04;15.21249006;15
2019-07-12 14:27:47;0.34444;0.34532;0.3454;0.3450533333;16.07486703;16.19233503;15.83;2019-07-12 14:25:04;15.23309579;15
2019-07-12 14:28:47;0.34389;0.34546;0.34518;0.3448433333;16.06501235;16.18248035;15.83;2019-07-12 14:25:04;15.2237565;15
2019-07-12 14:29:47;0.34405;0.34488;0.34518;0.3447033333;16.05844256;16.17591056;15.83;2019-07-12 14:25:04;15.21753031;15
2019-07-12 14:30:47;0.34402;0.34473;0.34519;0.3446466667;16.05578336;16.17325136;15.83;2019-07-12 14:25:04;15.21501019;15
2019-07-12 14:31:47;0.34396;0.34473;0.34511;0.3446;16.05359343;16.17106143;15.83;2019-07-12 14:25:04;15.21293479;15
2019-07-12 14:32:47;0.3439;0.34473;0.34502;0.34455;16.05124708;16.16871508;15.83;2019-07-12 14:25:04;15.21071115;15
2019-07-12 14:33:47;0.3437;0.34432;0.34505;0.3443566667;16.04217451;16.15964251;15.83;2019-07-12 14:25:04;15.20211308;15
2019-07-12 14:34:47;0.34362;0.34441;0.34495;0.3443266667;16.0407667;16.1582347;15.83;2019-07-12 14:25:04;15.2007789;15
2019-07-12 14:35:47;0.34354;0.3445;0.34496;0.3443333333;16.04107955;16.15854755;15.83;2019-07-12 14:35:04;15.2004412;15
2019-07-12 14:36:47;0.34306;0.3437;0.34464;0.3438;16.01605179;16.13351979;15.83;2019-07-12 14:35:04;15.17672337;15
2019-07-12 14:37:47;0.34325;0.34364;0.34448;0.34379;16.01558252;16.13305052;15.83;2019-07-12 14:35:04;15.17627866;15
2019-07-12 14:38:47;0.34367;0.34364;0.34448;0.34393;16.02215231;16.13962031;15.83;2019-07-12 14:35:04;15.18250459;15
2019-07-12 14:39:47;0.34381;0.34445;0.34448;0.3442466667;16.03701254;16.15448054;15.83;2019-07-12 14:35:04;15.19658705;15
2019-07-12 14:40:47;0.3439;0.34458;0.34498;0.3444866667;16.04827503;16.16574303;15.83;2019-07-12 14:35:04;15.20726008;15
2019-07-12 14:41:47;0.34378;0.34459;0.34508;0.3444833333;16.04811861;16.16558661;15.83;2019-07-12 14:35:04;15.20711184;15
2019-07-12 14:42:47;0.34375;0.34459;0.34522;0.34452;16.04983927;16.16730727;15.83;2019-07-12 14:35:04;15.20874244;15
2019-07-12 14:43:47;0.34396;0.34456;0.34509;0.3445366667;16.05062138;16.16808938;15.83;2019-07-12 14:35:04;15.20948363;15
2019-07-12 14:44:47;0.34409;0.3449;0.34523;0.34474;16.06016322;16.17763122;15.83;2019-07-12 14:35:04;15.21852605;15
2019-07-12 14:45:47;0.34392;0.34489;0.34591;0.3449066667;16.06459568;16.18206368;15.84;2019-07-12 14:45:04;15.22696091;15.01
2019-07-12 14:46:47;0.344;0.34483;0.34539;0.34474;16.05677615;16.17424415;15.84;2019-07-12 14:45:04;15.2195486;15.01
2019-07-12 14:47:47;0.3451;0.34601;0.34679;0.3459666667;16.11432794;16.23179594;15.84;2019-07-12 14:45:04;15.27410325;15.01
2019-07-12 14:48:47;0.34559;0.34639;0.3474;0.34646;16.13747377;16.25494177;15.84;2019-07-12 14:45:04;15.29604372;15.01
2019-07-12 14:49:47;0.34558;0.34617;0.34702;0.3462566667;16.12793394;16.24540194;15.84;2019-07-12 14:45:04;15.28700069;15.01
2019-07-12 14:50:47;0.34517;0.34632;0.34698;0.3461566667;16.12324222;16.24071022;15.84;2019-07-12 14:45:04;15.2825533;15.01
2019-07-12 14:51:47;0.34398;0.34442;0.34619;0.3448633333;16.0625626;16.1800306;15.84;2019-07-12 14:45:04;15.22503371;15.01
2019-07-12 14:52:47;0.3439;0.34465;0.34514;0.3445633333;16.04848744;16.16595544;15.84;2019-07-12 14:45:04;15.21169154;15.01
2019-07-12 14:53:47;0.34249;0.34414;0.34496;0.3438633333;16.01564538;16.13311338;15.84;2019-07-12 14:45:04;15.1805598;15.01
2019-07-12 14:54:47;0.34187;0.34325;0.34364;0.34292;15.9713868;16.0888548;15.84;2019-07-12 14:45:04;15.13860609;15.01
2019-07-12 14:55:47;0.34224;0.34283;0.34348;0.34285;15.96810259;16.08557059;15.78;2019-07-12 14:55:04;15.13004069;14.95
2019-07-12 14:56:47;0.3429;0.3434;0.34437;0.3435566667;16.00125743;16.11872543;15.78;2019-07-12 14:55:04;15.16145768;14.95
2019-07-12 14:57:47;0.34263;0.34337;0.34458;0.3435266667;15.99984991;16.11731791;15.78;2019-07-12 14:55:04;15.16012394;14.95
2019-07-12 14:58:47;0.34275;0.34344;0.34485;0.34368;16.00704389;16.12451189;15.78;2019-07-12 14:55:04;15.16694083;14.95
2019-07-12 14:59:46;0.34257;0.34318;0.34406;0.34327;15.98780783;16.10527583;15.78;2019-07-12 14:55:04;15.14871305;14.95
2019-07-12 15:00:47;0.34162;0.34299;0.34375;0.3427866667;15.96513117;16.08259917;15.78;2019-07-12 14:55:04;15.12722502;14.95
2019-07-12 15:01:47;0.34133;0.34217;0.34272;0.3420733333;15.93166355;16.04913155;15.78;2019-07-12 14:55:04;15.09551164;14.95
2019-07-12 15:02:47;0.3406;0.3413;0.34208;0.3413266667;15.89663202;16.01410002;15.78;2019-07-12 14:55:04;15.06231633;14.95
2019-07-12 15:03:47;0.34011;0.34074;0.34164;0.34083;15.8733298;15.9907978;15.78;2019-07-12 14:55:04;15.04023552;14.95
2019-07-12 15:04:47;0.34078;0.34151;0.34155;0.34128;15.89444255;16.01191055;15.78;2019-07-12 14:55:04;15.06024162;14.95
2019-07-12 15:05:47;0.34045;0.34102;0.34215;0.3412066667;15.89100195;16.00846995;15.72;2019-07-12 15:05:05;15.04760065;14.89
2019-07-12 15:06:47;0.33996;0.34059;0.34164;0.34073;15.86863807;15.98610607;15.72;2019-07-12 15:05:05;15.02642211;14.89
2019-07-12 15:07:47;0.33948;0.34082;0.34115;0.3404833333;15.85706516;15.97453316;15.72;2019-07-12 15:05:05;15.01546258;14.89
2019-07-12 15:08:47;0.33963;0.34062;0.34124;0.3404966667;15.85769072;15.97515872;15.72;2019-07-12 15:05:05;15.01605499;14.89
2019-07-12 15:09:47;0.33942;0.34033;0.3411;0.3402833333;15.84768171;15.96514971;15.72;2019-07-12 15:05:05;15.00657648;14.89
2019-07-12 15:10:47;0.338;0.3391;0.33969;0.33893;15.78418707;15.90165507;15.72;2019-07-12 15:05:05;14.94644719;14.89
2019-07-12 15:11:47;0.33784;0.33833;0.33928;0.3384833333;15.76323071;15.88069871;15.72;2019-07-12 15:05:05;14.92660156;14.89
2019-07-12 15:12:47;0.33803;0.33866;0.33955;0.3387466667;15.77558558;15.89305358;15.72;2019-07-12 15:05:05;14.93830159;14.89
2019-07-12 15:13:47;0.33728;0.33796;0.33864;0.33796;15.73867736;15.85614536;15.72;2019-07-12 15:05:05;14.90334959;14.89
2019-07-12 15:14:47;0.337;0.33737;0.33823;0.3375333333;15.71865935;15.83612735;15.72;2019-07-12 15:05:05;14.88439257;14.89
2019-07-12 15:15:47;0.33808;0.33863;0.3391;0.3386033333;15.76886078;15.88632878;15.61;2019-07-12 15:15:04;14.94628514;14.8
2019-07-12 15:16:49;0.33826;0.33875;0.33942;0.33881;15.778557;15.896025;15.61;2019-07-12 15:15:04;14.95547621;14.8
2019-07-12 15:17:47;0.33871;0.33924;0.34004;0.33933;15.80295396;15.92042196;15.61;2019-07-12 15:15:04;14.97860212;14.8
2019-07-12 15:18:47;0.33825;0.33872;0.33974;0.3389033333;15.78293594;15.90040394;15.61;2019-07-12 15:15:04;14.95962701;14.8
2019-07-12 15:19:47;0.33819;0.33886;0.33932;0.33879;15.77761866;15.89508666;15.61;2019-07-12 15:15:04;14.95458675;14.8
2019-07-12 15:20:47;0.33822;0.33871;0.33947;0.3388;15.77808783;15.89555583;15.61;2019-07-12 15:15:04;14.95503148;14.8
2019-07-12 15:21:47;0.33822;0.33879;0.33919;0.3387333333;15.77496002;15.89242802;15.61;2019-07-12 15:15:04;14.95206662;14.8
2019-07-12 15:22:46;0.33811;0.3385;0.33914;0.3385833333;15.76792243;15.88539043;15.61;2019-07-12 15:15:04;14.94539569;14.8
2019-07-12 15:24:47;0.33751;0.3375;0.3393;0.3381033333;15.74540216;15.86287016;15.61;2019-07-12 15:15:04;14.9240487;14.8
2019-07-12 15:25:47;0.33789;0.3384;0.3385;0.3382633333;15.75290892;15.87037692;15.65;2019-07-12 15:25:05;14.92554217;14.83
2019-07-12 15:26:47;0.33792;0.33843;0.3385;0.3382833333;15.75384726;15.87131526;15.65;2019-07-12 15:25:05;14.92643129;14.83
2019-07-12 15:27:47;0.33814;0.33863;0.33923;0.3386666667;15.7718322;15.8893002;15.65;2019-07-12 15:25:05;14.94347287;14.83
2019-07-12 15:28:47;0.33712;0.33768;0.33877;0.3378566667;15.73382925;15.85129725;15.65;2019-07-12 15:25:05;14.90746328;14.83
2019-07-12 15:29:47;0.33753;0.33747;0.3383;0.3377666667;15.7296067;15.8470747;15.65;2019-07-12 15:25:05;14.90346222;14.83
2019-07-12 15:30:47;0.33789;0.33842;0.3391;0.33847;15.76260515;15.88007315;15.65;2019-07-12 15:25:05;14.9347298;14.83
2019-07-12 15:31:47;0.33769;0.33804;0.33913;0.3382866667;15.75400365;15.87147165;15.65;2019-07-12 15:25:05;14.92657948;14.83
2019-07-12 15:32:47;0.33693;0.33752;0.33884;0.3377633333;15.72945031;15.84691831;15.65;2019-07-12 15:25:05;14.90331403;14.83
2019-07-12 15:33:47;0.33775;0.33771;0.33861;0.3380233333;15.74164879;15.85911679;15.65;2019-07-12 15:25:05;14.91487266;14.83
2019-07-12 15:34:47;0.33815;0.33898;0.33904;0.3387233333;15.77449084;15.89195884;15.65;2019-07-12 15:25:05;14.94599206;14.83
2019-07-12 15:35:46;0.33911;0.33907;0.34053;0.33957;15.79774874;15.91632674;15.64;2019-07-12 15:35:04;14.97177945;14.82
2019-07-12 15:36:47;0.3394;0.34025;0.34032;0.33999;15.81743498;15.93601298;15.64;2019-07-12 15:35:04;14.99043773;14.82
2019-07-12 15:37:47;0.33955;0.34006;0.34025;0.3399533333;15.81571634;15.93429434;15.64;2019-07-12 15:35:04;14.98880883;14.82
2019-07-12 15:38:47;0.3387;0.33936;0.34028;0.3394466667;15.79196786;15.91054586;15.64;2019-07-12 15:35:04;14.96630043;14.82
2019-07-12 15:39:47;0.33919;0.33955;0.34041;0.3397166667;15.8046233;15.9232013;15.64;2019-07-12 15:35:04;14.97829504;14.82
2019-07-12 15:40:47;0.33921;0.33991;0.34043;0.33985;15.8108729;15.9294509;15.64;2019-07-12 15:35:04;14.9842183;14.82
2019-07-12 15:41:47;0.33866;0.33968;0.33987;0.3394033333;15.78993674;15.90851474;15.64;2019-07-12 15:35:04;14.96437537;14.82
2019-07-12 15:42:46;0.33887;0.33954;0.33996;0.3394566667;15.79243658;15.91101458;15.64;2019-07-12 15:35:04;14.96674468;14.82
2019-07-12 15:43:47;0.33824;0.33853;0.33958;0.3387833333;15.76087609;15.87945409;15.64;2019-07-12 15:35:04;14.9368322;14.82
2019-07-12 15:44:48;0.33791;0.33882;0.33945;0.3387266667;15.75822001;15.87679801;15.64;2019-07-12 15:35:04;14.93431482;14.82
2019-07-12 15:45:52;0.33861;0.33858;0.33985;0.3390133333;15.77165666;15.89023466;15.64;2019-07-12 15:45:04;14.94355292;14.82
2019-07-12 15:46:47;0.33829;0.3386;0.33956;0.3388166667;15.76243849;15.88101649;15.64;2019-07-12 15:45:04;14.93481813;14.82
2019-07-12 15:47:47;0.3381;0.33881;0.33971;0.3388733333;15.76509457;15.88367257;15.64;2019-07-12 15:45:04;14.93733494;14.82
2019-07-12 15:48:47;0.33815;0.33894;0.33946;0.33885;15.76400089;15.88257889;15.64;2019-07-12 15:45:04;14.93629861;14.82
2019-07-12 15:49:47;0.33846;0.33914;0.33937;0.33899;15.77056297;15.88914097;15.64;2019-07-12 15:45:04;14.94251659;14.82
2019-07-12 15:50:47;0.33866;0.33934;0.33953;0.3391766667;15.77931242;15.89789042;15.64;2019-07-12 15:45:04;14.95080723;14.82
2019-07-12 15:51:47;0.33826;0.33876;0.33948;0.3388333333;15.76321969;15.88179769;15.64;2019-07-12 15:45:04;14.93555837;14.82
2019-07-12 15:52:47;0.3383;0.33876;0.33928;0.33878;15.76071985;15.87929785;15.64;2019-07-12 15:45:04;14.93318962;14.82
2019-07-12 15:53:47;0.33832;0.33876;0.33928;0.3387866667;15.76103233;15.87961033;15.64;2019-07-12 15:45:04;14.93348571;14.82
2019-07-12 15:54:47;0.33853;0.339;0.33928;0.3389366667;15.76806313;15.88664113;15.64;2019-07-12 15:45:04;14.94014783;14.82
2019-07-12 15:55:47;0.33892;0.33899;0.33955;0.3391533333;15.77821874;15.89679674;15.63;2019-07-12 15:55:04;14.95676744;14.82
2019-07-12 15:56:47;0.33959;0.33949;0.34011;0.33973;15.80524826;15.92382626;15.63;2019-07-12 15:55:04;14.9823915;14.82
2019-07-12 15:57:47;0.33987;0.33987;0.34011;0.33995;15.8155601;15.9341381;15.63;2019-07-12 15:55:04;14.99216715;14.82
2019-07-12 15:58:47;0.33996;0.34049;0.34076;0.3404033333;15.83680874;15.95538674;15.63;2019-07-12 15:55:04;15.01231092;14.82
2019-07-12 15:59:47;0.33933;0.33985;0.3404;0.33986;15.81134162;15.92991962;15.63;2019-07-12 15:55:04;14.98816802;14.82
2019-07-12 16:00:47;0.33904;0.33957;0.34036;0.3396566667;15.80181098;15.92038898;15.63;2019-07-12 15:55:04;14.97913295;14.82
2019-07-12 16:01:47;0.33881;0.33912;0.33953;0.3391533333;15.77821874;15.89679674;15.63;2019-07-12 15:55:04;14.95676744;14.82
2019-07-12 16:02:47;0.33829;0.33811;0.33966;0.3386866667;15.75634513;15.87492313;15.63;2019-07-12 15:55:04;14.93603121;14.82
2019-07-12 16:03:47;0.33829;0.33867;0.33928;0.3387466667;15.75915745;15.87773545;15.63;2019-07-12 15:55:04;14.9386973;14.82
2019-07-12 16:04:47;0.33791;0.33819;0.33945;0.3385166667;15.74837689;15.86695489;15.63;2019-07-12 15:55:04;14.9284773;14.82
2019-07-12 16:05:47;0.33906;0.33878;0.33962;0.3391533333;15.77821874;15.89679674;15.63;2019-07-12 16:05:04;14.9552782;14.81
2019-07-12 16:06:47;0.34049;0.3407;0.3415;0.3408966667;15.85993226;15.97851026;15.63;2019-07-12 16:05:04;15.03273518;14.81
2019-07-12 16:07:47;0.34316;0.34328;0.34454;0.34366;15.98945524;16.10803324;15.63;2019-07-12 16:05:04;15.15551116;14.81
2019-07-12 16:08:47;0.34627;0.34616;0.34714;0.3465233333;16.12366541;16.24224341;15.63;2019-07-12 16:05:04;15.28273018;14.81
2019-07-12 16:09:47;0.34508;0.34529;0.34503;0.3451333333;16.05851333;16.17709133;15.63;2019-07-12 16:05:04;15.22097193;14.81
2019-07-12 16:10:47;0.34532;0.34542;0.34588;0.34554;16.07757461;16.19615261;15.63;2019-07-12 16:05:04;15.23904029;14.81
2019-07-12 16:11:47;0.34547;0.346;0.34714;0.3462033333;16.10866637;16.22724437;15.63;2019-07-12 16:05:04;15.26851245;14.81
2019-07-12 16:12:47;0.34518;0.34537;0.34597;0.3455066667;16.07601221;16.19459021;15.63;2019-07-12 16:05:04;15.23755928;14.81
2019-07-12 16:13:47;0.34518;0.34553;0.34597;0.34556;16.07851205;16.19709005;15.63;2019-07-12 16:05:04;15.2399289;14.81
2019-07-12 16:14:47;0.34457;0.34539;0.34619;0.3453833333;16.07023133;16.18880933;15.63;2019-07-12 16:05:04;15.23207953;14.81
2019-07-12 16:15:47;0.34468;0.34548;0.34571;0.34529;16.06585661;16.18443461;15.84;2019-07-12 16:15:05;15.22521947;15.01
2019-07-12 16:16:47;0.34477;0.3449;0.34565;0.3451066667;16.05726341;16.17584141;15.84;2019-07-12 16:15:05;15.21707534;15.01
2019-07-12 16:17:47;0.34422;0.34546;0.34557;0.3450833333;16.05616973;16.17474773;15.84;2019-07-12 16:15:05;15.21603882;15.01
2019-07-12 16:18:47;0.34435;0.34467;0.34536;0.3447933333;16.04257684;16.16115484;15.84;2019-07-12 16:15:05;15.20315628;15.01
2019-07-12 16:19:47;0.34513;0.34539;0.34557;0.3453633333;16.06929389;16.18787189;15.84;2019-07-12 16:15:05;15.22847713;15.01
2019-07-12 16:20:47;0.3447;0.34551;0.3463;0.3455033333;16.07585597;16.19443397;15.84;2019-07-12 16:15:05;15.23469628;15.01
2019-07-12 16:21:47;0.34437;0.34578;0.34574;0.3452966667;16.06616909;16.18474709;15.84;2019-07-12 16:15:05;15.22551562;15.01
2019-07-12 16:22:47;0.34436;0.34489;0.34535;0.3448666667;16.04601412;16.16459212;15.84;2019-07-12 16:15:05;15.20641393;15.01
2019-07-12 16:23:47;0.34399;0.3446;0.34532;0.3446366667;16.03523356;16.15381156;15.84;2019-07-12 16:15:05;15.19619675;15.01
2019-07-12 16:24:47;0.34392;0.34473;0.34533;0.34466;16.03632724;16.15490524;15.84;2019-07-12 16:15:05;15.19723328;15.01
2019-07-12 16:25:47;0.34397;0.34423;0.34532;0.3445066667;16.0291402;16.1477182;15.81;2019-07-12 16:25:04;15.19347506;14.99
2019-07-12 16:26:47;0.34394;0.34438;0.34532;0.3445466667;16.03101508;16.14959308;15.81;2019-07-12 16:25:04;15.19525231;14.99
2019-07-12 16:27:47;0.34406;0.34444;0.34532;0.3446066667;16.0338274;16.1524054;15.81;2019-07-12 16:25:04;15.1979182;14.99
2019-07-12 16:28:47;0.34365;0.34427;0.34506;0.3443266667;16.02070324;16.13928124;15.81;2019-07-12 16:25:04;15.18547741;14.99
2019-07-12 16:29:47;0.34365;0.34408;0.34446;0.3440633333;16.00836028;16.12693828;15.81;2019-07-12 16:25:04;15.17377714;14.99
2019-07-12 16:30:47;0.34292;0.34289;0.344;0.34327;15.97117516;16.08975316;15.81;2019-07-12 16:25:04;15.13852823;14.99
2019-07-12 16:31:47;0.34408;0.34424;0.34473;0.34435;16.02179692;16.14037492;15.81;2019-07-12 16:25:04;15.18651414;14.99
2019-07-12 16:32:47;0.3446;0.34481;0.34524;0.3448833333;16.04679532;16.16537332;15.81;2019-07-12 16:25:04;15.21021088;14.99
2019-07-12 16:33:47;0.34442;0.3449;0.34528;0.3448666667;16.04601412;16.16459212;15.81;2019-07-12 16:25:04;15.20947036;14.99
2019-07-12 16:34:47;0.34446;0.34485;0.34537;0.3448933333;16.04726404;16.16584204;15.81;2019-07-12 16:25:04;15.2106552;14.99
2019-07-12 16:35:47;0.34439;0.34486;0.34508;0.3447766667;16.04041137;16.15898937;15.84;2019-07-12 16:35:04;15.19737115;15.01
2019-07-12 16:36:47;0.34485;0.34527;0.34551;0.34521;16.06072083;16.17929883;15.84;2019-07-12 16:35:04;15.21661457;15.01
2019-07-12 16:37:47;0.34534;0.34549;0.34569;0.3455066667;16.074625;16.193203;15.84;2019-07-12 16:35:04;15.22978891;15.01
2019-07-12 16:38:47;0.34617;0.34639;0.34666;0.3464066667;16.11680619;16.23538419;15.84;2019-07-12 16:35:04;15.26975602;15.01
2019-07-12 16:39:47;0.34701;0.347;0.3478;0.34727;16.15726889;16.27584689;15.84;2019-07-12 16:35:04;15.30809485;15.01
2019-07-12 16:40:47;0.34801;0.348;0.34884;0.3482833333;16.20476178;16.32333978;15.84;2019-07-12 16:35:04;15.35309485;15.01
2019-07-12 16:41:47;0.34809;0.34829;0.3493;0.34856;16.21772859;16.33630659;15.84;2019-07-12 16:35:04;15.36538104;15.01
2019-07-12 16:42:47;0.34728;0.34749;0.34817;0.3476466667;16.1749225;16.2935005;15.84;2019-07-12 16:35:04;15.32482182;15.01
2019-07-12 16:43:47;0.34662;0.34665;0.34759;0.3469533333;16.14242736;16.26100536;15.84;2019-07-12 16:35:04;15.29403234;15.01
2019-07-12 16:44:47;0.34592;0.34653;0.34717;0.34654;16.12305525;16.24163325;15.84;2019-07-12 16:35:04;15.27567708;15.01
2019-07-12 16:45:47;0.34694;0.3467;0.34685;0.34683;16.13664697;16.25522497;15.89;2019-07-12 16:45:05;15.29451363;15.06
2019-07-12 16:46:47;0.34767;0.34788;0.34853;0.3480266667;16.19273233;16.31131033;15.89;2019-07-12 16:45:05;15.34767564;15.06
2019-07-12 16:47:47;0.34699;0.34723;0.34804;0.34742;16.16429909;16.28287709;15.89;2019-07-12 16:45:05;15.32072443;15.06
2019-07-12 16:48:47;0.34685;0.34732;0.3479;0.3473566667;16.16133078;16.27990878;15.89;2019-07-12 16:45:05;15.31791084;15.06
2019-07-12 16:49:47;0.3468;0.3473;0.3479;0.3473333333;16.16023719;16.27881519;15.89;2019-07-12 16:45:05;15.31687426;15.06
2019-07-12 16:50:47;0.34584;0.3461;0.34725;0.3463966667;16.11633751;16.23491551;15.89;2019-07-12 16:45:05;15.27526276;15.06
2019-07-12 16:51:47;0.3453;0.34542;0.34628;0.3456666667;16.08212388;16.20070188;15.89;2019-07-12 16:45:05;15.24283245;15.06
2019-07-12 16:52:47;0.3459;0.34644;0.3467;0.3463466667;16.11399411;16.23257211;15.89;2019-07-12 16:45:05;15.27304151;15.06
2019-07-12 16:53:47;0.34575;0.34628;0.3467;0.3462433333;16.10915108;16.22772908;15.89;2019-07-12 16:45:05;15.26845092;15.06
2019-07-12 16:54:47;0.34613;0.34636;0.34677;0.34642;16.1174311;16.2360091;15.89;2019-07-12 16:45:05;15.27629935;15.06
2019-07-12 16:55:47;0.3466;0.34688;0.34725;0.34691;16.14039641;16.25897441;15.9;2019-07-12 16:55:05;15.29150036;15.06
2019-07-12 16:56:47;0.34679;0.34736;0.34737;0.3471733333;16.15273831;16.27131631;15.9;2019-07-12 16:55:05;15.30319398;15.06
2019-07-12 16:57:47;0.34669;0.3472;0.34737;0.3470866667;16.14867642;16.26725442;15.9;2019-07-12 16:55:05;15.29934545;15.06
2019-07-12 16:58:47;0.347;0.34734;0.34779;0.3473766667;16.16226814;16.28084614;15.9;2019-07-12 16:55:05;15.31222323;15.06
2019-07-12 16:59:47;0.34636;0.347;0.34783;0.3470633333;16.14758284;16.26616084;15.9;2019-07-12 16:55:05;15.2983093;15.06
2019-07-12 17:00:47;0.34591;0.34665;0.34731;0.3466233333;16.12696092;16.24553892;15.9;2019-07-12 16:55:05;15.2787706;15.06
2019-07-12 17:01:47;0.34628;0.34688;0.34809;0.3470833333;16.1485202;16.2670982;15.9;2019-07-12 16:55:05;15.29919743;15.06
2019-07-12 17:02:49;0.34648;0.34635;0.34774;0.3468566667;16.13789678;16.25647478;15.9;2019-07-12 16:55:05;15.28913203;15.06
2019-07-12 17:03:47;0.34688;0.3472;0.34809;0.34739;16.16289305;16.28147105;15.9;2019-07-12 16:55:05;15.31281531;15.06
2019-07-12 17:04:47;0.34607;0.34668;0.34746;0.3467366667;16.13227263;16.25085063;15.9;2019-07-12 16:55:05;15.28380329;15.06
2019-07-12 17:05:47;0.3456;0.34612;0.34708;0.3462666667;16.11024467;16.22882267;15.91;2019-07-12 17:05:05;15.26362426;15.07
2019-07-12 17:06:47;0.34596;0.3458;0.34668;0.3461466667;16.10462051;16.22319851;15.91;2019-07-12 17:05:05;15.25829528;15.07
2019-07-12 17:07:47;0.3455;0.34672;0.34733;0.3465166667;16.12196167;16.24053967;15.91;2019-07-12 17:05:05;15.2747263;15.07
2019-07-12 17:08:47;0.34545;0.34592;0.3468;0.3460566667;16.10040239;16.21898039;15.91;2019-07-12 17:05:05;15.25429855;15.07
2019-07-12 17:09:47;0.34547;0.34618;0.3468;0.34615;16.10477674;16.22335474;15.91;2019-07-12 17:05:05;15.25844331;15.07
2019-07-12 17:10:47;0.34549;0.34619;0.3468;0.34616;16.10524542;16.22382342;15.91;2019-07-12 17:05:05;15.25888739;15.07
2019-07-12 17:11:47;0.34558;0.34635;0.3468;0.3462433333;16.10915108;16.22772908;15.91;2019-07-12 17:05:05;15.26258807;15.07
2019-07-12 17:12:47;0.3455;0.34649;0.3468;0.3462633333;16.11008844;16.22866644;15.91;2019-07-12 17:05:05;15.26347623;15.07
2019-07-12 17:13:47;0.34557;0.34622;0.34724;0.3463433333;16.11383788;16.23241588;15.91;2019-07-12 17:05:05;15.26702889;15.07
2019-07-12 17:14:47;0.34578;0.34635;0.3473;0.3464766667;16.12008695;16.23866495;15.91;2019-07-12 17:05:05;15.27294997;15.07
2019-07-12 17:15:47;0.34615;0.34649;0.34693;0.3465233333;16.12227412;16.24085212;15.89;2019-07-12 17:15:05;15.27757022;15.06
2019-07-12 17:16:47;0.34704;0.3472;0.34822;0.3474866667;16.16742362;16.28600162;15.89;2019-07-12 17:15:05;15.32035715;15.06
2019-07-12 17:17:46;0.34705;0.3478;0.34826;0.3477033333;16.17757835;16.29615635;15.89;2019-07-12 17:15:05;15.32998051;15.06
2019-07-12 17:18:46;0.34724;0.34781;0.34826;0.34777;16.18070288;16.29928088;15.89;2019-07-12 17:15:05;15.33294154;15.06
2019-07-12 17:19:47;0.34736;0.34781;0.34857;0.3479133333;16.18742063;16.30599863;15.89;2019-07-12 17:15:05;15.33930776;15.06
2019-07-12 17:20:46;0.34708;0.34781;0.34839;0.34776;16.1802342;16.2988122;15.89;2019-07-12 17:15:05;15.33249739;15.06
2019-07-12 17:21:47;0.34682;0.34736;0.3481;0.3474266667;16.16461154;16.28318954;15.89;2019-07-12 17:15:05;15.31769222;15.06
2019-07-12 17:22:47;0.34601;0.34651;0.34751;0.3466766667;16.12946055;16.24803855;15.89;2019-07-12 17:15:05;15.28438059;15.06
2019-07-12 17:23:47;0.34598;0.3469;0.34738;0.3467533333;16.13305376;16.25163176;15.89;2019-07-12 17:15:05;15.28778578;15.06
2019-07-12 17:24:47;0.34654;0.34713;0.34738;0.3470166667;16.14539566;16.26397366;15.89;2019-07-12 17:15:05;15.29948186;15.06
2019-07-12 17:25:47;0.34674;0.34732;0.34765;0.3472366667;16.15519271;16.27377071;15.91;2019-07-12 17:25:05;15.30048422;15.07
2019-07-12 17:26:47;0.34649;0.34746;0.34795;0.3473;16.15816092;16.27673892;15.91;2019-07-12 17:25:05;15.3032956;15.07
2019-07-12 17:27:47;0.34684;0.34691;0.34749;0.34708;16.14785029;16.26642829;15.91;2019-07-12 17:25:05;15.29352975;15.07
2019-07-12 17:28:46;0.34657;0.34696;0.34749;0.3470066667;16.14441341;16.26299141;15.91;2019-07-12 17:25:05;15.29027446;15.07
2019-07-12 17:29:47;0.34633;0.34671;0.3479;0.34698;16.14316364;16.26174164;15.91;2019-07-12 17:25:05;15.28909072;15.07
2019-07-12 17:30:47;0.34679;0.34762;0.34778;0.3473966667;16.16269135;16.28126935;15.91;2019-07-12 17:25:05;15.30758666;15.07
2019-07-12 17:31:47;0.34713;0.3479;0.34827;0.3477666667;16.18003196;16.29860996;15.91;2019-07-12 17:25:05;15.32401105;15.07
2019-07-12 17:32:47;0.34657;0.34767;0.34848;0.3475733333;16.1709711;16.2895491;15.91;2019-07-12 17:25:05;15.31542894;15.07
2019-07-12 17:33:47;0.34695;0.34754;0.34808;0.3475233333;16.16862778;16.28720578;15.91;2019-07-12 17:25:05;15.31320943;15.07
2019-07-12 17:34:47;0.34733;0.3476;0.34808;0.34767;16.17550153;16.29407953;15.91;2019-07-12 17:25:05;15.31972;15.07
2019-07-12 17:35:47;0.34762;0.34808;0.34917;0.34829;16.20455877;16.32313677;15.94;2019-07-12 17:35:05;15.35124548;15.1
2019-07-12 17:36:47;0.34699;0.34739;0.34855;0.3476433333;16.17425176;16.29282976;15.94;2019-07-12 17:35:05;15.32253235;15.1
2019-07-12 17:37:47;0.34651;0.3474;0.34791;0.3472733333;16.15691115;16.27548915;15.94;2019-07-12 17:35:05;15.30610371;15.1
2019-07-12 17:38:47;0.34698;0.34724;0.348;0.3474066667;16.16316002;16.28173802;15.94;2019-07-12 17:35:05;15.31202394;15.1
2019-07-12 17:39:47;0.34604;0.34653;0.34754;0.3467033333;16.13019724;16.24877524;15.94;2019-07-12 17:35:05;15.28079471;15.1
2019-07-12 17:40:47;0.34662;0.34717;0.34754;0.34711;16.14925629;16.26783429;15.94;2019-07-12 17:35:05;15.29885142;15.1
2019-07-12 17:41:47;0.34641;0.34703;0.34768;0.34704;16.14597563;16.26455363;15.94;2019-07-12 17:35:05;15.2957433;15.1
2019-07-12 17:42:47;0.34656;0.34652;0.34731;0.3467966667;16.13457145;16.25314945;15.94;2019-07-12 17:35:05;15.28493888;15.1
2019-07-12 17:43:47;0.34646;0.34687;0.34731;0.34688;16.13847699;16.25705499;15.94;2019-07-12 17:35:05;15.28863902;15.1
2019-07-12 17:44:47;0.34548;0.34558;0.34658;0.34588;16.09161048;16.21018848;15.94;2019-07-12 17:35:05;15.24423728;15.1
2019-07-12 17:45:47;0.34601;0.34685;0.34658;0.34648;16.11973038;16.23830838;15.88;2019-07-12 17:45:05;15.26466567;15.04
2019-07-12 17:46:47;0.34558;0.34604;0.34661;0.3460766667;16.10082756;16.21940556;15.88;2019-07-12 17:45:05;15.2467642;15.04
2019-07-12 17:47:47;0.34566;0.34599;0.34661;0.3460866667;16.10129622;16.21987422;15.88;2019-07-12 17:45:05;15.24720804;15.04
2019-07-12 17:48:47;0.34571;0.34599;0.34718;0.3462933333;16.11098197;16.22955997;15.88;2019-07-12 17:45:05;15.25638069;15.04
2019-07-12 17:49:47;0.34547;0.34613;0.34647;0.3460233333;16.09832801;16.21690601;15.88;2019-07-12 17:45:05;15.24439706;15.04
2019-07-12 17:50:47;0.34566;0.34592;0.34659;0.3460566667;16.09989023;16.21846823;15.88;2019-07-12 17:45:05;15.24587652;15.04
2019-07-12 17:51:47;0.34546;0.34593;0.34657;0.3459866667;16.09660957;16.21518757;15.88;2019-07-12 17:45:05;15.24276966;15.04
2019-07-12 17:52:47;0.34491;0.34598;0.34661;0.3458333333;16.08942338;16.20800138;15.88;2019-07-12 17:45:05;15.23596414;15.04
2019-07-12 17:53:47;0.34502;0.3454;0.34618;0.3455333333;16.07536342;16.19394142;15.88;2019-07-12 17:45:05;15.222649;15.04
2019-07-12 17:54:47;0.34536;0.34545;0.34632;0.34571;16.08364317;16.20222117;15.88;2019-07-12 17:45:05;15.23049014;15.04
2019-07-12 17:55:47;0.34551;0.34569;0.34632;0.34584;16.08973582;16.20831382;15.87;2019-07-12 17:55:05;15.23650084;15.03
2019-07-12 17:56:47;0.3451;0.34574;0.34659;0.34581;16.08832982;16.20690782;15.87;2019-07-12 17:55:05;15.23516931;15.03
2019-07-12 17:57:47;0.34591;0.34532;0.34653;0.34592;16.09348514;16.21206314;15.87;2019-07-12 17:55:05;15.2400516;15.03
2019-07-12 17:58:47;0.3465;0.34717;0.34738;0.3470166667;16.14488208;16.26346008;15.87;2019-07-12 17:55:05;15.28872661;15.03
2019-07-12 17:59:47;0.34592;0.34656;0.3473;0.3465933333;16.12504192;16.24361992;15.87;2019-07-12 17:55:05;15.26993717;15.03
