2019-08-14 06:01:16;10566.25;10566.83;10565.005;10566.02833;486.0047533;503.9868723;485.97;2019-08-14 05:36:57;455.3239432;455.29
2019-08-14 06:01:59;10566.25;10572.96;10565.005;10568.07167;486.1022178;504.0843368;485.97;2019-08-14 05:36:57;455.4154034;455.29
2019-08-14 06:02:59;10582;10589.02;10568.995;10580.005;486.6714235;504.6535425;485.97;2019-08-14 05:36:57;455.9495429;455.29
2019-08-14 06:03:59;10590.25;10606.39;10599.79;10598.81;487.5683994;505.5505184;485.97;2019-08-14 05:36:57;456.7912601;455.29
2019-08-14 06:04:59;10590.25;10611.45;10601.235;10600.97833;487.6718263;505.6539453;485.97;2019-08-14 05:36:57;456.8883153;455.29
2019-08-14 06:05:58;10590.25;10608.54;10608.935;10602.575;487.7479854;505.7301044;485.97;2019-08-14 05:36:57;456.9597826;455.29
2019-08-14 06:06:59;10609.75;10605.92;10605.005;10606.89167;487.9538852;505.9360042;487.96;2019-08-14 05:36:57;457.1533606;457.16
2019-08-14 06:07:59;10609.75;10615.04;10608.585;10611.125;488.1558102;506.1379292;487.96;2019-08-14 05:36:57;457.3428459;457.16
2019-08-14 06:08:59;10609.75;10610.14;10608.005;10609.29833;488.0686803;506.0507993;487.96;2019-08-14 05:36:57;457.2610837;457.16
2019-08-14 06:09:59;10609.75;10607.87;10608.005;10608.54167;488.0325883;506.0147073;487.96;2019-08-14 05:36:57;457.2272151;457.16
2019-08-14 06:10:59;10609.75;10600;10602.935;10604.22833;487.8268474;505.8089664;487.96;2019-08-14 05:36:57;457.0341489;457.16
2019-08-14 06:11:58;10609.75;10605.58;10600.615;10605.315;487.8786801;505.8607991;487.96;2019-08-14 05:36:57;457.0827884;457.16
2019-08-14 06:12:59;10602;10592.01;10593.015;10595.675;487.4188637;505.4009827;487.96;2019-08-14 05:36:57;456.6512989;457.16
2019-08-14 06:13:59;10598;10602.06;10593.015;10597.69167;487.5150563;505.4971753;487.96;2019-08-14 05:36:57;456.7415656;457.16
2019-08-14 06:14:59;10598;10601.97;10593.015;10597.66167;487.5136253;505.4957443;487.96;2019-08-14 05:36:57;456.7402228;457.16
2019-08-14 06:15:59;10598;10602.38;10593.015;10597.79833;487.5201441;505.5022631;487.96;2019-08-14 05:36:57;456.74634;457.16
2019-08-14 06:16:59;10598;10613.03;10593.015;10601.34833;488.0854352;506.0675542;488.27;2019-08-14 05:36:57;456.9111769;457.08
2019-08-14 06:17:58;10598;10600;10593.865;10597.28833;487.8916265;505.8737455;488.27;2019-08-14 05:36:57;456.7294477;457.08
2019-08-14 06:18:59;10597;10595.74;10593.755;10595.49833;487.8061788;505.7882978;488.27;2019-08-14 05:36:57;456.6493257;457.08
2019-08-14 06:19:59;10593;10594.96;10587.775;10591.91167;487.6349651;505.6170841;488.27;2019-08-14 05:36:57;456.4887833;457.08
2019-08-14 06:20:59;10593;10603.1;10593.935;10596.67833;487.8625074;505.8446264;488.27;2019-08-14 05:36:57;456.7021435;457.08
2019-08-14 06:21:59;10593;10609.58;10600.195;10600.925;488.0652269;506.0473459;488.27;2019-08-14 05:36:57;456.8922281;457.08
2019-08-14 06:22:59;10604;10606.34;10600.195;10603.51167;488.1887044;506.1708234;488.27;2019-08-14 05:36:57;457.0080096;457.08
2019-08-14 06:23:59;10604.5;10602.58;10603.995;10603.69167;488.197297;506.179416;488.27;2019-08-14 05:36:57;457.0160665;457.08
2019-08-14 06:24:58;10607;10618.73;10609.22;10611.65;488.5771971;506.5593161;488.27;2019-08-14 05:36:57;457.3722886;457.08
2019-08-14 06:25:59;10613.75;10606.16;10611.055;10610.32167;488.5137876;506.4959066;488.27;2019-08-14 05:36:57;457.3128312;457.08
2019-08-14 06:26:59;10613.75;10613.49;10609.605;10612.28167;488.6073505;506.5894695;488.62;2019-08-14 05:36:57;457.4011224;457.41
2019-08-14 06:27:59;10613.75;10604.9;10610.195;10609.615;488.4800541;506.4621731;488.62;2019-08-14 05:36:57;457.2817599;457.41
2019-08-14 06:28:59;10608.25;10607.46;10610.195;10608.635;488.4332727;506.4153917;488.62;2019-08-14 05:36:57;457.2378942;457.41
2019-08-14 06:29:59;10608.25;10602.04;10610.195;10606.82833;488.3470293;506.3291483;488.62;2019-08-14 05:36:57;457.1570261;457.41
2019-08-14 06:30:59;10608.25;10593.19;10610.195;10603.87833;488.2062077;506.1883267;488.62;2019-08-14 05:36:57;457.0249813;457.41
2019-08-14 06:31:58;10608.25;10601.87;10598.855;10602.99167;488.1638816;506.1460006;488.62;2019-08-14 05:36:57;456.9852933;457.41
2019-08-14 06:32:58;10608.25;10601.93;10599.005;10603.06167;488.1672232;506.1493422;488.62;2019-08-14 05:36:57;456.9884266;457.41
2019-08-14 06:33:59;10600.25;10601.76;10599.005;10600.33833;488.0372217;506.0193407;488.62;2019-08-14 05:36:57;456.8665276;457.41
2019-08-14 06:34:59;10600.25;10595.24;10598.475;10597.98833;487.9250418;505.9071608;488.62;2019-08-14 05:36:57;456.7613394;457.41
2019-08-14 06:35:58;10599;10598.72;10598.475;10598.73167;487.9605256;505.9426446;488.62;2019-08-14 05:36:57;456.7946117;457.41
2019-08-14 06:36:59;10593.5;10590.22;10592.365;10592.02833;487.6405343;505.6226533;487.51;2019-08-14 06:36:56;456.4930176;456.37
2019-08-14 06:38:01;10587;10580.83;10585.4;10584.41;487.2768644;505.2589834;487.51;2019-08-14 06:36:56;456.1520149;456.37
2019-08-14 06:38:59;10579;10566.99;10573.545;10573.17833;486.7407079;504.7228269;487.51;2019-08-14 06:36:56;455.6492767;456.37
2019-08-14 06:39:59;10579;10580.46;10570.485;10576.64833;486.9063523;504.8884713;487.51;2019-08-14 06:36:56;455.8045966;456.37
2019-08-14 06:40:59;10579;10575;10570.005;10574.66833;486.8118348;504.7939538;487.51;2019-08-14 06:36:56;455.7159702;456.37
2019-08-14 06:41:59;10575;10574;10570.005;10573.00167;486.7322745;504.7143935;487.51;2019-08-14 06:36:56;455.6413689;456.37
2019-08-14 06:42:59;10575;10574;10566.345;10571.78167;486.6740364;504.6561554;487.51;2019-08-14 06:36:56;455.5867608;456.37
2019-08-14 06:43:59;10575;10573.95;10568.815;10572.58833;486.7125436;504.6946626;487.51;2019-08-14 06:36:56;455.6228678;456.37
2019-08-14 06:44:59;10580.25;10593.88;10581.765;10585.29833;487.31927;505.301389;487.51;2019-08-14 06:36:56;456.1917775;456.37
2019-08-14 06:45:58;10589;10589.59;10586.725;10588.43833;487.4691615;505.4512805;487.51;2019-08-14 06:36:56;456.3323263;456.37
2019-08-14 06:46:59;10588;10578.9;10589.095;10585.33167;487.3208612;505.3029802;487.18;2019-08-14 06:36:56;456.1880891;456.06
2019-08-14 06:47:59;10588;10578.82;10580.515;10582.445;487.1830629;505.1651819;487.18;2019-08-14 06:36:56;456.058881;456.06
2019-08-14 06:48:59;10588;10578.79;10580.515;10582.435;487.1825855;505.1647045;487.18;2019-08-14 06:36:56;456.0584334;456.06
2019-08-14 06:49:59;10577.5;10579.53;10573.505;10576.845;486.9157404;504.8978594;487.18;2019-08-14 06:36:56;455.8082233;456.06
2019-08-14 06:50:59;10579;10579.4;10572.855;10577.085;486.9271971;504.9093161;487.18;2019-08-14 06:36:56;455.8189658;456.06
2019-08-14 06:51:59;10579;10560.49;10571.725;10570.405;486.6083196;504.5904386;487.18;2019-08-14 06:36:56;455.519967;456.06
2019-08-14 06:52:59;10575.75;10579.92;10566.91;10574.19333;486.7891601;504.7712791;487.18;2019-08-14 06:36:56;455.6895339;456.06
2019-08-14 06:53:58;10575.75;10580.28;10569.935;10575.32167;486.8430224;504.8251414;487.18;2019-08-14 06:36:56;455.7400384;456.06
2019-08-14 06:54:59;10575.75;10578.4;10575.015;10576.38833;486.8939409;504.8760599;487.18;2019-08-14 06:36:56;455.7877828;456.06
2019-08-14 06:55:59;10575.75;10578.36;10568.835;10574.315;486.794968;504.777087;487.18;2019-08-14 06:36:56;455.6949797;456.06
2019-08-14 06:56:59;10575.75;10578.33;10573.99;10576.02333;486.8765172;504.8586362;486.87;2019-08-14 06:36:56;455.7786538;455.77
2019-08-14 06:57:59;10575.75;10578.34;10573.155;10575.74833;486.8633898;504.8455088;486.87;2019-08-14 06:36:56;455.7663445;455.77
2019-08-14 06:58:58;10575.75;10571.36;10573.155;10573.42167;486.7523237;504.7344427;486.87;2019-08-14 06:36:56;455.6622006;455.77
2019-08-14 06:59:59;10575.75;10571.36;10573.155;10573.42167;486.7523237;504.7344427;486.87;2019-08-14 06:36:56;455.6622006;455.77
2019-08-14 07:00:58;10575.75;10569.09;10573.155;10572.665;486.7162033;504.6983223;486.87;2019-08-14 06:36:56;455.6283315;455.77
2019-08-14 07:01:59;10575.75;10578.03;10567.995;10573.925;486.7763509;504.7584699;486.87;2019-08-14 06:36:56;455.6847303;455.77
2019-08-14 07:02:58;10575.75;10578.34;10567.995;10574.02833;486.7812836;504.7634026;486.87;2019-08-14 06:36:56;455.6893556;455.77
2019-08-14 07:03:59;10577;10578.29;10577.8;10577.69667;486.9563957;504.9385147;486.87;2019-08-14 06:36:56;455.8535538;455.77
2019-08-14 07:04:59;10577;10582.16;10575.98;10578.38;486.9890154;504.9711344;486.87;2019-08-14 06:36:56;455.8841405;455.77
2019-08-14 07:05:59;10577;10582.19;10577.625;10578.93833;487.0156681;504.9977871;486.87;2019-08-14 06:36:56;455.9091321;455.77
2019-08-14 07:06:59;10577;10582.17;10577.825;10578.99833;487.5019925;505.4841115;487.5;2019-08-14 06:36:56;455.5430563;455.54
2019-08-14 07:07:58;10577.5;10582.19;10577.605;10579.09833;487.5067707;505.4888897;487.5;2019-08-14 06:36:56;455.5475289;455.54
2019-08-14 07:08:59;10577.5;10582.19;10576.645;10578.77833;487.4914805;505.4735995;487.5;2019-08-14 06:36:56;455.5332165;455.54
2019-08-14 07:09:59;10583.25;10583.92;10583.1;10583.42333;487.7134272;505.6955462;487.5;2019-08-14 06:36:56;455.7409694;455.54
2019-08-14 07:10:59;10591;10596.77;10587.935;10591.90167;488.1185377;506.1006567;487.5;2019-08-14 06:36:56;456.1201724;455.54
2019-08-14 07:11:59;10591;10589.32;10594.585;10591.635;488.1057958;506.0879148;487.5;2019-08-14 06:36:56;456.1082454;455.54
2019-08-14 07:12:59;10591;10590.14;10594.575;10591.905;488.1186969;506.1008159;487.5;2019-08-14 06:36:56;456.1203215;455.54
2019-08-14 07:13:59;10592;10599.99;10594.575;10595.52167;488.2915079;506.2736269;487.5;2019-08-14 06:36:56;456.282081;455.54
2019-08-14 07:14:59;10592;10596.77;10590.005;10592.925;488.1674344;506.1495534;487.5;2019-08-14 06:36:56;456.1659421;455.54
2019-08-14 07:15:59;10592;10595.65;10590.005;10592.55167;488.1495959;506.1317149;487.5;2019-08-14 06:36:56;456.1492444;455.54
2019-08-14 07:16:58;10592;10595.66;10586.225;10591.295;488.08955;506.071669;488.1;2019-08-14 06:36:56;456.0885949;456.1
2019-08-14 07:17:59;10595;10599.97;10593.995;10596.32167;488.3297334;506.3118524;488.1;2019-08-14 06:36:56;456.3134162;456.1
2019-08-14 07:18:59;10596;10600;10595.055;10597.01833;488.3630215;506.3451405;488.1;2019-08-14 06:36:56;456.3445751;456.1
2019-08-14 07:19:59;10590.75;10599.1;10595.055;10594.96833;488.2650687;506.2471877;488.1;2019-08-14 06:36:56;456.2528874;456.1
2019-08-14 07:20:59;10589;10596.56;10585.155;10590.23833;488.0390605;506.0211795;488.1;2019-08-14 06:36:56;456.0413348;456.1
2019-08-14 07:21:59;10589;10600;10585.375;10591.45833;488.0973544;506.0794734;488.1;2019-08-14 06:36:56;456.0959001;456.1
2019-08-14 07:22:59;10589;10599.38;10593.565;10593.98167;488.2179239;506.2000429;488.1;2019-08-14 06:36:56;456.208758;456.1
2019-08-14 07:23:59;10589;10586.72;10587.975;10587.89833;487.927251;505.90937;488.1;2019-08-14 06:36:56;455.9366766;456.1
2019-08-14 07:24:59;10589;10596.45;10584.895;10590.115;488.0331674;506.0152864;488.1;2019-08-14 06:36:56;456.0358186;456.1
2019-08-14 07:25:59;10589;10594.26;10586.395;10589.885;488.0221776;506.0042966;488.1;2019-08-14 06:36:56;456.0255317;456.1
2019-08-14 07:26:58;10588;10578.94;10584.905;10583.94833;487.7385127;505.7206317;487.67;2019-08-14 06:36:56;455.7598579;455.7
2019-08-14 07:27:59;10588;10584.15;10580.895;10584.34833;487.7576254;505.7397444;487.67;2019-08-14 06:36:56;455.7777482;455.7
2019-08-14 07:28:58;10588;10587.21;10575.005;10583.405;487.7125512;505.6946702;487.67;2019-08-14 06:36:56;455.7355569;455.7
2019-08-14 07:29:59;10574;10577.93;10575.305;10575.745;487.3465422;505.3286612;487.67;2019-08-14 06:36:56;455.3929581;455.7
2019-08-14 07:30:59;10574;10579.48;10568.095;10573.85833;487.2563938;505.2385128;487.67;2019-08-14 06:36:56;455.3085757;455.7
2019-08-14 07:31:59;10574;10579.48;10568.305;10573.92833;487.2597385;505.2418575;487.67;2019-08-14 06:36:56;455.3117065;455.7
2019-08-14 07:32:59;10574;10582.87;10570.695;10575.855;487.3517982;505.3339172;487.67;2019-08-14 06:36:56;455.397878;455.7
2019-08-14 07:33:59;10575;10580.96;10570.475;10575.47833;487.3338004;505.3159194;487.67;2019-08-14 06:36:56;455.3810313;455.7
2019-08-14 07:34:58;10575;10578.7;10570.475;10574.725;487.2978047;505.2799237;487.67;2019-08-14 06:36:56;455.3473379;455.7
2019-08-14 07:35:59;10575;10576.45;10566.83;10572.76;487.2039134;505.1860324;487.67;2019-08-14 06:36:56;455.2594519;455.7
2019-08-14 07:36:58;10569;10568.28;10560.005;10565.76167;486.8695201;504.8516391;486.87;2019-08-14 07:36:56;454.9500745;454.95
2019-08-14 07:37:59;10569;10562.05;10560.995;10564.015;486.7860611;504.7681801;486.87;2019-08-14 07:36:56;454.8719531;454.95
2019-08-14 07:38:59;10569;10573.48;10561.685;10568.055;486.9790998;504.9612188;486.87;2019-08-14 07:36:56;455.0526462;454.95
2019-08-14 07:39:58;10569;10578.23;10562.225;10569.81833;487.0633551;505.0454741;486.87;2019-08-14 07:36:56;455.1315132;454.95
2019-08-14 07:40:59;10569;10567.81;10570.995;10569.26833;487.0370751;505.0191941;486.87;2019-08-14 07:36:56;455.1069138;454.95
2019-08-14 07:41:58;10563.5;10563.95;10560.005;10562.485;486.7129549;504.6950739;486.87;2019-08-14 07:36:56;454.8035222;454.95
2019-08-14 07:42:59;10554.25;10559.44;10555.005;10556.23167;486.4141591;504.3962781;486.87;2019-08-14 07:36:56;454.5238354;454.95
2019-08-14 07:43:59;10538.5;10543.24;10540.51;10540.75;485.6744164;503.6565354;486.87;2019-08-14 07:36:56;453.8314019;454.95
2019-08-14 07:44:59;10538.5;10550.93;10545.455;10544.96167;485.8756576;503.8577766;486.87;2019-08-14 07:36:56;454.019773;454.95
2019-08-14 07:45:58;10538.5;10552.44;10540.015;10543.65167;485.8130634;503.7951824;486.87;2019-08-14 07:36:56;453.9611819;454.95
2019-08-14 07:46:58;10538.5;10551.99;10545.92;10545.47;485.8999467;503.8820657;485.84;2019-08-14 07:36:56;454.0372487;453.98
2019-08-14 07:47:59;10538.5;10547.74;10545.26;10543.83333;485.8217438;503.8038628;485.84;2019-08-14 07:36:56;453.9640479;453.98
2019-08-14 07:48:59;10538.5;10541;10543.595;10541.03167;485.6878749;503.6699939;485.84;2019-08-14 07:36:56;453.8387419;453.98
2019-08-14 07:49:59;10538.5;10547.76;10543.595;10543.285;485.7955434;503.7776624;485.84;2019-08-14 07:36:56;453.9395234;453.98
2019-08-14 07:50:59;10538.5;10547.76;10546.17;10544.14333;485.8365561;503.8186751;485.84;2019-08-14 07:36:56;453.9779128;453.98
2019-08-14 07:51:59;10549;10554.96;10549.74;10551.23333;486.1753294;504.1574484;485.84;2019-08-14 07:36:56;454.2950169;453.98
2019-08-14 07:52:59;10550;10566.46;10549.995;10555.485;486.3784819;504.3606009;485.84;2019-08-14 07:36:56;454.4851749;453.98
2019-08-14 07:53:59;10550;10561.18;10555.16;10555.44667;486.3766503;504.3587693;485.84;2019-08-14 07:36:56;454.4834604;453.98
2019-08-14 07:54:59;10550;10561.19;10555.765;10555.65167;486.3864456;504.3685646;485.84;2019-08-14 07:36:56;454.4926292;453.98
2019-08-14 07:55:59;10550;10568.76;10555.805;10558.18833;486.5076522;504.4897712;485.84;2019-08-14 07:36:56;454.606083;453.98
2019-08-14 07:56:59;10550;10559.35;10563.575;10557.64167;486.4815315;504.4636505;486.44;2019-08-14 07:36:56;454.5876445;454.55
2019-08-14 07:57:59;10550;10567.04;10562.355;10559.79833;486.584581;504.5667;486.44;2019-08-14 07:36:56;454.6841038;454.55
2019-08-14 07:58:59;10550;10567.06;10562.355;10559.805;486.5848995;504.5670185;486.44;2019-08-14 07:36:56;454.6844019;454.55
2019-08-14 07:59:59;10550;10560.4;10562.355;10557.585;486.4788238;504.4609428;486.44;2019-08-14 07:36:56;454.58511;454.55
2019-08-14 08:00:59;10550;10579.52;10569.7;10566.40667;486.9003394;504.8824584;486.44;2019-08-14 07:36:56;454.9796688;454.55
2019-08-14 08:01:59;10550;10560.61;10570.995;10560.535;486.6197803;504.6018993;486.44;2019-08-14 07:36:56;454.717052;454.55
2019-08-14 08:02:58;10550;10560.61;10570.835;10560.48167;486.6172319;504.5993509;486.44;2019-08-14 07:36:56;454.7146666;454.55
2019-08-14 08:03:59;10567;10562.69;10565.745;10565.145;486.8400546;504.8221736;486.44;2019-08-14 07:36:56;454.9232393;454.55
2019-08-14 08:04:59;10567;10562.66;10562.645;10564.10167;486.7902022;504.7723212;486.44;2019-08-14 07:36:56;454.8765751;454.55
2019-08-14 08:05:59;10567;10561.35;10563.02;10563.79;486.7753102;504.7574292;486.44;2019-08-14 07:36:56;454.8626355;454.55
2019-08-14 08:06:59;10567;10559.2;10556.965;10561.055;486.3398348;504.3219538;486.34;2019-08-14 07:36:56;454.6502236;454.65
2019-08-14 08:07:59;10561;10551.03;10555.645;10555.89167;486.0932702;504.0753892;486.34;2019-08-14 07:36:56;454.4193318;454.65
2019-08-14 08:08:59;10561;10559.05;10551.355;10557.135;486.1526431;504.1347621;486.34;2019-08-14 07:36:56;454.4749307;454.65
2019-08-14 08:09:59;10548;10552.32;10545.005;10548.44167;485.7375104;503.7196294;486.34;2019-08-14 07:36:56;454.0861859;454.65
2019-08-14 08:10:59;10551.25;10554.8;10545.005;10550.35167;485.8287186;503.8108376;486.34;2019-08-14 07:36:56;454.1715965;454.65
2019-08-14 08:11:59;10551.25;10554.91;10545.005;10550.38833;485.8304696;503.8125886;486.34;2019-08-14 07:36:56;454.1732361;454.65
2019-08-14 08:12:59;10551.25;10554.91;10549.945;10552.035;485.9091028;503.8912218;486.34;2019-08-14 07:36:56;454.2468711;454.65
2019-08-14 08:13:59;10551.25;10556.26;10549.945;10552.485;485.9305917;503.9127107;486.34;2019-08-14 07:36:56;454.266994;454.65
2019-08-14 08:14:59;10551.25;10552.09;10549.945;10551.095;485.864215;503.846334;486.34;2019-08-14 07:36:56;454.2048365;454.65
2019-08-14 08:16:59;10551.25;10560.47;10548.435;10553.385;485.9735694;503.9556884;486;2019-08-14 07:36:56;454.3074176;454.33
2019-08-14 08:17:59;10551.25;10560.47;10549.945;10553.88833;485.997605;503.979724;486;2019-08-14 07:36:56;454.3299255;454.33
2019-08-14 08:18:59;10551.25;10558.1;10549.945;10553.09833;485.9598802;503.9419992;486;2019-08-14 07:36:56;454.2945986;454.33
2019-08-14 08:19:59;10549;10539.51;10545.655;10544.72167;485.5598693;503.5419883;486;2019-08-14 07:36:56;453.9200142;454.33
2019-08-14 08:20:59;10543.5;10548.51;10540.51;10544.17333;485.5336847;503.5158037;486;2019-08-14 07:36:56;453.8954941;454.33
2019-08-14 08:21:59;10534.75;10535;10538.255;10536.00167;485.1434632;503.1255822;486;2019-08-14 07:36:56;453.5300768;454.33
2019-08-14 08:22:58;10530.25;10536.2;10534.005;10533.485;485.0232849;503.0054039;486;2019-08-14 07:36:56;453.4175375;454.33
2019-08-14 08:23:59;10530.25;10526.17;10534.885;10530.435;484.8776383;502.8597573;486;2019-08-14 07:36:56;453.2811489;454.33
2019-08-14 08:24:59;10530.25;10531.42;10530.505;10530.725;484.8914866;502.8736056;486;2019-08-14 07:36:56;453.294117;454.33
2019-08-14 08:25:59;10512;10508.1;10527.605;10515.90167;484.1836281;502.1657471;486;2019-08-14 07:36:56;452.6312532;454.33
2019-08-14 08:26:59;10512;10506.43;10508.735;10509.055;483.8566793;501.8387983;483.91;2019-08-14 07:36:56;452.3328222;452.38
2019-08-14 08:27:58;10512.5;10511.67;10511.515;10511.895;483.9922978;501.9744168;483.91;2019-08-14 07:36:56;452.4598222;452.38
2019-08-14 08:28:59;10515;10518.33;10509.825;10514.385;484.1112028;502.0933218;483.91;2019-08-14 07:36:56;452.5711709;452.38
2019-08-14 08:29:59;10520.5;10534.05;10518.775;10524.44167;484.5914387;502.5735577;483.91;2019-08-14 07:36:56;453.0208882;452.38
2019-08-14 08:30:59;10520.5;10533.03;10530.87;10528.13333;484.7677268;502.7498458;483.91;2019-08-14 07:36:56;453.1859733;452.38
2019-08-14 08:31:59;10520.5;10528.74;10528.565;10525.935;484.6627498;502.6448688;483.91;2019-08-14 07:36:56;453.0876675;452.38
2019-08-14 08:32:58;10520.5;10523.9;10528.565;10524.32167;484.5857083;502.5678273;483.91;2019-08-14 07:36:56;453.015522;452.38
2019-08-14 08:33:59;10524;10529.64;10522.115;10525.25167;484.6301186;502.6122376;483.91;2019-08-14 07:36:56;453.05711;452.38
2019-08-14 08:34:59;10524;10520;10522.115;10522.03833;484.4766723;502.4587913;483.91;2019-08-14 07:36:56;452.9134151;452.38
2019-08-14 08:35:58;10524;10529.6;10518.58;10524.06;484.5732129;502.5553319;483.91;2019-08-14 07:36:56;453.0038207;452.38
2019-08-14 08:36:59;10521;10511.1;10521.505;10517.86833;484.2775423;502.2596613;484.12;2019-08-14 08:36:56;452.7252595;452.58
2019-08-14 08:37:59;10500.25;10499;10511.775;10503.675;483.5997682;501.5818872;484.12;2019-08-14 08:36:56;452.0905596;452.58
2019-08-14 08:38:59;10475;10470;10466.755;10470.585;482.0196218;500.0017408;484.12;2019-08-14 08:36:56;450.6108355;452.58
2019-08-14 08:39:59;10453.5;10460.09;10466.395;10459.995;481.5139176;499.4960366;484.12;2019-08-14 08:36:56;450.1372701;452.58
2019-08-14 08:40:59;10465.5;10454.85;10463.35;10461.23333;481.5730518;499.5551708;484.12;2019-08-14 08:36:56;450.1926461;452.58
2019-08-14 08:41:59;10454.5;10467.86;10454.61;10458.99;481.4659259;499.4480449;484.12;2019-08-14 08:36:56;450.0923283;452.58
2019-08-14 08:42:59;10454.5;10474.12;10471.435;10466.685;481.8333851;499.8155041;484.12;2019-08-14 08:36:56;450.4364346;452.58
2019-08-14 08:43:59;10451.25;10449.13;10468.435;10456.27167;481.3361173;499.3182363;484.12;2019-08-14 08:36:56;449.9707694;452.58
2019-08-14 08:44:58;10384;10414.33;10451.705;10416.67833;479.4454173;497.4275363;484.12;2019-08-14 08:36:56;448.2002281;452.58
2019-08-14 08:45:59;10422.5;10416.75;10419.705;10419.65167;479.5874028;497.5695218;484.12;2019-08-14 08:36:56;448.3331901;452.58
2019-08-14 08:46:59;10422.5;10419.41;10420.655;10420.855;479.6448656;497.6269846;479.8;2019-08-14 08:36:56;448.3848902;448.53
2019-08-14 08:47:59;10425;10420;10424.505;10423.16833;479.7553342;497.7374532;479.8;2019-08-14 08:36:56;448.4883378;448.53
2019-08-14 08:48:58;10445.5;10454.76;10436.435;10445.565;480.824842;498.806961;479.8;2019-08-14 08:36:56;449.4898711;448.53
2019-08-14 08:49:58;10455;10460.5;10454.11;10456.53667;481.3487719;499.3308909;479.8;2019-08-14 08:36:56;449.9805017;448.53
2019-08-14 08:50:59;10465;10460;10463.16;10462.72;481.6440445;499.6261635;479.8;2019-08-14 08:36:56;450.2570078;448.53
2019-08-14 08:51:58;10465;10451.1;10461.135;10459.07833;481.4701441;499.4522631;479.8;2019-08-14 08:36:56;450.0941599;448.53
2019-08-14 08:52:59;10446;10431.35;10448.18;10441.84333;480.6471213;498.6292403;479.8;2019-08-14 08:36:56;449.3234458;448.53
2019-08-14 08:53:59;10437;10420.65;10441.025;10432.89167;480.2196524;498.2017714;479.8;2019-08-14 08:36:56;448.9231454;448.53
2019-08-14 08:54:59;10437.75;10449.99;10436.595;10441.445;480.6280997;498.6102187;479.8;2019-08-14 08:36:56;449.3056331;448.53
2019-08-14 08:55:59;10437.75;10451.37;10442.79;10443.97;480.748676;498.730795;479.8;2019-08-14 08:36:56;449.418546;448.53
2019-08-14 08:56:58;10437.75;10437.41;10435.25;10436.80333;481.1154704;499.0975894;481.02;2019-08-14 08:36:56;449.1760219;449.09
2019-08-14 08:57:59;10422.5;10415.92;10417.885;10418.76833;480.2530201;498.2351391;481.02;2019-08-14 08:36:56;448.3693987;449.09
2019-08-14 08:58:58;10422.5;10426.53;10415.325;10421.45167;480.3813395;498.3634585;481.02;2019-08-14 08:36:56;448.489412;449.09
2019-08-14 08:59:59;10427.75;10411.29;10423.36;10420.8;480.3501762;498.3322952;481.02;2019-08-14 08:36:56;448.4602659;449.09
2019-08-14 09:00:58;10403.25;10403.64;10385.895;10397.595;479.2404917;497.2226107;481.02;2019-08-14 08:36:56;447.4224122;449.09
2019-08-14 09:01:59;10409.25;10411.42;10400.045;10406.905;479.6857045;497.6678235;481.02;2019-08-14 08:36:56;447.838806;449.09
2019-08-14 09:02:59;10434.5;10431.27;10412.345;10426.03833;480.6006782;498.5827972;481.02;2019-08-14 08:36:56;448.6945526;449.09
2019-08-14 09:03:59;10435;10435.89;10435.295;10435.395;481.0481226;499.0302416;481.02;2019-08-14 08:36:56;449.1130336;449.09
2019-08-14 09:04:58;10440;10444.4;10431.93;10438.77667;481.2098371;499.1919561;481.02;2019-08-14 08:36:56;449.2642801;449.09
2019-08-14 09:05:59;10418.5;10429.2;10429.85;10425.85;480.5916719;498.5737909;481.02;2019-08-14 08:36:56;448.6861293;449.09
2019-08-14 09:06:58;10411.5;10428.48;10418.995;10419.65833;480.2955807;498.2776997;480.25;2019-08-14 08:36:56;448.3746476;448.33
2019-08-14 09:07:59;10413;10412.86;10409.415;10411.75833;479.9177954;497.8999144;480.25;2019-08-14 08:36:56;448.0213428;448.33
2019-08-14 09:08:59;10404.75;10417.05;10399.265;10407.02167;479.6912836;497.6734026;480.25;2019-08-14 08:36:56;447.8095091;448.33
2019-08-14 09:09:59;10404.75;10424.25;10416.765;10415.255;480.0850092;498.0671282;480.25;2019-08-14 08:36:56;448.1777212;448.33
2019-08-14 09:10:59;10404.75;10441.31;10414.68;10420.24667;480.3237153;498.3058343;480.25;2019-08-14 08:36:56;448.4009591;448.33
2019-08-14 09:11:59;10404.75;10427.33;10432.86;10421.64667;480.3906646;498.3727836;480.25;2019-08-14 08:36:56;448.4635701;448.33
2019-08-14 09:12:59;10419.5;10419.9;10416.545;10418.64833;480.2472815;498.2294005;480.25;2019-08-14 08:36:56;448.3294782;448.33
2019-08-14 09:13:59;10415.75;10418.55;10404.365;10412.88833;479.971833;497.953952;480.25;2019-08-14 08:36:56;448.0718788;448.33
2019-08-14 09:14:59;10415.75;10420.35;10409.955;10415.35167;480.0896319;498.0717509;480.25;2019-08-14 08:36:56;448.1820443;448.33
2019-08-14 09:15:59;10415.75;10426.53;10409.995;10417.425;480.1887806;498.1708996;480.25;2019-08-14 08:36:56;448.2747682;448.33
2019-08-14 09:16:59;10415;10403.52;10417.735;10412.085;479.9334169;497.9155359;480.25;2019-08-14 08:36:56;447.6761793;447.97
2019-08-14 09:17:59;10415;10413;10411.005;10413.00167;479.9772527;497.9593717;479.83;2019-08-14 08:36:56;448.1114069;447.97
2019-08-14 09:18:59;10415;10398.02;10409.56;10407.52667;479.7154332;497.6975522;479.83;2019-08-14 08:36:56;447.8665352;447.97
2019-08-14 09:19:59;10391.75;10386.18;10408.165;10395.365;479.133851;497.11597;479.83;2019-08-14 08:36:56;447.3225994;447.97
2019-08-14 09:20:59;10375;10377.64;10386.245;10379.62833;478.3813091;496.3634281;479.83;2019-08-14 08:36:56;446.6187703;447.97
2019-08-14 09:21:59;10384;10387.62;10374.315;10381.97833;478.4936882;496.4758072;479.83;2019-08-14 08:36:56;446.723875;447.97
2019-08-14 09:22:59;10384;10380.88;10382.885;10382.58833;478.522859;496.504978;479.83;2019-08-14 08:36:56;446.7511576;447.97
2019-08-14 09:24:01;10374.75;10371.98;10362.805;10369.845;477.913461;495.89558;479.83;2019-08-14 08:36:56;446.1812065;447.97
2019-08-14 09:24:59;10362;10351.31;10362.775;10358.695;477.3802577;495.3623767;479.83;2019-08-14 08:36:56;445.682518;447.97
2019-08-14 09:25:59;10381.25;10393.81;10369.25;10381.43667;478.4677852;496.4499042;479.83;2019-08-14 08:36:56;446.6996488;447.97
2019-08-14 09:26:59;10415;10424.22;10400.59;10413.27;479.9900847;497.9722037;480.24;2019-08-14 08:36:56;447.9952561;448.23
2019-08-14 09:27:59;10415.25;10415.6;10409.86;10413.57;480.004431;497.98655;480.24;2019-08-14 08:36:56;448.0086701;448.23
2019-08-14 09:28:59;10434;10428.12;10423.785;10428.635;480.7248532;498.7069722;480.24;2019-08-14 08:36:56;448.6822732;448.23
2019-08-14 09:29:59;10440.5;10433;10441.425;10438.30833;481.1874409;499.1695599;480.24;2019-08-14 08:36:56;449.1147981;448.23
2019-08-14 09:30:59;10438;10447.57;10435.17;10440.24667;481.2801338;499.2622528;480.24;2019-08-14 08:36:56;449.2014671;448.23
2019-08-14 09:31:58;10474;10464.65;10442.935;10460.52833;482.2500219;500.2321409;480.24;2019-08-14 08:36:56;450.1083237;448.23
2019-08-14 09:32:58;10469.25;10455.6;10477.125;10467.325;482.5750448;500.5571638;480.24;2019-08-14 08:36:56;450.4122239;448.23
2019-08-14 09:33:59;10457;10461.86;10455.175;10458.01167;482.1296726;500.1117916;480.24;2019-08-14 08:36:56;449.9957957;448.23
2019-08-14 09:34:59;10463;10467.06;10464.265;10464.775;482.4531014;500.4352204;480.24;2019-08-14 08:36:56;450.2982054;448.23
2019-08-14 09:35:59;10463;10473.69;10477.995;10471.56167;482.7776461;500.7597651;480.24;2019-08-14 08:36:56;450.6016585;448.23
2019-08-14 09:36:59;10463;10477.54;10474.86;10471.8;482.7890434;500.7711624;482.66;2019-08-14 09:36:56;450.7421007;450.62
2019-08-14 09:37:59;10463;10467.02;10466.49;10465.50333;482.487931;500.47005;482.66;2019-08-14 09:36:56;450.460479;450.62
2019-08-14 09:38:59;10463;10466.88;10465.285;10465.055;482.4664913;500.4486103;482.66;2019-08-14 09:36:56;450.4404271;450.62
2019-08-14 09:39:59;10463;10464.97;10458.195;10462.055;482.3230285;500.3051475;482.66;2019-08-14 09:36:56;450.3062505;450.62
2019-08-14 09:40:58;10464.75;10468.8;10458.195;10463.915;482.4119754;500.3940944;482.66;2019-08-14 09:36:56;450.38944;450.62
2019-08-14 09:41:58;10464.75;10460.53;10464.515;10463.265;482.3808918;500.3630108;482.66;2019-08-14 09:36:56;450.3603684;450.62
2019-08-14 09:42:58;10463;10467;10459.045;10463.015;482.3689366;500.3510556;482.66;2019-08-14 09:36:56;450.349187;450.62
2019-08-14 09:43:59;10463;10466.97;10463.17;10464.38;482.4342122;500.4163312;482.66;2019-08-14 09:36:56;450.4102373;450.62
2019-08-14 09:44:58;10463;10469;10463.395;10465.13167;482.4701575;500.4522765;482.66;2019-08-14 09:36:56;450.443856;450.62
2019-08-14 09:45:58;10463;10469;10467.375;10466.45833;482.5336;500.515719;482.66;2019-08-14 09:36:56;450.5031919;450.62
2019-08-14 09:46:59;10473;10469.97;10469.67;10470.88;482.7450482;500.7271672;482.92;2019-08-14 09:36:56;450.7022788;450.87
2019-08-14 09:47:59;10473;10488.13;10480.915;10480.68167;483.2137729;501.1958919;482.92;2019-08-14 09:36:56;451.1406647;450.87
2019-08-14 09:49:11;10479;10479.96;10486.965;10481.975;483.2756213;501.2577403;482.92;2019-08-14 09:36:56;451.1985098;450.87
2019-08-14 09:49:59;10465;10470.99;10460.69;10465.56;482.4906408;500.4727598;482.92;2019-08-14 09:36:56;450.4643384;450.87
2019-08-14 09:50:59;10462;10459.97;10461.41;10461.12667;482.2786347;500.2607537;482.92;2019-08-14 09:36:56;450.2660548;450.87
2019-08-14 09:51:59;10458;10459.93;10456.48;10458.13667;482.1356502;500.1177692;482.92;2019-08-14 09:36:56;450.1323251;450.87
2019-08-14 09:52:58;10461.25;10459;10455.995;10458.74833;482.1649006;500.1470196;482.92;2019-08-14 09:36:56;450.1596823;450.87
2019-08-14 09:53:59;10461.25;10466.48;10459.21;10462.31333;482.3353822;500.3175012;482.92;2019-08-14 09:36:56;450.3191292;450.87
2019-08-14 09:54:59;10461.25;10466;10460.985;10462.745;482.3560249;500.3381439;482.92;2019-08-14 09:36:56;450.3384358;450.87
2019-08-14 09:55:59;10461.25;10469.97;10460.225;10463.815;482.4071933;500.3893123;482.92;2019-08-14 09:36:56;450.3862922;450.87
2019-08-14 09:56:59;10464;10469;10471.935;10468.31167;483.4350925;501.4172115;483.32;2019-08-14 09:36:56;450.6092102;450.5
2019-08-14 09:57:59;10472;10475;10468.27;10471.75667;483.6001031;501.5822221;483.32;2019-08-14 09:36:56;450.7632972;450.5
2019-08-14 09:59:05;10472;10475;10466.4;10471.13333;483.5702463;501.5523653;483.32;2019-08-14 09:36:56;450.7354169;450.5
2019-08-14 09:59:59;10472.75;10473;10464.975;10470.24167;483.5275367;501.5096557;483.32;2019-08-14 09:36:56;450.6955347;450.5
2019-08-14 10:00:59;10472.75;10471;10468.995;10470.915;483.5597884;501.5419074;483.32;2019-08-14 09:36:56;450.7256514;450.5
2019-08-14 10:01:59;10473;10478;10468.995;10473.33167;483.6755433;501.6576623;483.32;2019-08-14 09:36:56;450.8337434;450.5
2019-08-14 10:02:59;10473;10486;10483.845;10480.94833;484.0403708;502.0224898;483.32;2019-08-14 09:36:56;451.1744195;450.5
2019-08-14 10:03:59;10484;10486;10480.005;10483.335;484.1546887;502.1368077;483.32;2019-08-14 09:36:56;451.2811697;450.5
2019-08-14 10:04:59;10484;10478.97;10480.47;10481.14667;484.0498707;502.0319897;483.32;2019-08-14 09:36:56;451.1832905;450.5
2019-08-14 10:05:58;10484;10486;10485.425;10485.14167;484.2412255;502.2233445;483.32;2019-08-14 09:36:56;451.3619778;450.5
2019-08-14 10:06:59;10501.75;10503;10495.215;10499.98833;484.9523597;502.9344787;485.02;2019-08-14 09:36:56;452.0323857;452.1
2019-08-14 10:07:59;10501;10505.99;10500.975;10502.655;485.0800892;503.0622082;485.02;2019-08-14 09:36:56;452.1516612;452.1
2019-08-14 10:08:59;10501;10503;10493.505;10499.16833;484.9130829;502.8952019;485.02;2019-08-14 09:36:56;451.9957084;452.1
2019-08-14 10:09:59;10501;10481.12;10492.615;10491.57833;484.5495327;502.5316517;485.02;2019-08-14 09:36:56;451.6562204;452.1
2019-08-14 10:10:58;10501;10489.97;10481.125;10490.69833;484.5073819;502.4895009;485.02;2019-08-14 09:36:56;451.6168595;452.1
2019-08-14 10:11:59;10501;10489.99;10488.485;10493.15833;484.6252124;502.6073314;485.02;2019-08-14 09:36:56;451.7268912;452.1
2019-08-14 10:12:59;10501;10508.62;10489.995;10499.87167;484.9467715;502.9288905;485.02;2019-08-14 09:36:56;452.0271674;452.1
2019-08-14 10:13:59;10499.75;10491;10496.01;10495.58667;484.7415261;502.7236451;485.02;2019-08-14 09:36:56;451.8355065;452.1
2019-08-14 10:14:59;10499.75;10502.06;10493.095;10498.30167;484.8715708;502.8536898;485.02;2019-08-14 09:36:56;451.9569439;452.1
2019-08-14 10:15:58;10499.75;10492.02;10498.285;10496.685;484.7941347;502.7762537;485.02;2019-08-14 09:36:56;451.8846331;452.1
2019-08-14 10:16:58;10499.75;10509.12;10499.995;10502.955;485.0944588;503.0765778;485.17;2019-08-14 09:36:56;452.1613426;452.23
2019-08-14 10:17:59;10499.75;10514.32;10511.145;10508.405;485.355506;503.337625;485.17;2019-08-14 09:36:56;452.40511;452.23
2019-08-14 10:18:59;10499.75;10521.64;10517.385;10512.925;485.5720076;503.5541266;485.17;2019-08-14 09:36:56;452.6072805;452.23
2019-08-14 10:19:59;10499.75;10514.85;10512.205;10508.935;485.3808923;503.3630113;485.17;2019-08-14 09:36:56;452.4288158;452.23
2019-08-14 10:20:59;10499.75;10519.7;10513.67;10511.04;485.4817188;503.4638378;485.17;2019-08-14 09:36:56;452.5229682;452.23
2019-08-14 10:21:58;10527.25;10529.33;10517.405;10524.66167;486.1341772;504.1162962;485.17;2019-08-14 09:36:56;453.1322378;452.23
2019-08-14 10:22:58;10527.25;10530.94;10527.12;10528.43667;486.3149943;504.2971133;485.17;2019-08-14 09:36:56;453.3010859;452.23
2019-08-14 10:23:59;10529.75;10530.95;10527.395;10529.365;486.3594602;504.3415792;485.17;2019-08-14 09:36:56;453.3426083;452.23
2019-08-14 10:24:59;10540.75;10550;10538.855;10543.20167;487.0222168;505.0043358;485.17;2019-08-14 09:36:56;453.9614944;452.23
2019-08-14 10:25:59;10539.25;10538.88;10547.275;10541.80167;486.9551588;504.9372778;485.17;2019-08-14 09:36:56;453.8988752;452.23
2019-08-14 10:26:59;10539.25;10547.69;10540.755;10542.565;486.9917213;504.9738403;487.03;2019-08-14 09:36:56;453.9335467;453.97
2019-08-14 10:27:59;10540;10546.46;10539.81;10542.09;486.9689695;504.9510885;487.03;2019-08-14 09:36:56;453.9123009;453.97
2019-08-14 10:28:59;10543.5;10548.97;10544.305;10545.59167;487.1366944;505.1188134;487.03;2019-08-14 09:36:56;454.0689235;453.97
2019-08-14 10:29:59;10544.25;10548.5;10543.315;10545.355;487.1253584;505.1074774;487.03;2019-08-14 09:36:56;454.0583378;453.97
2019-08-14 10:30:59;10544.25;10528.46;10534.995;10535.90167;486.6725572;504.6546762;487.03;2019-08-14 09:36:56;453.6355089;453.97
2019-08-14 10:31:59;10515;10513.14;10514.785;10514.30833;485.6382673;503.6203863;487.03;2019-08-14 09:36:56;452.6696818;453.97
2019-08-14 10:32:59;10515;10520.44;10515.115;10516.85167;485.7600893;503.7422083;487.03;2019-08-14 09:36:56;452.7834401;453.97
2019-08-14 10:33:59;10520;10521.42;10522.025;10521.14833;485.9658935;503.9480125;487.03;2019-08-14 09:36:56;452.9756215;453.97
2019-08-14 10:34:59;10517;10518.44;10513.115;10516.185;485.7281569;503.7102759;487.03;2019-08-14 09:36:56;452.7536214;453.97
2019-08-14 10:35:59;10516;10518.4;10514.82;10516.40667;485.7387745;503.7208935;487.03;2019-08-14 09:36:56;452.7635361;453.97
2019-08-14 10:36:59;10515;10511.1;10512.095;10512.73167;485.5627472;503.5448662;485.52;2019-08-14 10:36:56;452.6007772;452.56
2019-08-14 10:37:59;10513;10510.93;10512.51;10512.14667;485.5347265;503.5168455;485.52;2019-08-14 10:36:56;452.5746112;452.56
2019-08-14 10:38:58;10505;10496.86;10498.255;10500.03833;484.9547546;502.9368736;485.52;2019-08-14 10:36:56;452.0330275;452.56
2019-08-14 10:39:59;10497.25;10496.5;10494.69;10496.14667;484.7683493;502.7504683;485.52;2019-08-14 10:36:56;451.8589604;452.56
2019-08-14 10:40:59;10497.25;10496.47;10496.93;10496.88333;484.8036346;502.7857536;485.52;2019-08-14 10:36:56;451.8919101;452.56
2019-08-14 10:41:59;10497.25;10494.23;10496.835;10496.105;484.7663536;502.7484726;485.52;2019-08-14 10:36:56;451.8570967;452.56
2019-08-14 10:42:59;10497.25;10494.23;10494.73;10495.40333;484.7327447;502.7148637;485.52;2019-08-14 10:36:56;451.8257124;452.56
2019-08-14 10:43:59;10494.75;10501.1;10499.995;10498.615;484.886579;502.868698;485.52;2019-08-14 10:36:56;451.9693644;452.56
2019-08-14 10:44:58;10494.75;10490.01;10499.015;10494.59167;484.693867;502.675986;485.52;2019-08-14 10:36:56;451.7894081;452.56
2019-08-14 10:45:59;10494.75;10500.79;10490.7;10495.41333;484.7332237;502.7153427;485.52;2019-08-14 10:36:56;451.8261597;452.56
2019-08-14 10:47:13;10494.75;10493.25;10499.995;10495.99833;485.2273192;503.2094382;485.35;2019-08-14 10:36:56;451.6572573;451.77
2019-08-14 10:48:00;10494.75;10505.49;10495.88;10498.70667;485.3571647;503.3392837;485.35;2019-08-14 10:36:56;451.7783458;451.77
2019-08-14 10:49:13;10494.75;10505.44;10499.7;10499.96333;485.4174131;503.3995321;485.35;2019-08-14 10:36:56;451.8345308;451.77
2019-08-14 10:49:59;10502;10511.46;10499.7;10504.38667;485.6294809;503.6115999;485.35;2019-08-14 10:36:56;452.0322963;451.77
2019-08-14 10:51:00;10502;10515.47;10507.51;10508.32667;485.8183762;503.8004952;485.35;2019-08-14 10:36:56;452.2084521;451.77
2019-08-14 10:52:00;10514;10526.95;10516.07;10519.00667;486.3304072;504.3125262;485.35;2019-08-14 10:36:56;452.6859505;451.77
2019-08-14 10:52:59;10520;10528;10524.855;10524.285;486.5834663;504.5655853;485.35;2019-08-14 10:36:56;452.9219426;451.77
2019-08-14 10:54:12;10517.75;10515.01;10522.175;10518.31167;486.2970869;504.2792059;485.35;2019-08-14 10:36:56;452.6548773;451.77
2019-08-14 10:55:00;10517.75;10515;10512.135;10514.96167;486.1364779;504.1185969;485.35;2019-08-14 10:36:56;452.5051002;451.77
2019-08-14 10:56:14;10517.75;10506.37;10511.935;10512.01833;485.9953657;503.9774847;485.35;2019-08-14 10:36:56;452.373505;451.77
2019-08-14 10:57:08;10489;10490;10501.295;10493.43167;485.1042655;503.0863845;484.91;2019-08-14 10:36:56;451.5193511;451.34
2019-08-14 10:58:10;10491;10493.91;10490.005;10491.63833;485.0182878;503.0004068;484.91;2019-08-14 10:36:56;451.4391759;451.34
2019-08-14 10:58:59;10491;10490.95;10498.465;10493.47167;485.1061832;503.0883022;484.91;2019-08-14 10:36:56;451.5211394;451.34
2019-08-14 11:00:07;10491;10497.51;10497.27;10495.26;485.1919213;503.1740403;484.91;2019-08-14 10:36:56;451.6010911;451.34
2019-08-14 11:01:00;10491;10497.49;10495.9;10494.79667;485.1697077;503.1518267;484.91;2019-08-14 10:36:56;451.5803767;451.34
2019-08-14 11:01:58;10491;10501.78;10497.53;10496.77;485.2643152;503.2464342;484.91;2019-08-14 10:36:56;451.6685993;451.34
2019-08-14 11:02:59;10491;10503.31;10499.7;10498.00333;485.3234448;503.3055638;484.91;2019-08-14 10:36:56;451.7237384;451.34
2019-08-14 11:03:59;10491;10497.31;10499.985;10496.09833;485.2321135;503.2142325;484.91;2019-08-14 10:36:56;451.6385708;451.34
2019-08-14 11:04:59;10497.75;10497.66;10498.395;10497.935;485.3201687;503.3022877;484.91;2019-08-14 10:36:56;451.7206834;451.34
2019-08-14 11:05:59;10489.25;10487.55;10482.035;10486.27833;484.7613134;502.7434324;484.91;2019-08-14 10:36:56;451.1995443;451.34
2019-08-14 11:06:59;10473.5;10464.79;10475.265;10471.185;484.037694;502.019813;483.85;2019-08-14 10:36:56;450.5519099;450.38
2019-08-14 11:07:59;10473.5;10464.37;10463.885;10467.25167;483.8491183;501.8312373;483.85;2019-08-14 10:36:56;450.3760506;450.38
2019-08-14 11:08:58;10458.75;10472.11;10468.865;10466.575;483.8166769;501.7987959;483.85;2019-08-14 10:36:56;450.3457969;450.38
2019-08-14 11:09:59;10458.75;10464.4;10468.865;10464.005;483.6934634;501.6755824;483.85;2019-08-14 10:36:56;450.2308922;450.38
2019-08-14 11:10:59;10458.75;10462.18;10468.575;10463.16833;483.6533511;501.6354701;483.85;2019-08-14 10:36:56;450.1934849;450.38
2019-08-14 11:11:59;10458.75;10456.43;10465.005;10460.06167;483.5044083;501.4865273;483.85;2019-08-14 10:36:56;450.0545859;450.38
2019-08-14 11:12:59;10442.25;10445.44;10454.005;10447.23167;482.8892999;500.8714189;483.85;2019-08-14 10:36:56;449.4809569;450.38
2019-08-14 11:13:58;10442.25;10450;10449.485;10447.245;482.8899391;500.8720581;483.85;2019-08-14 10:36:56;449.481553;450.38
2019-08-14 11:14:59;10442.25;10456.59;10453.755;10450.865;483.0634927;501.0456117;483.85;2019-08-14 10:36:56;449.6434031;450.38
2019-08-14 11:15:59;10455.5;10449.48;10460.495;10455.15833;483.2693279;501.2514469;483.85;2019-08-14 10:36:56;449.8353579;450.38
2019-08-14 11:16:59;10457;10456.83;10444.995;10452.94167;483.1630543;501.1451733;483.4;2019-08-14 10:36:56;449.7265293;449.95
2019-08-14 11:17:58;10461;10464.7;10459.995;10461.89833;483.5924636;501.5745826;483.4;2019-08-14 10:36:56;450.1269733;449.95
2019-08-14 11:18:59;10464;10467.58;10468.215;10466.59833;483.8177956;501.7999146;483.4;2019-08-14 10:36:56;450.3371058;449.95
2019-08-14 11:19:59;10464;10459.97;10461.6;10461.85667;483.5904659;501.5725849;483.4;2019-08-14 10:36:56;450.1251104;449.95
2019-08-14 11:20:58;10464;10460.89;10465.265;10463.385;483.6637388;501.6458578;483.4;2019-08-14 10:36:56;450.1934408;449.95
2019-08-14 11:21:58;10464;10478.37;10466.005;10469.45833;483.9549125;501.9370315;483.4;2019-08-14 10:36:56;450.4649737;449.95
2019-08-14 11:22:59;10464;10468.96;10472.45;10468.47;483.9075288;501.8896478;483.4;2019-08-14 10:36:56;450.4207863;449.95
2019-08-14 11:23:59;10464;10473.9;10477.57;10471.82333;484.0682976;502.0504166;483.4;2019-08-14 10:36:56;450.5707106;449.95
2019-08-14 11:24:59;10464;10477.65;10471.5;10471.05;484.0312217;502.0133407;483.4;2019-08-14 10:36:56;450.5361356;449.95
2019-08-14 11:25:59;10464;10465.31;10464.735;10464.68167;483.7259049;501.7080239;483.4;2019-08-14 10:36:56;450.2514135;449.95
2019-08-14 11:26:59;10456;10450.85;10457.51;10454.78667;483.2515091;501.2336281;483.16;2019-08-14 10:36:56;449.8174823;449.73
2019-08-14 11:27:59;10452;10451;10449.66;10450.88667;483.0645314;501.0466504;483.16;2019-08-14 10:36:56;449.6431138;449.73
2019-08-14 11:28:59;10446.5;10452.36;10445.36;10448.07333;482.9296519;500.9117709;483.16;2019-08-14 10:36:56;449.5173301;449.73
2019-08-14 11:29:59;10454.5;10455.67;10452.645;10454.27167;483.2268184;501.2089374;483.16;2019-08-14 10:36:56;449.7944567;449.73
2019-08-14 11:30:59;10449;10452.98;10453.995;10451.99167;483.1175084;501.0996274;483.16;2019-08-14 10:36:56;449.6925182;449.73
2019-08-14 11:31:59;10440.5;10450.15;10444.43;10445.02667;482.7835856;500.7657046;483.16;2019-08-14 10:36:56;449.3811141;449.73
2019-08-14 11:32:58;10425.5;10446.64;10437.155;10436.43167;482.3715157;500.3536347;483.16;2019-08-14 10:36:56;448.9968328;449.73
2019-08-14 11:33:59;10448.25;10458.35;10446.82;10451.14;483.076677;501.058796;483.16;2019-08-14 10:36:56;449.6544403;449.73
2019-08-14 11:34:59;10448.25;10452.69;10450.525;10450.48833;483.0454342;501.0275532;483.16;2019-08-14 10:36:56;449.6253044;449.73
2019-08-14 11:35:59;10448.25;10457.38;10452.79;10452.80667;483.156582;501.138701;483.16;2019-08-14 10:36:56;449.7289568;449.73
2019-08-14 11:36:59;10461;10465.36;10456.935;10461.09833;483.5541092;501.5362282;483.61;2019-08-14 11:36:56;450.0735942;450.13
2019-08-14 11:37:59;10466;10480.93;10457.6;10468.17667;483.8934656;501.8755846;483.61;2019-08-14 11:36:56;450.3900478;450.13
2019-08-14 11:38:58;10474;10481.45;10473.635;10476.36167;484.2858789;502.2679979;483.61;2019-08-14 11:36:56;450.7559776;450.13
2019-08-14 11:39:59;10480;10486.82;10477.62;10481.48;484.531267;502.513386;483.61;2019-08-14 11:36:56;450.9848048;450.13
2019-08-14 11:40:59;10480;10482.25;10476.91;10479.72;484.4468874;502.4290064;483.61;2019-08-14 11:36:56;450.9061199;450.13
2019-08-14 11:41:59;10476;10479.99;10469.06;10475.01667;484.2213955;502.2035145;483.61;2019-08-14 11:36:56;450.6958462;450.13
2019-08-14 11:42:59;10476;10480.16;10474.49;10476.88333;484.3108891;502.2930081;483.61;2019-08-14 11:36:56;450.7793;450.13
2019-08-14 11:43:59;10476;10483.79;10478.66;10479.48333;484.4355409;502.4176599;483.61;2019-08-14 11:36:56;450.8955391;450.13
2019-08-14 11:44:59;10476;10482.29;10475.13;10477.80667;484.3551565;502.3372755;483.61;2019-08-14 11:36:56;450.8205798;450.13
2019-08-14 11:45:59;10479.5;10483.8;10474.155;10479.15167;484.4196398;502.4017588;483.61;2019-08-14 11:36:56;450.8807112;450.13
2019-08-14 11:46:59;10483.75;10484.51;10476.435;10481.565;485.6929786;503.6750976;485.97;2019-08-14 11:36:56;451.5174954;451.78
2019-08-14 11:47:59;10483.75;10506.62;10495.38;10495.25;486.3505897;504.3327087;485.97;2019-08-14 11:36:56;452.1300062;451.78
2019-08-14 11:48:59;10505.5;10501.02;10504.995;10503.83833;486.7632886;504.7454076;485.97;2019-08-14 11:36:56;452.5144013;451.78
2019-08-14 11:49:59;10518;10519.74;10510.465;10516.06833;487.350982;505.333101;485.97;2019-08-14 11:36:56;453.0617895;451.78
2019-08-14 11:50:59;10517.5;10516;10515.885;10516.46167;487.369883;505.352002;485.97;2019-08-14 11:36:56;453.0793942;451.78
2019-08-14 11:51:59;10515.25;10518.85;10520.005;10518.035;487.445487;505.427606;485.97;2019-08-14 11:36:56;453.1498132;451.78
2019-08-14 11:52:58;10505.5;10510.86;10510.85;10509.07;487.0146881;504.9968071;485.97;2019-08-14 11:36:56;452.7485593;451.78
2019-08-14 11:53:59;10505.5;10511.12;10510.005;10508.875;487.0053176;504.9874366;485.97;2019-08-14 11:36:56;452.7398315;451.78
2019-08-14 11:54:59;10505.5;10519.27;10515.45;10513.40667;487.2230798;505.2051988;485.97;2019-08-14 11:36:56;452.9426591;451.78
2019-08-14 11:55:59;10505.5;10524.78;10519.49;10516.59;487.3760498;505.3581688;485.97;2019-08-14 11:36:56;453.0851381;451.78
2019-08-14 11:56:59;10527;10533;10523.995;10527.99833;487.9242593;505.9063783;488.08;2019-08-14 11:36:56;453.5926731;453.74
2019-08-14 11:57:59;10527;10540.5;10539.715;10535.73833;488.2961928;506.2783118;488.08;2019-08-14 11:36:56;453.9390964;453.74
2019-08-14 11:58:59;10531.25;10539.69;10538.15;10536.36333;488.3262262;506.3083452;488.08;2019-08-14 11:36:56;453.9670699;453.74
2019-08-14 11:59:58;10522.5;10517.78;10524.35;10521.54333;487.6140745;505.5961935;488.08;2019-08-14 11:36:56;453.3037633;453.74
2019-08-14 12:00:59;10522.5;10525.41;10521.2;10523.03667;487.6858342;505.6679532;488.08;2019-08-14 11:36:56;453.3706012;453.74
2019-08-14 12:01:59;10526.75;10545.04;10532.49;10534.76;488.2491806;506.2312996;488.08;2019-08-14 11:36:56;453.8953086;453.74
2019-08-14 12:02:59;10554.75;10553.47;10549.405;10552.54167;489.1036505;507.0857695;488.08;2019-08-14 11:36:56;454.6911721;453.74
2019-08-14 12:03:59;10542;10529.22;10545.215;10538.81167;488.443877;506.425996;488.08;2019-08-14 11:36:56;454.0766512;453.74
2019-08-14 12:04:58;10538.5;10536.59;10536.625;10537.23833;488.368273;506.350392;488.08;2019-08-14 11:36:56;454.0062327;453.74
2019-08-14 12:05:59;10538.5;10546.65;10542.075;10542.40833;488.6167092;506.5988282;488.08;2019-08-14 11:36:56;454.2376292;453.74
2019-08-14 12:06:59;10538.5;10547.05;10543.635;10543.06167;488.6481041;506.6302231;488.75;2019-08-14 11:36:56;454.2707121;454.37
2019-08-14 12:07:58;10540.25;10531.61;10541.165;10537.675;488.3892563;506.3713753;488.75;2019-08-14 11:36:56;454.0296162;454.37
2019-08-14 12:08:59;10524;10515.64;10520.655;10520.09833;487.5446373;505.5267563;488.75;2019-08-14 11:36:56;453.2429216;454.37
2019-08-14 12:09:58;10523;10518.87;10512.405;10518.09167;487.44821;505.430329;488.75;2019-08-14 11:36:56;453.1531074;454.37
2019-08-14 12:10:59;10523;10534.18;10534.07;10530.41667;488.0404685;506.0225875;488.75;2019-08-14 11:36:56;453.7047485;454.37
2019-08-14 12:11:58;10523;10530.23;10530.67;10527.96667;487.9227376;505.9048566;488.75;2019-08-14 11:36:56;453.5950916;454.37
2019-08-14 12:12:58;10523;10544.22;10537.17;10534.79667;488.2509425;506.2330615;488.75;2019-08-14 11:36:56;453.9007881;454.37
2019-08-14 12:13:58;10546;10543.9;10549.54;10546.48;488.8123667;506.7944857;488.75;2019-08-14 11:36:56;454.4237095;454.37
2019-08-14 12:14:58;10551;10562.68;10549.825;10554.50167;489.1978353;507.1799543;488.75;2019-08-14 11:36:56;454.7827424;454.37
2019-08-14 12:15:59;10551;10566.14;10561.695;10559.61167;489.4433883;507.4255073;488.75;2019-08-14 11:36:56;455.0114552;454.37
2019-08-14 12:16:58;10570.25;10582.77;10584.875;10579.29833;490.3894;508.371519;488.75;2019-08-14 11:36:56;457.4174924;455.89
2019-08-14 12:17:59;10570.25;10580.61;10583.105;10577.98833;490.32645;508.308569;490.39;2019-08-14 11:36:56;455.8308454;455.89
2019-08-14 12:18:58;10570.25;10592.56;10592.765;10585.19167;490.6725949;508.6547139;490.39;2019-08-14 11:36:56;456.1532493;455.89
2019-08-14 12:19:59;10601.5;10596.34;10604.995;10600.945;491.4295965;509.4117155;490.39;2019-08-14 11:36:56;456.8583307;455.89
2019-08-14 12:20:59;10601.5;10617.03;10597.755;10605.42833;491.645036;509.627155;490.39;2019-08-14 11:36:56;457.058994;455.89
2019-08-14 12:21:59;10618;10634.86;10615.685;10622.84833;492.4821267;510.4642457;490.39;2019-08-14 11:36:56;457.8386714;455.89
2019-08-14 12:22:59;10631.75;10627.98;10623.495;10627.74167;492.7172681;510.6993871;490.39;2019-08-14 11:36:56;458.0576853;455.89
2019-08-14 12:23:59;10621;10615.6;10618.7;10618.43333;492.2699708;510.2520898;490.39;2019-08-14 11:36:56;457.6410666;455.89
2019-08-14 12:24:59;10621;10625.87;10616.755;10621.20833;492.4033191;510.3854381;490.39;2019-08-14 11:36:56;457.7652689;455.89
2019-08-14 12:25:59;10621;10635.55;10632.305;10629.61833;492.8074484;510.7895674;490.39;2019-08-14 11:36:56;458.1416804;455.89
2019-08-14 12:26:59;10628.25;10613.17;10621.625;10621.015;492.3940287;510.3761477;490.39;2019-08-14 11:36:56;459.5335934;457.66
2019-08-14 12:27:59;10613;10611.15;10605.66;10609.93667;491.8616769;509.8437959;492.29;2019-08-14 11:36:56;457.2597187;457.66
2019-08-14 12:28:59;10610.25;10617.63;10614.835;10614.23833;492.0683867;510.0505057;492.29;2019-08-14 11:36:56;457.4522506;457.66
2019-08-14 12:29:59;10623.75;10623.17;10623.005;10623.30833;492.5042312;510.4863502;492.29;2019-08-14 11:36:56;457.8582011;457.66
2019-08-14 12:30:59;10616;10603.54;10615.705;10611.74833;491.9487337;509.9308527;492.29;2019-08-14 11:36:56;457.3408044;457.66
2019-08-14 12:31:59;10616;10609.2;10603.79;10609.66333;491.8485423;509.8306613;492.29;2019-08-14 11:36:56;457.247485;457.66
2019-08-14 12:32:59;10622.5;10615.69;10609.895;10616.02833;492.1544023;510.1365213;492.29;2019-08-14 11:36:56;457.5323665;457.66
2019-08-14 12:33:59;10606.5;10607.22;10605.205;10606.30833;491.687323;509.669442;492.29;2019-08-14 11:36:56;457.0973236;457.66
2019-08-14 12:34:59;10608;10603.03;10602.755;10604.595;491.6049915;509.5871105;492.29;2019-08-14 11:36:56;457.0206391;457.66
2019-08-14 12:35:59;10599;10600;10600.195;10599.73167;491.3712917;509.3534107;492.29;2019-08-14 11:36:56;456.8029684;457.66
2019-08-14 12:36:59;10595.25;10590.1;10585.565;10590.305;489.9739176;507.9560366;489.98;2019-08-14 12:36:56;455.8421763;455.85
2019-08-14 12:37:59;10595.25;10599.97;10586.085;10593.76833;490.1400338;508.1221528;489.98;2019-08-14 12:36:56;455.9970103;455.85
2019-08-14 12:38:59;10595.25;10600;10596.215;10597.155;490.3024727;508.2845917;489.98;2019-08-14 12:36:56;456.1484167;455.85
2019-08-14 12:39:59;10606;10610.77;10599.995;10605.58833;490.7069712;508.6890902;489.98;2019-08-14 12:36:56;456.5254425;455.85
2019-08-14 12:40:59;10608;10615;10611.675;10611.55833;490.9933178;508.9754368;489.98;2019-08-14 12:36:56;456.792341;455.85
2019-08-14 12:41:59;10618;10622.86;10617.725;10619.52833;491.3755929;509.3577119;489.98;2019-08-14 12:36:56;457.1486527;455.85
2019-08-14 12:42:59;10613;10614.04;10610.145;10612.395;491.0334479;509.0155669;489.98;2019-08-14 12:36:56;456.8297455;455.85
2019-08-14 12:43:59;10613;10610.35;10611.125;10611.49167;490.9901202;508.9722392;489.98;2019-08-14 12:36:56;456.7893606;455.85
2019-08-14 12:44:59;10607;10608.88;10608.575;10608.15167;490.8299196;508.8120386;489.98;2019-08-14 12:36:56;456.6400405;455.85
2019-08-14 12:45:59;10604;10589.03;10596.675;10596.56833;490.2743337;508.2564527;489.98;2019-08-14 12:36:56;456.1221888;455.85
2019-08-14 12:46:58;10595;10587.92;10592.945;10591.955;490.0530586;508.0351776;489.96;2019-08-14 12:36:56;455.9329338;455.85
2019-08-14 12:47:59;10588.25;10589;10585.6;10587.61667;489.8449737;507.8270927;489.96;2019-08-14 12:36:56;455.7189793;455.83
2019-08-14 12:48:59;10590;10596.47;10585.73;10590.73333;489.9944623;507.9765813;489.96;2019-08-14 12:36:56;455.858314;455.83
2019-08-14 12:49:59;10590;10590;10591.445;10590.48167;489.9823913;507.9645103;489.96;2019-08-14 12:36:56;455.8470629;455.83
2019-08-14 12:50:59;10590;10585.48;10592.595;10589.35833;489.9285114;507.9106304;489.96;2019-08-14 12:36:56;455.7968428;455.83
2019-08-14 12:51:58;10579;10583.06;10581.595;10581.21833;489.5380824;507.5202014;489.96;2019-08-14 12:36:56;455.4329332;455.83
2019-08-14 12:52:59;10579;10573.1;10580.665;10577.58833;489.3639722;507.3460912;489.96;2019-08-14 12:36:56;455.2706493;455.83
2019-08-14 12:53:58;10572.5;10578.13;10575.005;10575.21167;489.2499772;507.2320962;489.96;2019-08-14 12:36:56;455.1643972;455.83
2019-08-14 12:54:59;10572.5;10579.13;10576.485;10576.03833;489.2896276;507.2717466;489.96;2019-08-14 12:36:56;455.2013544;455.83
2019-08-14 12:55:59;10572.5;10581.61;10575.58;10576.56333;489.3148089;507.2969279;489.96;2019-08-14 12:36:56;455.2248253;455.83
2019-08-14 12:56:59;10572.5;10569.99;10575.495;10572.66167;489.1276683;507.1097873;489.96;2019-08-14 12:36:56;455.0503961;455.83
2019-08-14 12:57:59;10572.5;10572.16;10570.005;10571.555;489.0745879;507.0567069;489.12;2019-08-14 12:36:56;454.9977528;455.04
2019-08-14 12:58:58;10572.5;10582.66;10575.95;10577.03667;489.3375119;507.3196309;489.12;2019-08-14 12:36:56;455.2428164;455.04
2019-08-14 12:59:59;10583.25;10590;10584.295;10585.84833;489.7601569;507.7422759;489.12;2019-08-14 12:36:56;455.636751;455.04
2019-08-14 13:00:59;10589.5;10579.36;10586.13;10584.99667;489.7193074;507.7014264;489.12;2019-08-14 12:36:56;455.5986764;455.04
2019-08-14 13:01:59;10576.25;10574.72;10571.84;10574.27;489.2048108;507.1869298;489.12;2019-08-14 12:36:56;455.1191297;455.04
2019-08-14 13:02:59;10572.75;10574.72;10568.845;10572.105;489.1009682;507.0830872;489.12;2019-08-14 12:36:56;455.0223411;455.04
2019-08-14 13:03:59;10572.75;10581.44;10572.975;10575.72167;489.274439;507.256558;489.12;2019-08-14 12:36:56;455.1840279;455.04
2019-08-14 13:04:59;10572.75;10572.75;10571.4;10572.3;489.1103213;507.0924403;489.12;2019-08-14 12:36:56;455.0310588;455.04
2019-08-14 13:05:59;10574;10579.84;10568.265;10574.035;489.1935392;507.1756582;489.12;2019-08-14 12:36:56;455.1086238;455.04
2019-08-14 13:06:59;10574;10579.94;10572.975;10575.63833;489.2704419;507.2525609;489.27;2019-08-14 12:36:56;455.0399255;455.04
2019-08-14 13:07:59;10574;10583.56;10572.975;10576.845;489.3283188;507.3104378;489.27;2019-08-14 12:36:56;455.2438719;455.19
2019-08-14 13:08:59;10580;10577.8;10572.975;10576.925;489.3321559;507.3142749;489.27;2019-08-14 12:36:56;455.2474484;455.19
2019-08-14 13:09:59;10580;10571.43;10571.785;10574.405;489.211286;507.193405;489.27;2019-08-14 12:36:56;455.1347869;455.19
2019-08-14 13:10:59;10580;10580.3;10577.435;10579.245;489.443433;507.425552;489.27;2019-08-14 12:36:56;455.3511685;455.19
2019-08-14 13:11:59;10580;10583.71;10577.435;10580.38167;489.4979524;507.4800714;489.27;2019-08-14 12:36:56;455.4019854;455.19
2019-08-14 13:12:59;10580;10587.94;10577.435;10581.79167;489.5655819;507.5477009;489.27;2019-08-14 12:36:56;455.4650222;455.19
2019-08-14 13:13:59;10580;10588.02;10577.435;10581.81833;489.566861;507.54898;489.27;2019-08-14 12:36:56;455.4662144;455.19
2019-08-14 13:14:59;10598;10604.4;10594.005;10598.80167;490.3814538;508.3635728;489.27;2019-08-14 12:36:56;456.2254873;455.19
2019-08-14 13:15:59;10608.75;10606.26;10608.265;10607.75833;490.8110536;508.7931726;489.27;2019-08-14 12:36:56;456.6259125;455.19
2019-08-14 13:16:59;10608.75;10613.48;10605.44;10609.22333;490.8813213;508.8634403;490.85;2019-08-14 12:36:56;456.6832316;456.65
2019-08-14 13:17:59;10611;10614.17;10604.995;10610.055;490.9212115;508.9033305;490.85;2019-08-14 12:36:56;456.7204122;456.65
2019-08-14 13:18:59;10611.75;10617.48;10611.135;10613.455;491.08429;509.066409;490.85;2019-08-14 12:36:56;456.8724132;456.65
2019-08-14 13:19:58;10611.75;10608.06;10610.425;10610.07833;490.9223307;508.9044497;490.85;2019-08-14 12:36:56;456.7214554;456.65
2019-08-14 13:20:59;10618.75;10626.7;10618.415;10621.28833;491.4600099;509.4421289;490.85;2019-08-14 12:36:56;457.2226116;456.65
2019-08-14 13:21:58;10618.75;10618.82;10619.095;10618.88833;491.3448957;509.3270147;490.85;2019-08-14 12:36:56;457.1153168;456.65
2019-08-14 13:22:58;10618.75;10625.78;10616.04;10620.19;491.4073292;509.3894482;490.85;2019-08-14 12:36:56;457.1735093;456.65
2019-08-14 13:23:58;10618.75;10617.59;10620.62;10618.98667;491.3496122;509.3317312;490.85;2019-08-14 12:36:56;457.1197129;456.65
2019-08-14 13:24:59;10603.25;10601.37;10618.42;10607.68;490.8072964;508.7894154;490.85;2019-08-14 12:36:56;456.6142351;456.65
2019-08-14 13:25:59;10606;10611.28;10603.065;10606.78167;490.7642086;508.7463276;490.85;2019-08-14 12:36:56;456.574074;456.65
2019-08-14 13:26:59;10614.25;10616.43;10614.995;10615.225;491.1691867;509.1513057;490.85;2019-08-14 12:36:56;456.9515431;456.65
2019-08-14 13:27:58;10612;10611.2;10613.8;10612.33333;491.0304901;509.0126091;491.17;2019-08-14 12:36:56;456.8304989;456.96
2019-08-14 13:28:58;10612;10618.79;10614.08;10614.95667;491.1563163;509.1384353;491.17;2019-08-14 12:36:56;456.9477801;456.96
2019-08-14 13:29:59;10620;10608.55;10624.415;10617.655;491.2857398;509.2678588;491.17;2019-08-14 12:36:56;457.0684144;456.96
2019-08-14 13:30:59;10611;10604.7;10603.005;10606.235;490.7379881;508.7201071;491.17;2019-08-14 12:36:56;456.557861;456.96
2019-08-14 13:31:59;10611;10594.02;10589.295;10598.105;490.3480387;508.3301577;491.17;2019-08-14 12:36:56;456.1943935;456.96
2019-08-14 13:32:59;10611;10573.51;10583.265;10589.25833;489.923715;507.905834;491.17;2019-08-14 12:36:56;455.798886;456.96
2019-08-14 13:33:59;10611;10585.92;10577.445;10591.455;490.0290765;508.0111955;491.17;2019-08-14 12:36:56;455.8970923;456.96
2019-08-14 13:34:59;10579;10571.34;10573.145;10574.495;489.2156028;507.1977218;491.17;2019-08-14 12:36:56;455.1388624;456.96
2019-08-14 13:35:59;10570.5;10571.51;10569.305;10570.43833;489.0210278;507.0031468;491.17;2019-08-14 12:36:56;454.9575012;456.96
2019-08-14 13:36:59;10586.75;10586;10578.525;10583.75833;489.6599116;507.6420306;491.17;2019-08-14 13:36:56;455.5529978;456.96
2019-08-14 13:37:58;10580.25;10581.9;10577.53;10579.89333;489.9692456;507.9513646;490.22;2019-08-14 13:36:56;455.6202388;455.85
2019-08-14 13:38:58;10580.25;10582.18;10573.695;10578.70833;489.9123526;507.8944716;490.22;2019-08-14 13:36:56;455.5672341;455.85
2019-08-14 13:39:59;10580.25;10580;10576.745;10578.99833;489.9262758;507.9083948;490.22;2019-08-14 13:36:56;455.5802057;455.85
2019-08-14 13:40:59;10583.25;10588.59;10578.87;10583.57;490.1457661;508.1278851;490.22;2019-08-14 13:36:56;455.7846947;455.85
2019-08-14 13:41:59;10583.25;10589.97;10579.87;10584.36333;490.1838548;508.1659738;490.22;2019-08-14 13:36:56;455.8201802;455.85
2019-08-14 13:42:59;10586.5;10593.28;10585.995;10588.59167;490.3868614;508.3689804;490.22;2019-08-14 13:36:56;456.0093121;455.85
2019-08-14 13:43:59;10586.5;10588.78;10585.995;10587.09167;490.3148449;508.2969639;490.22;2019-08-14 13:36:56;455.9422176;455.85
2019-08-14 13:44:59;10591.75;10583.08;10584.27;10586.36667;490.2800369;508.2621559;490.22;2019-08-14 13:36:56;455.9097886;455.85
2019-08-14 13:45:59;10591.75;10588.75;10584.195;10588.23167;490.3695774;508.3516964;490.22;2019-08-14 13:36:56;455.9932094;455.85
2019-08-14 13:46:59;10591.75;10588.78;10588.23;10589.58667;490.4346323;508.4167513;490.22;2019-08-14 13:36:56;456.053818;455.85
2019-08-14 13:47:59;10591.75;10588.78;10590.035;10590.18833;490.463519;508.445638;490.46;2019-08-14 13:36:56;456.0699255;456.07
2019-08-14 13:48:58;10591.5;10584.89;10586.485;10587.625;490.3404508;508.3225698;490.46;2019-08-14 13:36:56;455.9552711;456.07
2019-08-14 13:49:58;10578;10573;10575.005;10575.335;489.7503954;507.7325144;490.46;2019-08-14 13:36:56;455.4055564;456.07
2019-08-14 13:50:59;10578;10565.69;10573.24;10572.31;489.6051621;507.5872811;490.46;2019-08-14 13:36:56;455.2702523;456.07
2019-08-14 13:51:59;10562.25;10550.62;10565.23;10559.36667;488.9837396;506.9658586;490.46;2019-08-14 13:36:56;454.691315;456.07
2019-08-14 13:52:59;10562.25;10547.61;10546.965;10552.275;488.6432615;506.6253805;490.46;2019-08-14 13:36:56;454.3741145;456.07
2019-08-14 13:53:58;10562.25;10559.44;10544.995;10555.56167;488.8010577;506.7831767;490.46;2019-08-14 13:36:56;454.5211226;456.07
2019-08-14 13:54:59;10562.25;10555.77;10562.165;10560.06167;489.0171073;506.9992263;490.46;2019-08-14 13:36:56;454.7224013;456.07
2019-08-14 13:55:59;10562.25;10563.15;10556.455;10560.61833;489.0438334;507.0259524;490.46;2019-08-14 13:36:56;454.7473003;456.07
2019-08-14 13:56:59;10558.75;10564.35;10558.115;10560.405;489.0335911;507.0157101;490.46;2019-08-14 13:36:56;454.7377582;456.07
2019-08-14 13:57:59;10558.75;10573.15;10562.435;10564.77833;489.2435592;507.2256782;489.06;2019-08-14 13:36:56;454.9376593;454.77
2019-08-14 13:58:59;10558.75;10574.85;10572.885;10568.82833;489.4380038;507.4201228;489.06;2019-08-14 13:36:56;455.1188118;454.77
2019-08-14 13:59:59;10558.75;10558.95;10567.295;10561.665;489.0940849;507.0762039;489.06;2019-08-14 13:36:56;454.7984029;454.77
2019-08-14 14:00:58;10563.25;10566.71;10557.72;10562.56;489.1370548;507.1191738;489.06;2019-08-14 13:36:56;454.8384354;454.77
2019-08-14 14:01:59;10559;10556.42;10557.425;10557.615;488.8996403;506.8817593;489.06;2019-08-14 13:36:56;454.6172504;454.77
2019-08-14 14:02:59;10541.75;10520.47;10545.865;10536.02833;487.8632427;505.8453617;489.06;2019-08-14 13:36:56;453.6516999;454.77
2019-08-14 14:03:59;10534.25;10533.34;10534.985;10534.19167;487.7750625;505.7571815;489.06;2019-08-14 13:36:56;453.5695476;454.77
2019-08-14 14:04:59;10518.5;10520;10526.525;10521.675;487.1741246;505.1562436;489.06;2019-08-14 13:36:56;453.0096893;454.77
2019-08-14 14:05:59;10520.25;10529.2;10519.485;10522.97833;487.236699;505.218818;489.06;2019-08-14 13:36:56;453.0679862;454.77
2019-08-14 14:06:59;10520.25;10527.32;10518.235;10521.935;487.1866075;505.1687265;487.19;2019-08-14 13:36:56;454.7643882;454.77
2019-08-14 14:07:59;10520.25;10529.02;10529.055;10526.10833;487.3869735;505.3690925;487.19;2019-08-14 13:36:56;453.2010753;453.02
2019-08-14 14:08:59;10520.25;10529.02;10527.69;10525.65333;487.3651284;505.3472474;487.19;2019-08-14 13:36:56;453.1807239;453.02
2019-08-14 14:09:58;10520.25;10535.99;10534.15;10530.13;487.5800577;505.5621767;487.19;2019-08-14 13:36:56;453.3809579;453.02
2019-08-14 14:10:58;10533;10537.32;10538.64;10536.32;487.8772459;505.8593649;487.19;2019-08-14 13:36:56;453.6578265;453.02
2019-08-14 14:11:59;10523.75;10525.82;10525.005;10524.85833;487.3269597;505.3090787;487.19;2019-08-14 13:36:56;453.1451649;453.02
2019-08-14 14:12:59;10519.5;10507.98;10525.925;10517.80167;486.988162;504.970281;487.19;2019-08-14 13:36:56;452.8295317;453.02
2019-08-14 14:13:59;10480.5;10488.13;10510.015;10492.88167;485.7917276;503.7738466;487.19;2019-08-14 13:36:56;451.7149008;453.02
2019-08-14 14:14:59;10486;10492.61;10486.28;10488.29667;485.5715971;503.5537161;487.19;2019-08-14 13:36:56;451.5098213;453.02
2019-08-14 14:16:00;10486;10490.77;10484.18;10486.98333;485.5085427;503.4906617;487.19;2019-08-14 13:36:56;451.451078;453.02
2019-08-14 14:16:59;10486;10488.75;10498.815;10491.18833;485.710429;503.692548;485.5;2019-08-14 13:36:56;451.6385191;451.44
2019-08-14 14:17:59;10486;10490.9;10488.475;10488.45833;485.5793589;503.5614779;485.5;2019-08-14 13:36:56;451.5164109;451.44
2019-08-14 14:18:59;10486;10500.44;10499.275;10495.23833;485.9048736;503.8869926;485.5;2019-08-14 13:36:56;451.8196688;451.44
2019-08-14 14:19:59;10480;10479.29;10489.895;10483.06167;485.3202595;503.3023785;485.5;2019-08-14 13:36:56;451.2750271;451.44
2019-08-14 14:20:59;10479.25;10473.85;10473.805;10475.635;484.9636977;502.9458167;485.5;2019-08-14 13:36:56;450.9428449;451.44
2019-08-14 14:22:00;10472.75;10471.6;10467.19;10470.51333;484.7178014;502.6999204;485.5;2019-08-14 13:36:56;450.7137614;451.44
2019-08-14 14:22:59;10463;10458.9;10472.325;10464.74167;484.4406978;502.4228168;485.5;2019-08-14 13:36:56;450.4556046;451.44
2019-08-14 14:23:59;10462.25;10465.1;10459.5;10462.28333;484.3226707;502.3047897;485.5;2019-08-14 13:36:56;450.3456475;451.44
2019-08-14 14:24:59;10472.25;10456.95;10463;10464.06667;484.4082904;502.3904094;485.5;2019-08-14 13:36:56;450.425413;451.44
2019-08-14 14:25:59;10439.5;10459.26;10460.155;10452.97167;483.8756082;501.8577272;485.5;2019-08-14 13:36:56;449.9291524;451.44
2019-08-14 14:26:59;10439.5;10458.91;10446.295;10448.235;483.6481961;501.6303151;485.5;2019-08-14 13:36:56;449.7172894;451.44
2019-08-14 14:27:59;10463.25;10462.67;10452.885;10459.60167;485.2583426;503.2404616;484.93;2019-08-14 13:36:56;451.6987745;451.39
2019-08-14 14:28:59;10463.25;10461.91;10462.575;10462.57833;485.4015583;503.3836773;484.93;2019-08-14 13:36:56;451.8323349;451.39
2019-08-14 14:29:59;10470.25;10471.01;10461.705;10467.655;485.6458108;503.6279298;484.93;2019-08-14 13:36:56;452.0601206;451.39
2019-08-14 14:30:59;10470.25;10499.3;10492.91;10487.48667;486.5999673;504.5820863;484.93;2019-08-14 13:36:56;452.9499504;451.39
2019-08-14 14:31:59;10470.25;10499.99;10491.125;10487.12167;486.5824061;504.5645251;484.93;2019-08-14 13:36:56;452.9335732;451.39
2019-08-14 14:32:59;10510.5;10508.12;10505.045;10507.88833;487.5815481;505.5636671;484.93;2019-08-14 13:36:56;453.8653556;451.39
2019-08-14 14:33:59;10510.5;10515.22;10511.87;10512.53;487.8048716;505.7869906;484.93;2019-08-14 13:36:56;454.0736232;451.39
2019-08-14 14:34:59;10519.5;10509.69;10518.365;10515.85167;487.9646862;505.9468052;484.93;2019-08-14 13:36:56;454.2226635;451.39
2019-08-14 14:35:59;10519.5;10512.75;10509.22;10513.82333;487.8670974;505.8492164;484.93;2019-08-14 13:36:56;454.1316539;451.39
2019-08-14 14:36:59;10505;10493.58;10507.835;10502.13833;487.3048997;505.2870187;486.92;2019-08-14 14:36:56;453.6129208;453.25
2019-08-14 14:37:59;10482.5;10476.97;10472.305;10477.25833;486.1078538;504.0899728;486.92;2019-08-14 14:36:56;452.4965635;453.25
2019-08-14 14:38:59;10475.25;10463.14;10476.04;10471.47667;485.8296818;503.8118008;486.92;2019-08-14 14:36:56;452.237142;453.25
2019-08-14 14:39:59;10469.75;10470.97;10465.37;10468.69667;485.6959283;503.6780473;486.92;2019-08-14 14:36:56;452.1124043;453.25
2019-08-14 14:40:59;10464;10450;10466.08;10460.02667;485.2787905;503.2609095;486.92;2019-08-14 14:36:56;451.7233843;453.25
2019-08-14 14:41:59;10431.25;10431.94;10453.825;10439.005;484.2673798;502.2494988;486.92;2019-08-14 14:36:56;450.7801491;453.25
2019-08-14 14:42:59;10436.25;10434.63;10438.745;10436.54167;484.148862;502.130981;486.92;2019-08-14 14:36:56;450.6696201;453.25
2019-08-14 14:44:02;10436.25;10446.02;10433.865;10438.71167;484.2532667;502.2353857;486.92;2019-08-14 14:36:56;450.7669873;453.25
2019-08-14 14:44:59;10436.25;10443.58;10438.245;10439.35833;484.2843796;502.2664986;486.92;2019-08-14 14:36:56;450.796003;453.25
2019-08-14 14:45:58;10436.25;10432.28;10439.335;10435.955;484.1206358;502.1027548;486.92;2019-08-14 14:36:56;450.6432966;453.25
2019-08-14 14:46:59;10432.75;10433.93;10434.795;10433.825;484.0181556;502.0002746;486.92;2019-08-14 14:36:56;450.5477242;453.25
2019-08-14 14:47:59;10433.75;10425.68;10431.245;10430.225;483.8449496;501.8270686;483.93;2019-08-14 14:36:56;450.386318;450.47
2019-08-14 14:48:59;10414.75;10423;10425.48;10421.07667;483.4047979;501.3869169;483.93;2019-08-14 14:36:56;449.9758353;450.47
2019-08-14 14:49:59;10443.25;10442.73;10419.71;10435.23;484.0857541;502.0678731;483.93;2019-08-14 14:36:56;450.6108908;450.47
2019-08-14 14:50:59;10449.5;10448.99;10451.975;10450.155;484.8038372;502.7859562;483.93;2019-08-14 14:36:56;451.2805708;450.47
2019-08-14 14:51:58;10461.25;10459.01;10467.175;10462.47833;485.396747;503.378866;483.93;2019-08-14 14:36:56;451.8335148;450.47
2019-08-14 14:52:59;10462;10461.4;10457.755;10460.385;485.2960309;503.2781499;483.93;2019-08-14 14:36:56;451.7395876;450.47
2019-08-14 14:53:59;10464;10465.15;10469.995;10466.38167;485.5845472;503.5666662;483.93;2019-08-14 14:36:56;452.0086561;450.47
2019-08-14 14:54:59;10464;10459.51;10461.15;10461.55333;485.3522427;503.3343617;483.93;2019-08-14 14:36:56;451.7920104;450.47
2019-08-14 14:55:58;10460.25;10459.51;10457.795;10459.185;485.2382956;503.2204146;483.93;2019-08-14 14:36:56;451.685744;450.47
2019-08-14 14:56:59;10460.25;10475;10464.17;10466.47333;485.5889575;503.5710765;483.93;2019-08-14 14:36:56;452.0127692;450.47
2019-08-14 14:57:59;10465;10477.91;10465.55;10469.48667;485.7339374;503.7160564;485.63;2019-08-14 14:36:56;452.1449735;452.05
2019-08-14 14:58:59;10480;10476.64;10482.455;10479.69833;486.225249;504.207368;485.63;2019-08-14 14:36:56;452.6031648;452.05
2019-08-14 14:59:58;10476;10473.84;10484.725;10478.18833;486.1525987;504.1347177;485.63;2019-08-14 14:36:56;452.5354121;452.05
2019-08-14 15:00:59;10457.5;10467.2;10471.325;10465.34167;485.5345099;503.5166289;485.63;2019-08-14 14:36:56;451.9589899;452.05
2019-08-14 15:01:59;10457.5;10460.37;10450.89;10456.25333;485.097245;503.079364;485.63;2019-08-14 14:36:56;451.5512019;452.05
2019-08-14 15:02:59;10457.5;10440;10450.005;10449.16833;484.756366;502.738485;485.63;2019-08-14 14:36:56;451.2333023;452.05
2019-08-14 15:03:59;10441.25;10446.58;10439.595;10442.475;484.4343311;502.4164501;485.63;2019-08-14 14:36:56;450.9329764;452.05
2019-08-14 15:04:59;10457;10464.72;10454.91;10458.87667;485.2234608;503.2055798;485.63;2019-08-14 14:36:56;451.6689093;452.05
2019-08-14 15:05:59;10467.25;10485.27;10470.665;10474.395;485.9700909;503.9522099;485.63;2019-08-14 14:36:56;452.3652075;452.05
2019-08-14 15:06:59;10496;10490.56;10485.7;10490.75333;486.7571357;504.7392547;485.63;2019-08-14 14:36:56;453.099196;452.05
2019-08-14 15:07:59;10489.25;10478.98;10497.66;10488.63;486.6549762;504.6370952;486.91;2019-08-14 14:36:56;453.0012962;453.24
2019-08-14 15:08:59;10492.75;10499.62;10494.195;10495.52167;486.9865535;504.9686725;486.91;2019-08-14 14:36:56;453.3105193;453.24
2019-08-14 15:09:59;10504.25;10491.7;10506.28;10500.74333;487.2377823;505.2199013;486.91;2019-08-14 14:36:56;453.544811;453.24
2019-08-14 15:10:59;10504.25;10502.73;10500.255;10502.41167;487.3180505;505.3001695;486.91;2019-08-14 14:36:56;453.6196677;453.24
2019-08-14 15:11:59;10504.25;10505.58;10503.76;10504.53;487.4199694;505.4020884;486.91;2019-08-14 14:36:56;453.7147155;453.24
2019-08-14 15:12:59;10504.25;10506.92;10509.645;10506.93833;487.535841;505.51796;486.91;2019-08-14 14:36:56;453.8227754;453.24
2019-08-14 15:14:59;10520;10506.8;10525.005;10517.26833;488.0328459;506.0149649;486.91;2019-08-14 14:36:56;454.2862736;453.24
2019-08-14 15:15:59;10520;10506.8;10505.485;10510.76167;487.7197921;505.7019111;486.91;2019-08-14 14:36:56;453.9943251;453.24
2019-08-14 15:16:59;10501;10497.7;10505.24;10501.31333;487.2652066;505.2473256;486.91;2019-08-14 14:36:56;453.5703865;453.24
2019-08-14 15:17:59;10498;10490.18;10495.42;10494.53333;486.939002;504.921121;487.12;2019-08-14 14:36:56;453.2623403;453.43
2019-08-14 15:18:59;10498;10498.55;10496.105;10497.55167;487.0842224;505.0663414;487.12;2019-08-14 14:36:56;453.3977693;453.43
2019-08-14 15:19:59;10503.5;10499.03;10511.195;10504.575;487.4221344;505.4042534;487.12;2019-08-14 14:36:56;453.7128976;453.43
2019-08-14 15:20:59;10503.5;10507.15;10506.005;10505.55167;487.4691246;505.4512436;487.12;2019-08-14 14:36:56;453.7567195;453.43
2019-08-14 15:21:58;10500.25;10497.97;10499.105;10499.10833;487.1591179;505.1412369;487.12;2019-08-14 14:36:56;453.467615;453.43
2019-08-14 15:22:59;10500.25;10488.35;10484.055;10490.885;486.7634706;504.7455896;487.12;2019-08-14 14:36:56;453.0986441;453.43
2019-08-14 15:23:59;10500.25;10482.82;10489.655;10490.90833;486.7645932;504.7467122;487.12;2019-08-14 14:36:56;453.099691;453.43
2019-08-14 15:24:59;10484.5;10480.93;10479.005;10481.47833;486.3108897;504.2930087;487.12;2019-08-14 14:36:56;452.6765784;453.43
2019-08-14 15:25:59;10482.5;10480.56;10481.25;10481.43667;486.308885;504.291004;487.12;2019-08-14 14:36:56;452.6747089;453.43
2019-08-14 15:26:59;10482.5;10480.15;10479.29;10480.64667;486.2708759;504.2529949;487.12;2019-08-14 14:36:56;452.6392626;453.43
2019-08-14 15:27:59;10482.5;10472.25;10480.48;10478.41;485.9696751;503.9517941;486.1;2019-08-14 14:36:56;452.3771019;452.5
2019-08-14 15:28:58;10471;10469.09;10468.495;10469.52833;485.5425175;503.5246365;486.1;2019-08-14 14:36:56;451.9787295;452.5
2019-08-14 15:29:58;10471.75;10476.7;10468.505;10472.31833;485.6767006;503.6588196;486.1;2019-08-14 14:36:56;452.1038703;452.5
2019-08-14 15:30:59;10476;10473.26;10474.34;10474.53333;485.7832295;503.7653485;486.1;2019-08-14 14:36:56;452.2032204;452.5
2019-08-14 15:31:59;10473.25;10468.16;10463.165;10468.19167;485.4782315;503.4603505;486.1;2019-08-14 14:36:56;451.9187755;452.5
2019-08-14 15:32:59;10473.25;10467.7;10458.515;10466.48833;485.3963108;503.3784298;486.1;2019-08-14 14:36:56;451.8423753;452.5
2019-08-14 15:33:59;10473.25;10458.35;10464.655;10465.41833;485.3448499;503.3269689;486.1;2019-08-14 14:36:56;451.7943823;452.5
2019-08-14 15:34:59;10466.75;10467.35;10466.985;10467.02833;485.4222818;503.4044008;486.1;2019-08-14 14:36:56;451.8665961;452.5
2019-08-14 15:35:59;10460.75;10454.85;10463.27;10459.62333;485.0661435;503.0482625;486.1;2019-08-14 14:36:56;451.5344572;452.5
2019-08-14 15:36:59;10458.25;10462.01;10456.105;10458.78833;484.9922857;503.0081037;486.07;2019-08-14 15:36:56;451.4670006;452.47
2019-08-14 15:38:00;10458.25;10460.71;10452.9;10457.28667;484.9200641;502.9358821;484.95;2019-08-14 15:36:56;451.3965268;451.42
2019-08-14 15:38:58;10458.25;10460;10452.515;10456.92167;484.9025097;502.9183277;484.95;2019-08-14 15:36:56;451.3801554;451.42
2019-08-14 15:39:58;10458.25;10466.26;10462.895;10462.46833;485.1692728;503.1850908;484.95;2019-08-14 15:36:56;451.6289412;451.42
2019-08-14 15:40:59;10463.75;10457.83;10459.675;10460.41833;485.0706794;503.0864974;484.95;2019-08-14 15:36:56;451.5369921;451.42
2019-08-14 15:42:00;10463.75;10459.96;10457.47;10460.39333;485.0694771;503.0852951;484.95;2019-08-14 15:36:56;451.5358708;451.42
2019-08-14 15:42:58;10453.25;10458.17;10459.07;10456.83;484.8981011;502.9139191;484.95;2019-08-14 15:36:56;451.3760438;451.42
2019-08-14 15:43:59;10453.25;10466.25;10461.06;10460.18667;485.0595376;503.0753556;484.95;2019-08-14 15:36:56;451.5266012;451.42
2019-08-14 15:44:58;10458;10463.48;10455.15;10458.87667;484.9965341;503.0123521;484.95;2019-08-14 15:36:56;451.4678434;451.42
2019-08-14 15:45:59;10466.75;10474.76;10468.655;10470.055;485.5341482;503.5499662;484.95;2019-08-14 15:36:56;451.9692277;451.42
2019-08-14 15:46:59;10466.75;10480.2;10474.24;10473.73;485.7108947;503.7267127;484.95;2019-08-14 15:36:56;452.1340633;451.42
2019-08-14 15:48:00;10466.75;10481.03;10480.335;10476.03833;485.8219124;503.8377304;485.86;2019-08-14 15:36:56;452.2404542;452.28
2019-08-14 15:48:59;10480.5;10481.03;10479.135;10480.22167;486.0231069;504.0389249;485.86;2019-08-14 15:36:56;452.4280913;452.28
2019-08-14 15:49:59;10480.5;10489.09;10480.555;10483.38167;486.1750849;504.1909029;485.86;2019-08-14 15:36:56;452.5698283;452.28
2019-08-14 15:50:59;10480.5;10475.11;10477.055;10477.555;485.8948554;503.9106734;485.86;2019-08-14 15:36:56;452.308482;452.28
2019-08-14 15:51:59;10483.75;10475.8;10478.005;10479.185;485.9732491;503.9890671;485.86;2019-08-14 15:36:56;452.3815932;452.28
2019-08-14 15:52:59;10483.75;10482.99;10480.205;10482.315;486.1237843;504.1396023;485.86;2019-08-14 15:36:56;452.5219846;452.28
2019-08-14 15:53:59;10483.75;10482.99;10480.205;10482.315;486.1237843;504.1396023;485.86;2019-08-14 15:36:56;452.5219846;452.28
2019-08-14 15:54:59;10471;10475;10480.205;10475.40167;485.7912924;503.8071104;485.86;2019-08-14 15:36:56;452.2118974;452.28
2019-08-14 15:55:59;10459.75;10456.6;10467.505;10461.285;485.1123612;503.1281792;485.86;2019-08-14 15:36:56;451.5787157;452.28
2019-08-14 15:56:59;10459.75;10447;10452.64;10453.13;484.7201522;502.7359702;485.86;2019-08-14 15:36:56;451.2129354;452.28
2019-08-14 15:57:59;10440.25;10443;10444.995;10442.74833;484.2208532;502.2366712;484.6;2019-08-14 15:36:56;450.7387288;451.09
2019-08-14 15:58:59;10447;10446.75;10432.04;10441.93;484.181496;502.197314;484.6;2019-08-14 15:36:56;450.7020244;451.09
2019-08-14 15:59:59;10465.75;10471.69;10467.595;10468.345;485.4519069;503.4677249;484.6;2019-08-14 15:36:56;451.8868077;451.09
2019-08-14 16:00:59;10499;10506.78;10478.655;10494.81167;486.7248027;504.7406207;484.6;2019-08-14 15:36:56;453.0739085;451.09
2019-08-14 16:01:59;10557.5;10557.48;10515.645;10543.54167;489.068438;507.084256;484.6;2019-08-14 15:36:56;455.2595792;451.09
2019-08-14 16:02:59;10557.5;10557.57;10544.875;10553.315;489.5384796;507.5542976;484.6;2019-08-14 15:36:56;455.6979394;451.09
2019-08-14 16:03:59;10568.75;10560;10552.555;10560.435;489.880911;507.896729;484.6;2019-08-14 15:36:56;456.0172904;451.09
2019-08-14 16:04:59;10568.75;10549.28;10552.92;10556.98333;489.7149055;507.7307235;484.6;2019-08-14 15:36:56;455.8624739;451.09
2019-08-14 16:05:58;10540;10531.42;10546.42;10539.28;488.8634761;506.8792941;484.6;2019-08-14 15:36:56;455.0684321;451.09
2019-08-14 16:06:59;10527.5;10527.89;10522.23;10525.87333;488.2186919;506.2345099;484.6;2019-08-14 15:36:56;454.4671073;451.09
2019-08-14 16:08:00;10527.5;10519.5;10526.77;10524.59;488.1569708;506.1727888;488.41;2019-08-14 15:36:56;454.4113829;454.65
2019-08-14 16:08:59;10523;10509.18;10518.815;10516.99833;487.7918549;505.8076729;488.41;2019-08-14 15:36:56;454.070875;454.65
2019-08-14 16:09:59;10533.5;10527.13;10526.565;10529.065;488.3721928;506.3880108;488.41;2019-08-14 15:36:56;454.6120993;454.65
2019-08-14 16:10:59;10533.5;10531.82;10529.475;10531.59833;488.4940317;506.5098497;488.41;2019-08-14 15:36:56;454.7257266;454.65
2019-08-14 16:11:58;10533.5;10516.93;10530.07;10526.83333;488.2648624;506.2806804;488.41;2019-08-14 15:36:56;454.5120027;454.65
2019-08-14 16:12:59;10533.5;10530;10525.995;10529.83167;488.4090651;506.4248831;488.41;2019-08-14 15:36:56;454.6464865;454.65
2019-08-14 16:13:59;10533.5;10523.62;10530.005;10529.04167;488.3710706;506.3868886;488.41;2019-08-14 15:36:56;454.6110528;454.65
2019-08-14 16:14:59;10533.5;10522.59;10525.48;10527.19;488.282016;506.297834;488.41;2019-08-14 15:36:56;454.5280003;454.65
2019-08-14 16:15:59;10535.75;10531.45;10523.83;10530.34333;488.4336734;506.4494914;488.41;2019-08-14 15:36:56;454.6694362;454.65
2019-08-14 16:16:59;10535.75;10542.13;10544;10540.62667;488.9282431;506.9440611;488.41;2019-08-14 15:36:56;455.130673;454.65
2019-08-14 16:17:59;10543;10536.47;10541.255;10540.24167;489.7390857;507.7549037;489.71;2019-08-14 15:36:56;455.4434146;455.42
2019-08-14 16:18:59;10543;10550.83;10540.215;10544.68167;489.9529738;507.9687918;489.71;2019-08-14 15:36:56;455.6427002;455.42
2019-08-14 16:19:59;10543;10546.09;10545.24;10544.77667;489.9575502;507.9733682;489.71;2019-08-14 15:36:56;455.6469642;455.42
2019-08-14 16:20:59;10543;10536.41;10541.065;10540.15833;489.7350713;507.7508893;489.71;2019-08-14 15:36:56;455.4396742;455.42
2019-08-14 16:21:58;10532.5;10527.07;10524.725;10528.09833;489.1541051;507.1699231;489.71;2019-08-14 15:36:56;454.8983713;455.42
2019-08-14 16:22:59;10508;10505.86;10502.7;10505.52;488.0664394;506.0822574;489.71;2019-08-14 15:36:56;453.8849618;455.42
2019-08-14 16:23:59;10456;10456.08;10460.18;10457.42;485.7493188;503.7651368;489.71;2019-08-14 15:36:56;451.7260339;455.42
2019-08-14 16:24:59;10389.25;10374.47;10340.775;10368.165;481.449639;499.465457;489.71;2019-08-14 15:36:56;447.7198984;455.42
2019-08-14 16:25:59;10305.25;10301.92;10363.865;10323.67833;479.3065835;497.3224015;489.71;2019-08-14 15:36:56;445.7231519;455.42
2019-08-14 16:26:59;10338.5;10332.4;10323.005;10331.30167;479.6738222;497.6896402;489.71;2019-08-14 15:36:56;446.0653188;455.42
2019-08-14 16:27:59;10308;10304.13;10310.735;10307.62167;478.5330859;496.5489039;479.8;2019-08-14 15:36:56;445.0096033;446.19
2019-08-14 16:28:59;10349.25;10355.49;10302.85;10335.86333;479.8935713;497.9093893;479.8;2019-08-14 15:36:56;446.2772262;446.19
2019-08-14 16:29:59;10339.5;10340.43;10335.62;10338.51667;480.0213903;498.0372083;479.8;2019-08-14 15:36:56;446.3963207;446.19
2019-08-14 16:30:59;10339.5;10349.58;10344.555;10344.545;480.3117931;498.3276111;479.8;2019-08-14 15:36:56;446.6669015;446.19
2019-08-14 16:31:59;10382;10385.31;10354.71;10374.00667;481.7310495;499.7468675;479.8;2019-08-14 15:36:56;447.989284;446.19
2019-08-14 16:32:59;10376.25;10384.38;10371.09;10377.24;481.8868089;499.9026269;479.8;2019-08-14 15:36:56;448.1344117;446.19
2019-08-14 16:33:58;10374.5;10371.36;10372.11;10372.65667;481.666016;499.681834;479.8;2019-08-14 15:36:56;447.9286895;446.19
2019-08-14 16:34:59;10349.25;10354.12;10352.145;10351.83833;480.6631348;498.6789528;479.8;2019-08-14 15:36:56;446.9942617;446.19
2019-08-14 16:35:59;10333;10337;10345.805;10338.60167;480.025485;498.041303;479.8;2019-08-14 15:36:56;446.4001359;446.19
2019-08-14 16:36:59;10316;10321;10328.91;10321.97;479.224288;497.240106;479.8;2019-08-14 16:36:56;445.653626;446.19
2019-08-14 16:37:59;10332.25;10338.4;10310.705;10327.11833;479.4722986;497.4881166;479.09;2019-08-14 16:36:56;445.8781012;445.52
2019-08-14 16:38:58;10329.5;10328.19;10329.995;10329.22833;479.5739436;497.5897616;479.09;2019-08-14 16:36:56;445.9728069;445.52
2019-08-14 16:39:59;10329.5;10340.52;10334.995;10335.005;479.8522228;497.8680408;479.09;2019-08-14 16:36:56;446.232088;445.52
2019-08-14 16:40:59;10329.5;10352.56;10337.345;10339.80167;480.0832926;498.0991106;479.09;2019-08-14 16:36:56;446.4473826;445.52
2019-08-14 16:41:59;10360;10367.6;10349.995;10359.19833;481.0176879;499.0335059;479.09;2019-08-14 16:36:56;447.3179866;445.52
2019-08-14 16:42:58;10360;10363.77;10357.665;10360.47833;481.0793493;499.0951673;479.09;2019-08-14 16:36:56;447.3754384;445.52
2019-08-14 16:43:58;10357.25;10357.71;10354.17;10356.37667;480.8817598;498.8975778;479.09;2019-08-14 16:36:56;447.1913384;445.52
2019-08-14 16:44:59;10357.25;10346.35;10352.73;10352.11;480.6762217;498.6920397;479.09;2019-08-14 16:36:56;446.9998324;445.52
2019-08-14 16:45:59;10369;10369.9;10361.145;10366.68167;481.3781824;499.3940004;479.09;2019-08-14 16:36:56;447.6538702;445.52
2019-08-14 16:46:59;10369;10363.32;10357.565;10363.295;481.2150366;499.2308546;479.09;2019-08-14 16:36:56;447.5018623;445.52
2019-08-14 16:47:59;10364.75;10365;10373.345;10367.69833;481.4271583;499.4429763;481.35;2019-08-14 16:36:56;447.6990468;447.63
2019-08-14 16:48:58;10356.25;10350;10360.305;10355.51833;480.8404113;498.8562293;481.35;2019-08-14 16:36:56;447.1523577;447.63
2019-08-14 16:49:59;10348;10343.06;10347.875;10346.31167;480.3968987;498.4127167;481.35;2019-08-14 16:36:56;446.7391241;447.63
2019-08-14 16:50:59;10344;10345;10340.005;10343.00167;480.2374461;498.2532641;481.35;2019-08-14 16:36:56;446.5905575;447.63
2019-08-14 16:51:59;10345.25;10345;10343.21;10344.48667;480.308983;498.324801;481.35;2019-08-14 16:36:56;446.6572105;447.63
2019-08-14 16:52:59;10355;10353.07;10346.94;10351.67;480.6550256;498.6708436;481.35;2019-08-14 16:36:56;446.9796284;447.63
2019-08-14 16:53:58;10360.75;10359.1;10349.52;10356.45667;480.8856137;498.9014317;481.35;2019-08-14 16:36:56;447.194474;447.63
2019-08-14 16:54:59;10357;10354.03;10350.105;10353.71167;480.7533788;498.7691968;481.35;2019-08-14 16:36:56;447.0712669;447.63
2019-08-14 16:55:59;10357;10356.51;10354.515;10356.00833;480.8640161;498.8798341;481.35;2019-08-14 16:36:56;447.1743509;447.63
2019-08-14 16:56:59;10345;10344.08;10353.39;10347.49;480.4536626;498.4694806;481.35;2019-08-14 16:36:56;446.7920126;447.63
2019-08-14 16:57:59;10337.5;10330.71;10337.915;10335.375;479.8700468;497.8858648;480.08;2019-08-14 16:36:56;446.2563214;446.45
2019-08-14 16:58:59;10334.75;10339.27;10332.5;10335.50667;479.8763896;497.8922076;480.08;2019-08-14 16:36:56;446.2622313;446.45
2019-08-14 16:59:59;10317.5;10319.41;10332.235;10323.04833;479.2762345;497.2920525;480.08;2019-08-14 16:36:56;445.7030397;446.45
2019-08-14 17:00:59;10295;10300;10318.71;10304.57;478.386078;496.401896;480.08;2019-08-14 16:36:56;444.8736406;446.45
2019-08-14 17:01:59;10253;10257.13;10264.625;10258.25167;476.1547857;494.1706037;480.08;2019-08-14 16:36:56;442.7946447;446.45
2019-08-14 17:02:59;10262;10261.3;10262.675;10261.99167;476.3349526;494.3507706;480.08;2019-08-14 16:36:56;442.9625144;446.45
2019-08-14 17:04:04;10218.75;10215.13;10209.955;10214.61167;474.0525166;492.0683346;480.08;2019-08-14 16:36:56;440.8358655;446.45
2019-08-14 17:04:59;10215.5;10207.87;10215.425;10212.93167;473.971586;491.987404;480.08;2019-08-14 16:36:56;440.7604588;446.45
2019-08-14 17:05:59;10213.5;10215.24;10207.095;10211.945;473.9240553;491.9398733;480.08;2019-08-14 16:36:56;440.7161723;446.45
2019-08-14 17:06:58;10251;10242.18;10220.45;10237.87667;475.1732611;493.1890791;480.08;2019-08-14 16:36:56;441.8801138;446.45
2019-08-14 17:07:59;10245.75;10236.53;10260.715;10247.665;475.6447943;493.6606123;475.78;2019-08-14 16:36:56;442.2854535;442.41
2019-08-14 17:08:59;10228.75;10221.41;10233.255;10227.805;474.6880788;492.7038968;475.78;2019-08-14 16:36:56;441.3941043;442.41
2019-08-14 17:09:59;10215.75;10200;10217.415;10211.055;473.8811813;491.8969993;475.78;2019-08-14 16:36:56;440.642337;442.41
2019-08-14 17:10:59;10155;10158.74;10152.31;10155.35;471.1977052;489.2135232;475.78;2019-08-14 16:36:56;438.1422059;442.41
2019-08-14 17:11:59;10161.5;10164.24;10159.995;10161.91167;471.5138003;489.5296183;475.78;2019-08-14 16:36:56;438.4367042;442.41
2019-08-14 17:12:59;10126;10110.53;10162.315;10132.94833;470.1185501;488.1343681;475.78;2019-08-14 16:36:56;437.1367826;442.41
2019-08-14 17:13:59;10036.25;10031.83;10059.88;10042.65333;465.7687704;483.7845884;475.78;2019-08-14 16:36:56;433.0841959;442.41
2019-08-14 17:14:59;10116.25;10094.51;10032.465;10081.075;467.6196568;485.6354748;475.78;2019-08-14 16:36:56;434.8086229;442.41
2019-08-14 17:15:59;10104.75;10096.47;10104.355;10101.85833;468.620852;486.63667;475.78;2019-08-14 16:36:56;435.7414127;442.41
2019-08-14 17:17:00;10100;10093.61;10068.43;10087.34667;467.5337719;485.5495899;467.69;2019-08-14 16:36:56;434.9100054;435.06
2019-08-14 17:17:59;10084.75;10095.45;10094.495;10091.565;467.7368193;485.7526373;467.69;2019-08-14 16:36:56;435.0992558;435.06
2019-08-14 17:18:59;10104;10109.54;10097.665;10103.735;468.3226164;486.3384344;467.69;2019-08-14 16:36:56;435.6452479;435.06
2019-08-14 17:19:59;10100.25;10107.85;10098.1;10102.06667;468.242312;486.25813;467.69;2019-08-14 16:36:56;435.5704002;435.06
2019-08-14 17:20:59;10120;10101.64;10114.995;10112.21167;468.7306367;486.7464547;467.69;2019-08-14 16:36:56;436.0255432;435.06
2019-08-14 17:21:59;10126;10120.75;10119.995;10122.24833;469.2137468;487.2295648;467.69;2019-08-14 16:36:56;436.475826;435.06
2019-08-14 17:22:59;10147;10135.15;10128.69;10136.94667;469.9212441;487.9370621;467.69;2019-08-14 16:36:56;437.1352487;435.06
2019-08-14 17:23:59;10155;10159.39;10163.955;10159.44833;471.004351;489.020169;467.69;2019-08-14 16:36:56;438.1447584;435.06
2019-08-14 17:24:59;10153.25;10150.98;10150.005;10151.41167;470.6175099;488.6333279;467.69;2019-08-14 16:36:56;437.7842032;435.06
2019-08-14 17:25:59;10156;10160.55;10155.47;10157.34;470.9028674;488.9186854;467.69;2019-08-14 16:36:56;438.0501706;435.06
2019-08-14 17:26:59;10155.25;10113.11;10126.355;10131.57167;469.662521;487.678339;467.69;2019-08-14 16:36:56;436.8941059;435.06
2019-08-14 17:27:59;10102.5;10104.87;10082.885;10096.75167;467.986477;486.002295;469.67;2019-08-14 16:36:56;435.3316383;436.9
2019-08-14 17:28:59;10088.25;10082.81;10100.12;10090.39333;467.6804217;485.6962397;469.67;2019-08-14 16:36:56;435.0463796;436.9
2019-08-14 17:29:59;10110;10112.53;10097.705;10106.745;468.4675013;486.4833193;469.67;2019-08-14 16:36:56;435.7799766;436.9
2019-08-14 17:30:59;10110;10114.48;10115.735;10113.405;468.7880772;486.8038952;469.67;2019-08-14 16:36:56;436.0787692;436.9
2019-08-14 17:32:29;10100.25;10094.05;10104.125;10099.475;468.1175634;486.1333814;469.67;2019-08-14 16:36:56;435.4538172;436.9
2019-08-14 17:32:59;10110.25;10113.06;10107.9;10110.40333;468.6435935;486.6594115;469.67;2019-08-14 16:36:56;435.9441032;436.9
2019-08-14 17:33:59;10111.25;10127.1;10107.005;10115.11833;468.8705477;486.8863657;469.67;2019-08-14 16:36:56;436.1556357;436.9
2019-08-14 17:34:59;10127.5;10134.55;10135.995;10132.68167;469.7159503;487.7317683;469.67;2019-08-14 16:36:56;436.9435926;436.9
2019-08-14 17:35:59;10142;10137.28;10126.515;10135.265;469.8402978;487.8561158;469.67;2019-08-14 16:36:56;437.0594906;436.9
2019-08-14 17:36:59;10149;10144.3;10147.385;10146.895;470.4001023;488.4159203;469.67;2019-08-14 17:36:56;437.581256;436.9
2019-08-14 17:37:59;10150;10154.39;10144.38;10149.59;470.5298248;488.5456428;470.46;2019-08-14 17:36:56;437.7837179;437.72
2019-08-14 17:38:59;10164.5;10168.22;10169.135;10167.285;471.3815652;489.3973832;470.46;2019-08-14 17:36:56;438.5777241;437.72
2019-08-14 17:39:59;10179.5;10181.73;10172.595;10177.94167;471.8945187;489.9103367;470.46;2019-08-14 17:36:56;439.0559077;437.72
2019-08-14 17:40:58;10164.5;10161.23;10164.575;10163.435;471.1962473;489.2120653;470.46;2019-08-14 17:36:56;438.4049677;437.72
2019-08-14 17:41:59;10160.25;10166.27;10153.615;10160.045;471.0330713;489.0488893;470.46;2019-08-14 17:36:56;438.2528524;437.72
2019-08-14 17:42:59;10150;10150;10157.38;10152.46;470.6679709;488.6837889;470.46;2019-08-14 17:36:56;437.9124999;437.72
2019-08-14 17:44:05;10150;10145.56;10136.185;10143.915;470.2566614;488.2724794;470.46;2019-08-14 17:36:56;437.5290706;437.72
2019-08-14 17:44:59;10150;10147.5;10137.59;10145.03;470.3103314;488.3261494;470.46;2019-08-14 17:36:56;437.5791026;437.72
2019-08-14 17:45:59;10168.25;10175.09;10146.315;10163.21833;471.1858181;489.2016361;470.46;2019-08-14 17:36:56;438.3952455;437.72
2019-08-14 17:46:59;10169.25;10172.33;10165.365;10168.98167;471.4632334;489.4790514;470.46;2019-08-14 17:36:56;438.6538565;437.72
2019-08-14 17:47:59;10155.25;10162.33;10150.005;10155.86167;470.8317085;488.8475265;471.47;2019-08-14 17:36:56;437.9796729;438.57
2019-08-14 17:48:59;10180;10183.72;10154.835;10172.85167;471.649514;489.665332;471.47;2019-08-14 17:36:56;438.7419015;438.57
2019-08-14 17:49:59;10193.75;10184.87;10178.245;10185.62167;472.2641918;490.2800098;471.47;2019-08-14 17:36:56;439.3148066;438.57
2019-08-14 17:50:59;10180.5;10177.94;10180.065;10179.50167;471.9696086;489.9854266;471.47;2019-08-14 17:36:56;439.0402428;438.57
2019-08-14 17:51:59;10205;10215.3;10185.29;10201.86333;473.0459767;491.0617947;471.47;2019-08-14 17:36:56;440.0434624;438.57
2019-08-14 17:52:59;10216;10210.97;10215.17;10214.04667;473.6324156;491.6482336;471.47;2019-08-14 17:36:56;440.5900477;438.57
2019-08-14 17:53:59;10216;10218.82;10209.93;10214.91667;473.6742926;491.6901106;471.47;2019-08-14 17:36:56;440.6290789;438.57
2019-08-14 17:54:58;10220.5;10229.49;10216.12;10222.03667;474.0170104;492.0328284;471.47;2019-08-14 17:36:56;440.948506;438.57
2019-08-14 17:55:59;10223.25;10246.72;10237.88;10235.95;474.686722;492.70254;471.47;2019-08-14 17:36:56;441.572705;438.57
2019-08-14 17:56:59;10219;10219.69;10221.94;10220.21;473.9290846;491.9449026;471.47;2019-08-14 17:36:56;440.8665556;438.57
2019-08-14 17:57:59;10219;10220.75;10216.49;10218.74667;473.8586478;491.8744658;473.88;2019-08-14 17:36:56;440.8005592;440.82
2019-08-14 17:58:59;10220.75;10218.47;10219.985;10219.735;473.9062208;491.9220388;473.88;2019-08-14 17:36:56;440.8448991;440.82
2019-08-14 17:59:59;10212.5;10211.31;10207.26;10210.35667;473.4547992;491.4706172;473.88;2019-08-14 17:36:56;440.4241559;440.82
