2019-07-23 06:00:24;214.39;214.48;214.96;214.61;18.76449708;20.25734908;18.74;2019-07-23 05:59:01;17.71353308;17.69
2019-07-23 06:01:23;214.53;214.63;215.17;214.7766667;18.78022899;20.27308099;18.74;2019-07-23 05:59:01;17.72842743;17.69
2019-07-23 06:02:23;214.62;214.815;215.12;214.8516667;18.78730835;20.28016035;18.74;2019-07-23 05:59:01;17.73512989;17.69
2019-07-23 06:03:23;214.61;214.835;215.09;214.845;18.78667908;20.27953108;18.74;2019-07-23 05:59:01;17.73453411;17.69
2019-07-23 06:04:22;214.66;214.735;215.05;214.815;18.78384733;20.27669933;18.74;2019-07-23 05:59:01;17.73185313;17.69
2019-07-23 06:05:23;214.7;214.735;215.26;214.8983333;18.79171329;20.28456529;18.74;2019-07-23 05:59:01;17.73930031;17.69
2019-07-23 06:06:23;214.88;214.925;215.31;215.0383333;18.80492809;20.29778009;18.74;2019-07-23 05:59:01;17.75181156;17.69
2019-07-23 06:07:23;214.88;214.815;215.22;214.9716667;18.79863533;20.29148733;18.74;2019-07-23 05:59:01;17.74585382;17.69
2019-07-23 06:08:23;214.8;214.71;215.29;214.9333333;18.79501699;20.28786899;18.74;2019-07-23 05:59:01;17.74242812;17.69
2019-07-23 06:09:23;214.91;215.035;215.27;215.0716667;18.80807447;20.30092647;18.79;2019-07-23 06:09:02;17.75414916;17.74
2019-07-23 06:10:23;214.56;214.905;214.8;214.755;18.77818384;20.27103584;18.79;2019-07-23 06:09:02;17.72585084;17.74
2019-07-23 06:11:23;214.28;214.505;214.72;214.5016667;18.75427134;20.24712334;18.79;2019-07-23 06:09:02;17.70321218;17.74
2019-07-23 06:12:23;213.97;213.785;214.29;214.015;18.70833417;20.20118617;18.79;2019-07-23 06:09:02;17.65972212;17.74
2019-07-23 06:13:23;213.7647877;213.9;214.11;213.9249292;18.69983226;20.19268426;18.79;2019-07-23 06:09:02;17.65167311;17.74
2019-07-23 06:14:23;213.59;213.895;213.98;213.8216667;18.69008516;20.18293716;18.79;2019-07-23 06:09:02;17.64244525;17.74
2019-07-23 06:15:23;213.51;213.735;213.99;213.745;18.68284848;20.17570048;18.79;2019-07-23 06:09:02;17.63559407;17.74
2019-07-23 06:16:23;213.46;213.685;214.05;213.7316667;18.68158993;20.17444193;18.79;2019-07-23 06:09:02;17.63440256;17.74
2019-07-23 06:17:23;213.3;213.685;213.86;213.615;18.67057759;20.16342959;18.79;2019-07-23 06:09:02;17.62397686;17.74
2019-07-23 06:18:23;213.11;213.505;213.73;213.4483333;18.65484568;20.14769768;18.79;2019-07-23 06:09:02;17.60908301;17.74
2019-07-23 06:19:23;213.06;213.27;213.71;213.3466667;18.64524922;20.13810122;18.64;2019-07-23 06:19:02;17.59759483;17.59
2019-07-23 06:20:23;213.1;213.365;213.94;213.4683333;18.65673351;20.14958551;18.64;2019-07-23 06:19:02;17.60846598;17.59
2019-07-23 06:21:23;213.4616456;213.75;214.01;213.7405485;18.6824283;20.1752803;18.64;2019-07-23 06:19:02;17.63278892;17.59
2019-07-23 06:22:23;213.5;213.635;213.99;213.7083333;18.67938746;20.17223946;18.64;2019-07-23 06:19:02;17.62991043;17.59
2019-07-23 06:23:23;213.51;213.55;213.92;213.66;18.67482521;20.16767721;18.64;2019-07-23 06:19:02;17.62559175;17.59
2019-07-23 06:24:22;213.45;213.465;213.56;213.4916667;18.65893598;20.15178798;18.64;2019-07-23 06:19:02;17.61055086;17.59
2019-07-23 06:25:23;212.93;213.02;213.15;213.0333333;18.61567323;20.10852523;18.64;2019-07-23 06:19:02;17.56959791;17.59
2019-07-23 06:26:23;212.7;212.67;212.52;212.63;18.57760201;20.07045401;18.64;2019-07-23 06:19:02;17.53355933;17.59
2019-07-23 06:27:22;212.74;211.955;212.91;212.535;18.56863483;20.06148683;18.64;2019-07-23 06:19:02;17.5250709;17.59
2019-07-23 06:28:23;212.77;212.195;213.26;212.7416667;18.58814239;20.08099439;18.64;2019-07-23 06:19:02;17.54353695;17.59
2019-07-23 06:29:23;212.92;212.905;213.43;213.085;18.6134757;20.1063277;18.56;2019-07-23 06:29:02;17.57602058;17.53
2019-07-23 06:30:23;212.6957118;213.095;213.03;212.9402373;18.59981614;20.09266814;18.56;2019-07-23 06:29:02;17.56308453;17.53
2019-07-23 06:31:23;212.64;212.67;213.21;212.84;18.59035793;20.08320993;18.56;2019-07-23 06:29:02;17.55412729;17.53
2019-07-23 06:32:23;212.92;213.215;213.38;213.1716667;18.62165342;20.11450542;18.56;2019-07-23 06:29:02;17.58376514;17.53
2019-07-23 06:33:23;212.5;212.715;213.17;212.795;18.58611181;20.07896381;18.56;2019-07-23 06:29:02;17.55010608;17.53
2019-07-23 06:34:23;212.07;212.3;212.68;212.35;18.54412239;20.03697439;18.56;2019-07-23 06:29:02;17.51034072;17.53
2019-07-23 06:35:23;212.33;212.365;212.81;212.5016667;18.55843339;20.05128539;18.56;2019-07-23 06:29:02;17.52389371;17.53
2019-07-23 06:36:23;211.739582;212.555;211.66;211.9848607;18.50966848;20.00252048;18.56;2019-07-23 06:29:02;17.47771175;17.53
2019-07-23 06:37:23;211.61;211.545;211.79;211.6483333;18.47791435;19.97076635;18.56;2019-07-23 06:29:02;17.44763955;17.53
2019-07-23 06:38:23;211.47;212.01;211.99;211.8233333;18.49442704;19.98727904;18.56;2019-07-23 06:29:02;17.46327761;17.53
2019-07-23 06:39:23;211.1;211.585;212;211.5616667;18.46973663;19.96258863;18.49;2019-07-23 06:39:02;17.44316755;17.46
2019-07-23 06:40:22;211.36;212.03;212;211.7966667;18.49191082;19.98476282;18.49;2019-07-23 06:39:02;17.46417087;17.46
2019-07-23 06:41:23;211.74;212.245;212.76;212.2483333;18.5345293;20.0273813;18.49;2019-07-23 06:39:02;17.50453895;17.46
2019-07-23 06:42:22;212;212.37;212.59;212.32;18.54129164;20.03414364;18.49;2019-07-23 06:39:02;17.51094422;17.46
2019-07-23 06:43:23;212.3887472;212.475;212.89;212.5845824;18.56625717;20.05910917;18.49;2019-07-23 06:39:02;17.53459148;17.46
2019-07-23 06:44:23;212.3887472;212.34;212.82;212.5162491;18.55980936;20.05266136;18.49;2019-07-23 06:39:02;17.52848413;17.46
2019-07-23 06:45:23;212.02;212.195;212.75;212.3216667;18.5414489;20.0343009;18.49;2019-07-23 06:39:02;17.51109317;17.46
2019-07-23 06:46:23;212.51;212.59;212.98;212.6933333;18.57651872;20.06937072;18.49;2019-07-23 06:39:02;17.54431119;17.46
2019-07-23 06:47:23;212.37;212.635;212.87;212.625;18.57007091;20.06292291;18.49;2019-07-23 06:39:02;17.53820384;17.46
2019-07-23 06:48:22;212.37;212.595;212.51;212.4916667;18.55748981;20.05034181;18.49;2019-07-23 06:39:02;17.52628706;17.46
2019-07-23 06:49:23;211.66;212.215;212.05;211.975;18.50873804;20.00159004;18.52;2019-07-23 06:49:03;17.47734028;17.49
2019-07-23 06:50:23;211.31;211.75;211.98;211.68;18.48090236;19.97375436;18.52;2019-07-23 06:49:03;17.45097827;17.49
2019-07-23 06:51:23;211.4590685;211.825;212.18;211.8213562;18.49424048;19.98709248;18.52;2019-07-23 06:49:03;17.46361024;17.49
2019-07-23 06:52:23;211.8;211.845;212.3;211.9816667;18.5093671;20.0022191;18.52;2019-07-23 06:49:03;17.47793603;17.49
2019-07-23 06:53:23;211.47;211.855;212.03;211.785;18.49080998;19.98366198;18.52;2019-07-23 06:49:03;17.46036135;17.49
2019-07-23 06:54:23;211.4255035;211.745;211.87;211.6801678;18.4809182;19.9737702;18.52;2019-07-23 06:49:03;17.45099326;17.49
2019-07-23 06:55:23;210.83;211.43;211.48;211.2466667;18.44001379;19.93286579;18.52;2019-07-23 06:49:03;17.41225441;17.49
2019-07-23 06:56:23;211.03;211.195;211.77;211.3316667;18.44803424;19.94088624;18.52;2019-07-23 06:49:03;17.41985024;17.49
2019-07-23 06:57:23;211.25;211.5;211.85;211.5333333;18.46706315;19.95991515;18.52;2019-07-23 06:49:03;17.43787173;17.49
2019-07-23 06:58:23;211.7;211.775;212.31;211.9283333;18.50433466;19.99718666;18.52;2019-07-23 06:49:03;17.47317002;17.49
2019-07-23 06:59:23;211.65;211.72;212.21;211.86;18.49788685;19.99073885;18.49;2019-07-23 06:59:02;17.47161995;17.46
2019-07-23 07:00:23;211.7;211.845;212.36;211.9683333;18.50810899;20.00096099;18.49;2019-07-23 06:59:02;17.48130325;17.46
2019-07-23 07:01:23;211.88;211.945;212.6;212.1416667;18.52446442;20.01731642;18.49;2019-07-23 06:59:02;17.49679652;17.46
2019-07-23 07:02:23;211.87;212.095;212.39;212.1183333;18.52226273;20.01511473;18.49;2019-07-23 06:59:02;17.49471089;17.46
2019-07-23 07:03:23;211.78;211.955;212.38;212.0383333;18.51471407;20.00756607;18.49;2019-07-23 06:59:02;17.48756015;17.46
2019-07-23 07:04:23;211.89;212.055;212.53;212.1583333;18.52603706;20.01888906;18.49;2019-07-23 06:59:02;17.49828626;17.46
2019-07-23 07:05:23;212.16;212.125;212.63;212.305;18.53987627;20.03272827;18.49;2019-07-23 06:59:02;17.51139595;17.46
2019-07-23 07:06:23;212.43;212.27;212.92;212.54;18.56205046;20.05490246;18.49;2019-07-23 06:59:02;17.53240125;17.46
2019-07-23 07:07:23;213.4;212.455;214.7;213.5183333;18.65436428;20.14721628;18.49;2019-07-23 06:59:02;17.61984885;17.46
2019-07-23 07:08:23;213.7903257;214.055;214.42;214.0884419;18.70815872;20.20101072;18.49;2019-07-23 06:59:02;17.67080758;17.46
2019-07-23 07:09:23;213.66;214.04;214.42;214.04;18.70358783;20.19643983;18.7;2019-07-23 07:09:02;17.66950035;17.67
2019-07-23 07:10:24;213.77;213.99;214.29;214.0166667;18.70138614;20.19423814;18.7;2019-07-23 07:09:02;17.66741439;17.67
2019-07-23 07:11:23;213.43;213.835;214;213.755;18.67669573;20.16954773;18.7;2019-07-23 07:09:02;17.64402181;17.67
2019-07-23 07:12:23;213.37;213.615;213.91;213.6316667;18.66505821;20.15791021;18.7;2019-07-23 07:09:02;17.63299601;17.67
2019-07-23 07:13:23;213.37;213.615;214.03;213.6716667;18.66883254;20.16168454;18.7;2019-07-23 07:09:02;17.63657195;17.67
2019-07-23 07:14:23;213.37;213.55;213.98;213.6333333;18.66521548;20.15806748;18.7;2019-07-23 07:09:02;17.63314501;17.67
2019-07-23 07:15:23;213.42;213.78;213.89;213.6966667;18.6711915;20.1640435;18.7;2019-07-23 07:09:02;17.6388069;17.67
2019-07-23 07:16:23;213.42;213.76;213.94;213.7066667;18.67213508;20.16498708;18.7;2019-07-23 07:09:02;17.63970089;17.67
2019-07-23 07:17:23;213.18;213.385;213.71;213.425;18.64555751;20.13840951;18.7;2019-07-23 07:09:02;17.61452034;17.67
2019-07-23 07:18:23;213.3;213.415;213.8;213.505;18.65310617;20.14595817;18.7;2019-07-23 07:09:02;17.62167222;17.67
2019-07-23 07:19:23;213.07;213.355;213.71;213.3783333;18.66440169;20.15725369;18.67;2019-07-23 07:19:02;17.6109109;17.62
2019-07-23 07:20:23;213.1;213.31;213.62;213.3433333;18.66109534;20.15394734;18.67;2019-07-23 07:19:02;17.60778186;17.62
2019-07-23 07:21:23;213.06;213.32;213.74;213.3733333;18.66392935;20.15678135;18.67;2019-07-23 07:19:02;17.61046389;17.62
2019-07-23 07:22:23;214;213.395;214.01;213.8016667;18.70439281;20.19724481;18.67;2019-07-23 07:19:02;17.64875733;17.62
2019-07-23 07:23:23;213.78;213.87;214.08;213.91;18.71462675;20.20747875;18.67;2019-07-23 07:19:02;17.65844244;17.62
2019-07-23 07:24:23;213.96;213.87;214.16;213.9966667;18.72281391;20.21566591;18.67;2019-07-23 07:19:02;17.66619053;17.62
2019-07-23 07:25:23;213.62;213.805;213.96;213.795;18.70376302;20.19661502;18.67;2019-07-23 07:19:02;17.64816132;17.62
2019-07-23 07:26:23;213.34;213.575;213.64;213.5183333;18.6776271;20.1704791;18.67;2019-07-23 07:19:02;17.62342704;17.62
2019-07-23 07:27:23;213.07;213.575;213.53;213.3916667;18.66566125;20.15851325;18.67;2019-07-23 07:19:02;17.61210291;17.62
2019-07-23 07:28:23;212.98;213.165;213.41;213.185;18.64613803;20.13899003;18.67;2019-07-23 07:19:02;17.5936267;17.62
2019-07-23 07:29:23;212.68;213;212.91;212.8633333;18.61575108;20.10860308;18.64;2019-07-23 07:29:02;17.5618247;17.58
2019-07-23 07:30:23;212.56;212.715;213.06;212.7783333;18.60772137;20.10057337;18.64;2019-07-23 07:29:02;17.55422683;17.58
2019-07-23 07:31:23;212.9;212.99;213.09;212.9933333;18.62803182;20.12088382;18.64;2019-07-23 07:29:02;17.57344497;17.58
2019-07-23 07:32:23;212.52;212.49;212.99;212.6666667;18.59717253;20.09002453;18.64;2019-07-23 07:29:02;17.54424531;17.58
2019-07-23 07:33:23;212.43;212.35;212.6;212.46;18.57764931;20.07050131;18.64;2019-07-23 07:29:02;17.52577206;17.58
2019-07-23 07:34:23;212.15;212.475;212.56;212.395;18.57150894;20.06436094;18.64;2019-07-23 07:29:02;17.51996192;17.58
2019-07-23 07:35:23;212.04;212.305;212.61;212.3183333;18.56426646;20.05711846;18.64;2019-07-23 07:29:02;17.51310894;17.58
2019-07-23 07:36:23;212.28;212.46;212.85;212.53;18.58426202;20.07711402;18.64;2019-07-23 07:29:02;17.53202913;17.58
2019-07-23 07:37:23;212.35;212.515;212.84;212.5683333;18.58788326;20.08073526;18.64;2019-07-23 07:29:02;17.53545562;17.58
2019-07-23 07:38:23;212.35;212.53;213.16;212.68;18.5984321;20.0912841;18.64;2019-07-23 07:29:02;17.54543714;17.58
2019-07-23 07:39:23;212.44;212.725;212.8;212.655;18.59607042;20.08892242;18.6;2019-07-23 07:39:02;17.5465729;17.55
2019-07-23 07:40:23;212.2951923;212.445;212.38;212.3733974;18.56946821;20.06232021;18.6;2019-07-23 07:39:02;17.52139691;17.55
2019-07-23 07:41:23;211.95;211.905;212.59;212.1483333;18.54820703;20.04105903;18.6;2019-07-23 07:39:02;17.5012756;17.55
2019-07-23 07:42:23;212.01;212.175;212.5;212.2283333;18.55576441;20.04861641;18.6;2019-07-23 07:39:02;17.50842781;17.55
2019-07-23 07:43:23;212.38;212.29;212.69;212.4533333;18.57701953;20.06987153;18.6;2019-07-23 07:39:02;17.52854339;17.55
2019-07-23 07:44:23;211.8922914;212.055;212.34;212.0957638;18.54324094;20.03609294;18.6;2019-07-23 07:39:02;17.49657575;17.55
2019-07-23 07:45:23;211.86;211.875;212.36;212.0316667;18.53718586;20.03003786;18.6;2019-07-23 07:39:02;17.4908453;17.55
2019-07-23 07:46:23;211.5;211.965;212.33;211.9316667;18.52773914;20.02059114;18.6;2019-07-23 07:39:02;17.48190505;17.55
2019-07-23 07:47:23;211.63;211.84;212.21;211.8933333;18.5241179;20.0169699;18.6;2019-07-23 07:39:02;17.47847795;17.55
2019-07-23 07:48:23;211.59;212.165;212.61;212.1216667;18.54568791;20.03853991;18.6;2019-07-23 07:39:02;17.49889154;17.55
2019-07-23 07:49:23;212.19;212.365;212.67;212.4083333;18.57276851;20.06562051;18.56;2019-07-23 07:49:02;17.52445336;17.51
2019-07-23 07:50:23;212.45;212.36;212.92;212.5766667;18.58867049;20.08152249;18.56;2019-07-23 07:49:02;17.53950274;17.51
2019-07-23 07:51:23;212.4;212.67;212.81;212.6266667;18.59339385;20.08624585;18.56;2019-07-23 07:49:02;17.54397285;17.51
2019-07-23 07:52:23;212.34;212.405;213;212.5816667;18.58914282;20.08199482;18.56;2019-07-23 07:49:02;17.53994975;17.51
2019-07-23 07:53:23;212.24;212.445;212.76;212.4816667;18.5796961;20.0725481;18.56;2019-07-23 07:49:02;17.53100953;17.51
2019-07-23 07:54:23;212.17;212.445;212.62;212.4116667;18.5730834;20.0659354;18.56;2019-07-23 07:49:02;17.52475137;17.51
2019-07-23 07:55:23;212.1;212.205;212.79;212.365;18.56867493;20.06152693;18.56;2019-07-23 07:49:02;17.52057927;17.51
2019-07-23 07:56:23;212.37;212.365;212.76;212.4983333;18.58127055;20.07412255;18.56;2019-07-23 07:49:02;17.53249957;17.51
2019-07-23 07:57:23;212.27;212.33;212.73;212.4433333;18.57607486;20.06892686;18.56;2019-07-23 07:49:02;17.52758244;17.51
2019-07-23 07:58:23;212.27;212.29;212.63;212.3966667;18.57166639;20.06451839;18.56;2019-07-23 07:49:02;17.52341034;17.51
2019-07-23 07:59:23;211.92;212.07;212.51;212.1666667;18.54993893;20.04279093;18.55;2019-07-23 07:59:02;17.50119193;17.5
2019-07-23 08:00:23;211.89;212.025;212.53;212.1483333;18.54820703;20.04105903;18.55;2019-07-23 07:59:02;17.49955303;17.5
2019-07-23 08:01:23;211.92;212.025;212.47;212.1383333;18.54726236;20.04011436;18.55;2019-07-23 07:59:02;17.49865908;17.5
2019-07-23 08:02:23;212.03;212.145;212.93;212.3683333;18.56898982;20.06184182;18.55;2019-07-23 07:59:02;17.51921981;17.5
2019-07-23 08:03:23;212.55;212.6;213.11;212.7533333;18.60535969;20.09821169;18.55;2019-07-23 07:59:02;17.55363667;17.5
2019-07-23 08:04:23;212.49;212.72;213;212.7366667;18.60378524;20.09663724;18.55;2019-07-23 07:59:02;17.55214676;17.5
2019-07-23 08:05:23;212.48;212.71;212.99;212.7266667;18.60284057;20.09569257;18.55;2019-07-23 07:59:02;17.55125281;17.5
2019-07-23 08:06:23;212.19;212.675;212.72;212.5283333;18.58410457;20.07695657;18.55;2019-07-23 07:59:02;17.53352292;17.5
2019-07-23 08:07:23;212.12;212.435;212.79;212.4483333;18.57654719;20.06939919;18.55;2019-07-23 07:59:02;17.52637136;17.5
2019-07-23 08:08:23;212.13;212.38;212.74;212.4166667;18.57355573;20.06640773;18.55;2019-07-23 07:59:02;17.52354054;17.5
2019-07-23 08:09:22;212.5;212.33;213.02;212.6166667;18.59244917;20.08530117;18.58;2019-07-23 08:09:02;17.54639327;17.53
2019-07-23 08:10:23;212.57;212.725;213.01;212.7683333;18.6067767;20.0996287;18.58;2019-07-23 08:09:02;17.55995498;17.53
2019-07-23 08:11:23;212.64;212.635;213.01;212.7616667;18.60614692;20.09899892;18.58;2019-07-23 08:09:02;17.55935886;17.53
2019-07-23 08:12:23;212.46;212.67;213.16;212.7633333;18.60630436;20.09915636;18.58;2019-07-23 08:09:02;17.55950789;17.53
2019-07-23 08:13:23;212.55;212.725;213.18;212.8183333;18.61150006;20.10435206;18.58;2019-07-23 08:09:02;17.56442587;17.53
2019-07-23 08:14:23;212.78;213.005;213.52;213.1016667;18.63826577;20.13111777;18.58;2019-07-23 08:09:02;17.58976092;17.53
2019-07-23 08:15:23;212.87;213.01;213.47;213.1166667;18.63968277;20.13253477;18.58;2019-07-23 08:09:02;17.59110219;17.53
2019-07-23 08:16:23;212.85;213.08;213.46;213.13;18.64094234;20.13379434;18.58;2019-07-23 08:09:02;17.59229443;17.53
2019-07-23 08:17:23;212.93;213.005;213.49;213.1416667;18.64204445;20.13489645;18.58;2019-07-23 08:09:02;17.59333763;17.53
2019-07-23 08:18:23;212.87;213.005;213.44;213.105;18.63858066;20.13143266;18.58;2019-07-23 08:09:02;17.59005898;17.53
2019-07-23 08:19:23;213.13;213.055;213.47;213.2183333;18.64029126;20.13314326;18.63;2019-07-23 08:19:02;17.59206626;17.58
2019-07-23 08:20:23;212.54;212.455;213.04;212.6783333;18.58930175;20.08215375;18.63;2019-07-23 08:19:02;17.54380121;17.58
2019-07-23 08:21:23;213;213.045;213.33;213.125;18.63147826;20.12433026;18.63;2019-07-23 08:19:02;17.58372416;17.58
2019-07-23 08:22:23;212.73;212.74;213.17;212.88;18.60834413;20.10119613;18.63;2019-07-23 08:19:02;17.56182612;17.58
2019-07-23 08:23:23;212.78;212.83;213.21;212.94;18.61400963;20.10686163;18.63;2019-07-23 08:19:02;17.56718891;17.58
2019-07-23 08:24:23;212.88;212.845;213.22;212.9816667;18.617944;20.110796;18.63;2019-07-23 08:19:02;17.57091306;17.58
2019-07-23 08:25:23;212.75;212.77;213.22;212.9133333;18.61149163;20.10434363;18.63;2019-07-23 08:19:02;17.56480545;17.58
2019-07-23 08:26:23;212.5;212.755;213.04;212.765;18.59748525;20.09033725;18.63;2019-07-23 08:19:02;17.55154746;17.58
2019-07-23 08:27:23;212.5;212.545;212.97;212.6716667;18.58867225;20.08152425;18.63;2019-07-23 08:19:02;17.54320535;17.58
2019-07-23 08:28:23;211.99;212.6;212.28;212.29;18.55263337;20.04548537;18.63;2019-07-23 08:19:02;17.50909209;17.58
2019-07-23 08:29:23;211.5484469;211.805;211.94;211.7644823;18.50301136;19.99586336;18.49;2019-07-23 08:29:02;17.45380152;17.44
2019-07-23 08:30:23;211.54;211.52;212.33;211.7966667;18.50605037;19.99890237;18.49;2019-07-23 08:29:02;17.45667688;17.44
2019-07-23 08:31:23;211.61;212.14;212.23;211.9933333;18.52462062;20.01747262;18.49;2019-07-23 08:29:02;17.47424717;17.44
2019-07-23 08:32:22;211.4477415;211.835;212.12;211.8009138;18.50645141;19.99930341;18.49;2019-07-23 08:29:02;17.45705632;17.44
2019-07-23 08:33:23;211.46;211.645;212.07;211.725;18.49928324;19.99213524;18.49;2019-07-23 08:29:02;17.45027415;17.44
2019-07-23 08:34:23;211.42;211.665;212.15;211.745;18.50117174;19.99402374;18.49;2019-07-23 08:29:02;17.45206096;17.44
2019-07-23 08:35:23;211.51;211.665;212.17;211.7816667;18.50463399;19.99748599;18.49;2019-07-23 08:29:02;17.45533677;17.44
2019-07-23 08:36:23;211.35;211.815;211.95;211.705;18.49739474;19.99024674;18.49;2019-07-23 08:29:02;17.44848734;17.44
2019-07-23 08:37:23;211.11;211.47;211.67;211.4166667;18.47016886;19.96302086;18.49;2019-07-23 08:29:02;17.42272752;17.44
2019-07-23 08:38:23;210.94;211.29;211.65;211.2933333;18.45852311;19.95137511;18.49;2019-07-23 08:29:02;17.41170886;17.44
2019-07-23 08:39:23;211.2;211.415;212.13;211.5816667;18.48574899;19.97860099;18.47;2019-07-23 08:39:02;17.43920996;17.42
2019-07-23 08:40:36;211.38;211.695;212.06;211.7116667;18.49802424;19.99087624;18.47;2019-07-23 08:39:02;17.45082529;17.42
2019-07-23 08:41:23;211.26;211.695;211.98;211.645;18.49172924;19.98458124;18.47;2019-07-23 08:39:02;17.44486871;17.42
2019-07-23 08:42:23;210.91;211.425;211.54;211.2916667;18.45836574;19.95121774;18.47;2019-07-23 08:39:02;17.41329885;17.42
2019-07-23 08:43:23;210.65;211;211.53;211.06;18.43649061;19.92934261;18.47;2019-07-23 08:39:02;17.39259974;17.42
2019-07-23 08:44:23;210.85;210.995;211.57;211.1383333;18.44388724;19.93673924;18.47;2019-07-23 08:39:02;17.39959872;17.42
2019-07-23 08:45:23;210.8;210.965;211.5;211.0883333;18.43916599;19.93201799;18.47;2019-07-23 08:39:02;17.39513129;17.42
2019-07-23 08:46:23;211.08;210.95;211.74;211.2566667;18.45506086;19.94791286;18.47;2019-07-23 08:39:02;17.41017165;17.42
2019-07-23 08:47:23;211.06;211.315;211.47;211.2816667;18.45742149;19.95027349;18.47;2019-07-23 08:39:02;17.41240536;17.42
2019-07-23 08:48:23;210.87;211;211.42;211.0966667;18.43995286;19.93280486;18.47;2019-07-23 08:39:02;17.39587586;17.42
2019-07-23 08:49:25;211.1;211.265;211.86;211.4083333;18.46938199;19.96223399;18.44;2019-07-23 08:49:02;17.42874813;17.4
2019-07-23 08:50:23;211.1452936;211.44;212.1;211.5617645;18.48386973;19.97672173;18.44;2019-07-23 08:49:02;17.44246065;17.4
2019-07-23 08:51:23;211.2179851;211.565;212.06;211.6143284;18.48883307;19.98168507;18.44;2019-07-23 08:49:02;17.44715841;17.4
2019-07-23 08:52:23;210.87;211.495;211.36;211.2416667;18.45364449;19.94649649;18.44;2019-07-23 08:49:02;17.41385273;17.4
2019-07-23 08:53:23;210.53;211.04;211.63;211.0666667;18.43712011;19.92997211;18.44;2019-07-23 08:49:02;17.39821255;17.4
2019-07-23 08:54:23;210.86;211.035;211.41;211.1016667;18.44042499;19.93327699;18.44;2019-07-23 08:49:02;17.40134059;17.4
2019-07-23 08:55:23;210.6;210.835;211.26;210.8983333;18.42122523;19.91407723;18.44;2019-07-23 08:49:02;17.38316819;17.4
2019-07-23 08:56:23;210.38;210.765;210.81;210.6516667;18.39793373;19.89078573;18.44;2019-07-23 08:49:02;17.36112299;17.4
2019-07-23 08:57:23;210.44;210.35;210.89;210.56;18.38927811;19.88213011;18.44;2019-07-23 08:49:02;17.35293052;17.4
2019-07-23 08:58:23;210.08;210.305;210.59;210.325;18.36708823;19.85994023;18.44;2019-07-23 08:49:02;17.331928;17.4
2019-07-23 08:59:23;210.37;210.175;210.76;210.435;18.37747498;19.87032698;18.37;2019-07-23 08:59:02;17.34027702;17.33
2019-07-23 09:00:23;210.23;210.42;210.86;210.5033333;18.38392736;19.87677936;18.37;2019-07-23 08:59:02;17.34638365;17.33
2019-07-23 09:01:23;210.25;210.51;210.88;210.5466667;18.38801911;19.88087111;18.37;2019-07-23 08:59:02;17.35025616;17.33
2019-07-23 09:02:23;210.23;210.755;211.04;210.675;18.40013698;19.89298898;18.37;2019-07-23 08:59:02;17.36172471;17.33
2019-07-23 09:03:23;210.29;210.575;210.73;210.5316667;18.38660273;19.87945473;18.37;2019-07-23 08:59:02;17.34891567;17.33
2019-07-23 09:04:24;210.1;210.305;210.67;210.3583333;18.37023573;19.86308773;18.37;2019-07-23 08:59:02;17.33342567;17.33
2019-07-23 09:05:23;210.01;210.21;210.54;210.2533333;18.3603211;19.8531731;18.37;2019-07-23 08:59:02;17.32404231;17.33
2019-07-23 09:06:23;210.22;210.315;210.81;210.4483333;18.37873398;19.87158598;18.37;2019-07-23 08:59:02;17.34146856;17.33
2019-07-23 09:07:23;210.16;210.54;210.86;210.52;18.38550111;19.87835311;18.37;2019-07-23 08:59:02;17.34787308;17.33
2019-07-23 09:08:23;210.27;210.265;210.86;210.465;18.38030773;19.87315973;18.37;2019-07-23 08:59:02;17.34295798;17.33
2019-07-23 09:09:23;209.73;210.325;210.33;210.1283333;18.35645873;19.84931073;18.36;2019-07-23 09:09:02;17.31389303;17.32
2019-07-23 09:10:23;209.67;209.905;210.14;209.905;18.33536203;19.82821403;18.36;2019-07-23 09:09:02;17.29393368;17.32
2019-07-23 09:11:23;209.94;209.97;210.33;210.08;18.35189302;19.84474502;18.36;2019-07-23 09:09:02;17.30957347;17.32
2019-07-23 09:12:23;209.34;209.67;209.61;209.54;18.30088311;19.79373511;18.36;2019-07-23 09:09:02;17.26131353;17.32
2019-07-23 09:13:23;208.86;208.95;209.12;208.9766667;18.24766907;19.74052107;18.36;2019-07-23 09:09:02;17.21096829;17.32
2019-07-23 09:14:23;209.04;208.95;209.59;209.1933333;18.26813601;19.76098801;18.36;2019-07-23 09:09:02;17.23033185;17.32
2019-07-23 09:15:23;209.01;209.2;209.49;209.2333333;18.27191452;19.76476652;18.36;2019-07-23 09:09:02;17.23390666;17.32
2019-07-23 09:16:23;209.03;209.165;209.51;209.235;18.27207196;19.76492396;18.36;2019-07-23 09:09:02;17.23405561;17.32
2019-07-23 09:17:23;209.28;209.14;209.78;209.4;18.28765832;19.78051032;18.36;2019-07-23 09:09:02;17.2488017;17.32
2019-07-23 09:18:23;209.45;209.39;210.03;209.6233333;18.30875501;19.80160701;18.36;2019-07-23 09:09:02;17.26876106;17.32
2019-07-23 09:19:25;209.84;209.68;210.3;209.94;18.33866823;19.83152023;18.32;2019-07-23 09:19:02;17.30848109;17.29
2019-07-23 09:20:23;210.23;209.855;210.73;210.2716667;18.36999839;19.86285039;18.32;2019-07-23 09:19:02;17.33814027;17.29
2019-07-23 09:21:23;210.25;210.345;210.72;210.4383333;18.38574219;19.87859419;18.32;2019-07-23 09:19:02;17.35304438;17.29
2019-07-23 09:22:23;210.4;210.31;210.76;210.49;18.39062277;19.88347477;18.32;2019-07-23 09:19:02;17.35766465;17.29
2019-07-23 09:23:23;210.75;210.31;211.16;210.74;18.41423847;19.90709047;18.32;2019-07-23 09:19:02;17.38002081;17.29
2019-07-23 09:24:23;210.68;210.605;210.92;210.735;18.41376616;19.90661816;18.32;2019-07-23 09:19:02;17.37957369;17.29
2019-07-23 09:25:23;210.71;210.605;210.75;210.6883333;18.40935789;19.90220989;18.32;2019-07-23 09:19:02;17.37540054;17.29
2019-07-23 09:26:23;210.4;210.33;210.75;210.4933333;18.39093765;19.88378965;18.32;2019-07-23 09:19:02;17.35796273;17.29
2019-07-23 09:27:23;210.56;210.345;210.69;210.5316667;18.39455872;19.88741072;18.32;2019-07-23 09:19:02;17.36139068;17.29
2019-07-23 09:28:23;210.56;210.295;210.63;210.495;18.39109509;19.88394709;18.32;2019-07-23 09:19:02;17.35811177;17.29
2019-07-23 09:29:23;210.18;210.295;210.42;210.2983333;18.3725174;19.8653694;18.38;2019-07-23 09:29:02;17.34359019;17.35
2019-07-23 09:30:23;210.58;210.4;210.64;210.54;18.39534591;19.88819791;18.38;2019-07-23 09:29:02;17.36520467;17.35
2019-07-23 09:31:23;210.57;210.515;210.84;210.6416667;18.40494963;19.89780163;18.38;2019-07-23 09:29:02;17.37429766;17.35
2019-07-23 09:32:23;210.35;210.515;210.58;210.4816667;18.38983558;19.88268758;18.38;2019-07-23 09:29:02;17.35998738;17.35
2019-07-23 09:33:23;210.05;210.345;210.35;210.2483333;18.36779426;19.86064626;18.38;2019-07-23 09:29:02;17.33911823;17.35
2019-07-23 09:34:23;209.96;209.975;210.3;210.0783333;18.35173559;19.84458759;18.38;2019-07-23 09:29:02;17.32391356;17.35
2019-07-23 09:35:23;210.26;209.995;210.67;210.3083333;18.37346203;19.86631403;18.38;2019-07-23 09:29:02;17.34448458;17.35
2019-07-23 09:36:23;210.47;210.24;210.93;210.5466667;18.39597566;19.88882766;18.38;2019-07-23 09:29:02;17.36580093;17.35
2019-07-23 09:37:23;210.48;210.505;210.75;210.5783333;18.39896699;19.89181899;18.38;2019-07-23 09:29:02;17.36863317;17.35
2019-07-23 09:38:23;210.23;210.21;210.65;210.3633333;18.37865748;19.87150948;18.38;2019-07-23 09:29:02;17.34940374;17.35
2019-07-23 09:39:23;210.31;210.2;210.55;210.3533333;18.37771286;19.87056486;18.39;2019-07-23 09:39:02;17.34225118;17.35
2019-07-23 09:40:23;210.18;210.2;210.34;210.24;18.36700707;19.85985907;18.39;2019-07-23 09:39:02;17.33211811;17.35
2019-07-23 09:41:23;210.04;210.075;210.42;210.1783333;18.36118187;19.85403387;18.39;2019-07-23 09:39:02;17.32660452;17.35
2019-07-23 09:42:23;210.13;210.025;210.83;210.3283333;18.37535129;19.86820329;18.39;2019-07-23 09:39:02;17.34001594;17.35
2019-07-23 09:43:23;210.3;210.37;210.88;210.5166667;18.39314178;19.88599378;18.39;2019-07-23 09:39:02;17.35685473;17.35
2019-07-23 09:44:23;210.74;210.45;211.13;210.7733333;18.41738723;19.91023923;18.39;2019-07-23 09:39:02;17.37980316;17.35
2019-07-23 09:45:23;210.78;210.665;211.33;210.925;18.43171409;19.92456609;18.39;2019-07-23 09:39:02;17.39336359;17.35
2019-07-23 09:46:23;210.84;210.765;211.17;210.925;18.43171409;19.92456609;18.39;2019-07-23 09:39:02;17.39336359;17.35
2019-07-23 09:47:23;210.46;210.655;210.88;210.665;18.40715376;19.90000576;18.39;2019-07-23 09:39:02;17.37011713;17.35
2019-07-23 09:48:23;210.24;210.37;210.62;210.41;18.38306575;19.87591775;18.39;2019-07-23 09:39:02;17.34731772;17.35
2019-07-23 09:49:23;210.1;210.06;210.57;210.2433333;18.36732195;19.86017395;18.36;2019-07-23 09:49:02;17.33043;17.32
2019-07-23 09:50:23;210.21;209.985;210.73;210.3083333;18.37346203;19.86631403;18.36;2019-07-23 09:49:02;17.336241;17.32
2019-07-23 09:51:23;210.27;210.175;210.65;210.365;18.37881492;19.87166692;18.36;2019-07-23 09:49:02;17.34130701;17.32
2019-07-23 09:52:23;210.15;210.06;210.63;210.28;18.37078558;19.86363758;18.36;2019-07-23 09:49:02;17.333708;17.32
2019-07-23 09:53:23;210.0256012;210.085;210.55;210.2202004;18.36513675;19.85798875;18.36;2019-07-23 09:49:02;17.32836192;17.32
2019-07-23 09:54:23;210.0256012;210.045;210.49;210.1868671;18.36198799;19.85483999;18.36;2019-07-23 09:49:02;17.32538192;17.32
2019-07-23 09:55:23;210.06;210.045;210.44;210.1816667;18.36149674;19.85434874;18.36;2019-07-23 09:49:02;17.324917;17.32
2019-07-23 09:56:23;210.03;209.925;210.4;210.1183333;18.3555141;19.8483661;18.36;2019-07-23 09:49:02;17.319255;17.32
2019-07-23 09:57:23;210.24;209.915;210.59;210.2483333;18.36779426;19.86064626;18.36;2019-07-23 09:49:02;17.330877;17.32
2019-07-23 09:58:23;210.32;210.095;210.7;210.3716667;18.37944467;19.87229667;18.36;2019-07-23 09:49:02;17.34190301;17.32
2019-07-23 09:59:23;210.18;210.19;210.75;210.3733333;18.37960211;19.87245411;18.37;2019-07-23 09:59:02;17.34864503;17.34
2019-07-23 10:00:23;210.64;210.17;211.04;210.6166667;18.40258806;19.89544006;18.37;2019-07-23 09:59:02;17.37040666;17.34
2019-07-23 10:01:23;210.69;210.34;211.12;210.7166667;18.41203434;19.90488634;18.37;2019-07-23 09:59:02;17.3793498;17.34
2019-07-23 10:02:23;210.74;210.625;211.14;210.835;18.42321244;19.91606444;18.37;2019-07-23 09:59:02;17.38993251;17.34
2019-07-23 10:03:23;210.76;210.615;211.06;210.8116667;18.42100831;19.91386031;18.37;2019-07-23 09:59:02;17.38784578;17.34
2019-07-23 10:04:23;210.83;210.67;211.33;210.9433333;18.43344591;19.92629791;18.37;2019-07-23 09:59:02;17.39962091;17.34
2019-07-23 10:05:23;211.66;210.745;211.68;211.3616667;18.47296285;19.96581485;18.37;2019-07-23 09:59:02;17.43703303;17.34
2019-07-23 10:06:23;211.41;211.33;211.53;211.4233333;18.47878805;19.97164005;18.37;2019-07-23 09:59:02;17.44254796;17.34
2019-07-23 10:07:23;211.16;211.075;211.59;211.275;18.46477607;19.95762807;18.37;2019-07-23 09:59:02;17.42928231;17.34
2019-07-23 10:08:23;211.1701243;211.11;211.42;211.2333748;18.46084404;19.95369604;18.37;2019-07-23 09:59:02;17.42555971;17.34
2019-07-23 10:09:23;211.2595748;211.005;211.5;211.2548583;18.49481727;19.98766927;18.48;2019-07-23 10:09:04;17.43325703;17.42
2019-07-23 10:10:23;211.09;210.995;211.39;211.1583333;18.48568466;19.97853666;18.48;2019-07-23 10:09:04;17.42462203;17.42
2019-07-23 10:11:23;211.04;210.93;211.38;211.1166667;18.48174241;19.97459441;18.48;2019-07-23 10:09:04;17.42089459;17.42
2019-07-23 10:12:23;210.79;210.86;211.24;210.9633333;18.46723493;19.96008693;18.48;2019-07-23 10:09:04;17.40717759;17.42
2019-07-23 10:13:23;210.79;210.695;211.35;210.945;18.46550034;19.95835234;18.48;2019-07-23 10:09:04;17.40553751;17.42
2019-07-23 10:14:23;210.79;210.875;211.27;210.9783333;18.46865414;19.96150614;18.48;2019-07-23 10:09:04;17.40851947;17.42
2019-07-23 10:15:23;210.8;210.79;211.13;210.9066667;18.46187347;19.95472547;18.48;2019-07-23 10:09:04;17.40210826;17.42
2019-07-23 10:16:23;210.2606574;210.625;210.86;210.5818858;18.43114465;19.92399665;18.48;2019-07-23 10:09:04;17.37305378;17.42
2019-07-23 10:17:23;210.36;210.36;210.93;210.55;18.42812781;19.92097981;18.48;2019-07-23 10:09:04;17.37020132;17.42
2019-07-23 10:18:23;210.36;210.375;210.95;210.5616667;18.42923164;19.92208364;18.48;2019-07-23 10:09:04;17.37124501;17.42
2019-07-23 10:19:23;210.16;210.455;210.71;210.4416667;18.41787795;19.91072995;18.44;2019-07-23 10:19:03;17.36046823;17.38
2019-07-23 10:20:23;210.26;210.23;210.68;210.39;18.41298956;19.90584156;18.44;2019-07-23 10:19:03;17.3558462;17.38
2019-07-23 10:21:23;210.32;210.165;210.71;210.3983333;18.41377801;19.90663001;18.44;2019-07-23 10:19:03;17.35659169;17.38
2019-07-23 10:22:23;210.37;210.38;210.93;210.56;18.42907395;19.92192595;18.44;2019-07-23 10:19:03;17.37105415;17.38
2019-07-23 10:23:23;210.37;210.68;211;210.6833333;18.44074301;19.93359501;18.44;2019-07-23 10:19:03;17.38208737;17.38
2019-07-23 10:24:23;210.37;210.56;211.13;210.6866667;18.44105839;19.93391039;18.44;2019-07-23 10:19:03;17.38238556;17.38
2019-07-23 10:25:23;210.37;210.59;211.23;210.73;18.44515833;19.93801033;18.44;2019-07-23 10:19:03;17.3862621;17.38
2019-07-23 10:26:22;210.64;210.705;211.08;210.8083333;18.45256976;19.94542176;18.44;2019-07-23 10:19:03;17.39326968;17.38
2019-07-23 10:27:23;210.58;210.435;210.99;210.6683333;18.4393238;19.9321758;18.44;2019-07-23 10:19:03;17.38074549;17.38
2019-07-23 10:28:23;210.27;210.305;210.99;210.5216667;18.42544708;19.91829908;18.44;2019-07-23 10:19:03;17.36762491;17.38
2019-07-23 10:29:23;210.4;210.505;210.88;210.595;18.43238544;19.92523744;18.42;2019-07-23 10:29:03;17.37790373;17.37
2019-07-23 10:30:23;210.43;210.535;210.85;210.605;18.43333158;19.92618358;18.42;2019-07-23 10:29:03;17.37879849;17.37
2019-07-23 10:31:23;210.36;210.325;210.78;210.4883333;18.42229327;19.91514527;18.42;2019-07-23 10:29:03;17.3683596;17.37
2019-07-23 10:32:23;210.27;210.355;210.57;210.3983333;18.41377801;19.90663001;18.42;2019-07-23 10:29:03;17.36030675;17.37
2019-07-23 10:33:23;209.96;209.94;210.34;210.08;18.38365922;19.87651122;18.42;2019-07-23 10:29:03;17.3318235;17.37
2019-07-23 10:34:23;209.74;209.82;210.02;209.86;18.36284414;19.85569614;18.42;2019-07-23 10:29:03;17.31213875;17.37
2019-07-23 10:35:23;209.83;209.62;210.5;209.9833333;18.3745132;19.8673652;18.42;2019-07-23 10:29:03;17.32317414;17.37
2019-07-23 10:36:23;210.15;210.02;210.52;210.23;18.39785132;19.89070332;18.42;2019-07-23 10:29:03;17.34524493;17.37
2019-07-23 10:37:23;210.08;210.01;210.54;210.21;18.39595904;19.88881104;18.42;2019-07-23 10:29:03;17.3434554;17.37
2019-07-23 10:38:23;210.08;209.945;210.68;210.235;18.39832439;19.89117639;18.42;2019-07-23 10:29:03;17.34569231;17.37
2019-07-23 10:39:23;210.25;210.125;210.55;210.3083333;18.40526275;19.89811475;18.39;2019-07-23 10:39:02;17.34565284;17.33
2019-07-23 10:40:23;210.07;210.025;210.48;210.1916667;18.39422445;19.88707645;18.39;2019-07-23 10:39:02;17.33521761;17.33
2019-07-23 10:41:23;209.82;209.955;210.51;210.095;18.38507843;19.87793043;18.39;2019-07-23 10:39:02;17.32657128;17.33
2019-07-23 10:42:23;210.04;210.05;210.4;210.1633333;18.39154372;19.88439572;18.39;2019-07-23 10:39:02;17.33268334;17.33
2019-07-23 10:43:23;209.86;209.905;210.34;210.035;18.37940159;19.87225359;18.39;2019-07-23 10:39:02;17.3212046;17.33
2019-07-23 10:44:23;209.86;209.825;210.31;209.9983333;18.37593241;19.86878441;18.39;2019-07-23 10:39:02;17.31792496;17.33
2019-07-23 10:45:23;209.68;209.785;210.15;209.8716667;18.36394797;19.85679997;18.39;2019-07-23 10:39:02;17.30659528;17.33
2019-07-23 10:46:23;209.94;210.095;210.48;210.1716667;18.39233217;19.88518417;18.39;2019-07-23 10:39:02;17.33342872;17.33
2019-07-23 10:47:23;210.03;210.185;210.6;210.2716667;18.40179357;19.89464557;18.39;2019-07-23 10:39:02;17.34237319;17.33
2019-07-23 10:48:23;210.04;210.1;210.43;210.19;18.39406676;19.88691876;18.39;2019-07-23 10:39:02;17.33506854;17.33
2019-07-23 10:49:23;209.95;210.055;210.43;210.145;18.38980913;19.88266113;18.39;2019-07-23 10:49:03;17.33223626;17.33
2019-07-23 10:50:23;210.11;210.04;210.53;210.2266667;18.39753594;19.89038794;18.39;2019-07-23 10:49:03;17.33954138;17.33
2019-07-23 10:51:23;210.01;210.11;210.19;210.1033333;18.38586688;19.87871888;18.39;2019-07-23 10:49:03;17.32850916;17.33
2019-07-23 10:52:23;209.36;209.43;209.89;209.56;18.33445994;19.82731194;18.39;2019-07-23 10:49:03;17.27990775;17.33
2019-07-23 10:53:23;209.53;209.325;210.24;209.6983333;18.34754821;19.84040021;18.39;2019-07-23 10:49:03;17.29228173;17.33
2019-07-23 10:55:23;209.97;210.125;210.67;210.255;18.40021667;19.89306867;18.39;2019-07-23 10:49:03;17.34207581;17.33
2019-07-23 10:56:23;210.61;210.24;211.16;210.67;18.43948149;19.93233349;18.39;2019-07-23 10:49:03;17.37919775;17.33
2019-07-23 10:57:23;210.74;210.49;211.23;210.82;18.45367359;19.94652559;18.39;2019-07-23 10:49:03;17.39261532;17.33
2019-07-23 10:58:23;211.58;211.38;212.04;211.6666667;18.53378012;20.02663212;18.39;2019-07-23 10:49:03;17.46835003;17.33
2019-07-23 10:59:23;211.92;212.17;212.5;212.1966667;18.55676012;20.04961212;18.51;2019-07-23 10:59:03;17.50798542;17.46
2019-07-23 11:00:23;211.84;211.665;212.24;211.915;18.53014657;20.02299857;18.51;2019-07-23 10:59:03;17.48280052;17.46
2019-07-23 11:01:23;212.46;212.115;213.01;212.5283333;18.58809798;20.08094998;18.51;2019-07-23 10:59:03;17.537641;17.46
2019-07-23 11:02:23;212.61;212.265;212.87;212.5816667;18.59313723;20.08598923;18.51;2019-07-23 10:59:03;17.54240974;17.46
2019-07-23 11:03:23;212.18;212.455;212.8;212.4783333;18.58337368;20.07622568;18.51;2019-07-23 10:59:03;17.53317031;17.46
2019-07-23 11:04:23;212.16;212.175;212.6;212.3116667;18.56762601;20.06047801;18.51;2019-07-23 10:59:03;17.51826801;17.46
2019-07-23 11:05:23;212.13;211.93;212.33;212.13;18.55046106;20.04331306;18.51;2019-07-23 10:59:03;17.5020245;17.46
2019-07-23 11:06:23;212.99;211.9;213.01;212.6333333;18.59801901;20.09087101;18.51;2019-07-23 10:59:03;17.54702945;17.46
2019-07-23 11:07:23;213.11;212.595;213.46;213.055;18.6378606;20.1307126;18.51;2019-07-23 10:59:03;17.58473228;17.46
2019-07-23 11:08:23;213.09;212.885;213.37;213.115;18.64352976;20.13638176;18.51;2019-07-23 10:59:03;17.59009711;17.46
2019-07-23 11:09:23;213.2;213.03;213.39;213.2066667;18.65219097;20.14504297;18.63;2019-07-23 11:09:03;17.60564184;17.58
2019-07-23 11:10:23;212.64;212.34;212.94;212.64;18.59864891;20.09150091;18.63;2019-07-23 11:09:03;17.55495448;17.58
2019-07-23 11:11:22;212.31;212.23;212.78;212.44;18.57975172;20.07260372;18.63;2019-07-23 11:09:03;17.53706482;17.58
2019-07-23 11:12:23;212.48;212.275;212.93;212.5616667;18.59124751;20.08409951;18.63;2019-07-23 11:09:03;17.5479477;17.58
2019-07-23 11:13:23;212.17;212.195;212.65;212.3383333;18.57014564;20.06299764;18.63;2019-07-23 11:09:03;17.52797091;17.58
2019-07-23 11:14:23;212.17;212.185;212.63;212.3283333;18.56920078;20.06205278;18.63;2019-07-23 11:09:03;17.52707643;17.58
2019-07-23 11:15:23;212.66;212.045;213.11;212.605;18.5953419;20.0881939;18.63;2019-07-23 11:09:03;17.55182379;17.58
2019-07-23 11:16:23;212.65;212.6;213.18;212.81;18.61471153;20.10756353;18.63;2019-07-23 11:09:03;17.57016069;17.58
2019-07-23 11:17:23;212.41;212.65;212.9;212.6533333;18.59990873;20.09276073;18.63;2019-07-23 11:09:03;17.55614712;17.58
2019-07-23 11:18:23;212.4;212.24;212.85;212.4966667;18.58510592;20.07795792;18.63;2019-07-23 11:09:03;17.54213356;17.58
2019-07-23 11:19:23;212.45;212.305;212.86;212.5383333;18.58904284;20.08189484;18.57;2019-07-23 11:19:03;17.5398214;17.52
2019-07-23 11:20:23;212.14;212.235;212.68;212.3516667;18.57140545;20.06425745;18.57;2019-07-23 11:19:03;17.5231297;17.52
2019-07-23 11:21:23;212;211.895;212.45;212.115;18.54904377;20.04189577;18.57;2019-07-23 11:19:03;17.50196699;17.52
2019-07-23 11:22:23;212.05;211.845;212.47;212.1216667;18.54967368;20.04252568;18.57;2019-07-23 11:19:03;17.50256313;17.52
2019-07-23 11:23:23;212.04;211.96;212.6;212.2;18.55707508;20.04992708;18.57;2019-07-23 11:19:03;17.50956768;17.52
2019-07-23 11:24:23;212.29;211.965;212.7;212.3183333;18.56825592;20.06110792;18.57;2019-07-23 11:19:03;17.52014903;17.52
2019-07-23 11:25:23;212.05;212.015;212.44;212.1683333;18.55408302;20.04693502;18.57;2019-07-23 11:19:03;17.50673605;17.52
2019-07-23 11:26:23;212.09;211.905;212.42;212.1383333;18.55124844;20.04410044;18.57;2019-07-23 11:19:03;17.50405346;17.52
2019-07-23 11:27:22;212.01;211.725;212.26;211.9983333;18.5380204;20.0308724;18.57;2019-07-23 11:19:03;17.49153467;17.52
2019-07-23 11:28:23;211.8;211.65;212.28;211.91;18.52967414;20.02252614;18.57;2019-07-23 11:19:03;17.48363592;17.52
2019-07-23 11:29:23;211.81;211.645;212.16;211.8716667;18.52605218;20.01890418;18.52;2019-07-23 11:29:03;17.48790196;17.48
2019-07-23 11:30:23;211.58;211.465;212.26;211.7683333;18.51628863;20.00914063;18.52;2019-07-23 11:29:03;17.47865816;17.48
2019-07-23 11:31:23;211.9;211.645;212.52;212.0216667;18.54022508;20.03307708;18.52;2019-07-23 11:29:03;17.50132039;17.48
2019-07-23 11:32:23;212.26;212.085;212.44;212.2616667;18.56290171;20.05575371;18.52;2019-07-23 11:29:03;17.52278988;17.48
2019-07-23 11:33:23;212.09;211.995;212.43;212.1716667;18.55439797;20.04724997;18.52;2019-07-23 11:29:03;17.51473882;17.48
2019-07-23 11:34:23;212.07;211.915;212.46;212.1483333;18.5521933;20.0450453;18.52;2019-07-23 11:29:03;17.51265151;17.48
2019-07-23 11:35:23;211.66;211.935;212.07;211.8883333;18.52762694;20.02047894;18.52;2019-07-23 11:29:03;17.4893929;17.48
2019-07-23 11:37:23;211.7;211.625;212.07;211.7983333;18.51912321;20.01197521;18.52;2019-07-23 11:29:03;17.48134184;17.48
2019-07-23 11:38:23;211.71;211.655;212.18;211.8483333;18.5238475;20.0166995;18.52;2019-07-23 11:29:03;17.48581465;17.48
2019-07-23 11:39:23;211.77;211.655;212.23;211.885;18.52731199;20.02016399;18.52;2019-07-23 11:39:03;17.48117735;17.47
2019-07-23 11:40:23;211.77;211.655;212.41;211.945;18.53298115;20.02583315;18.52;2019-07-23 11:39:03;17.48654248;17.47
2019-07-23 11:41:23;212.34;212.05;212.66;212.35;18.57124798;20.06409998;18.52;2019-07-23 11:39:03;17.5227571;17.47
2019-07-23 11:42:23;212.39;212.14;212.63;212.3866667;18.57471246;20.06756446;18.52;2019-07-23 11:39:03;17.52603579;17.47
2019-07-23 11:43:23;212.31;212.25;212.69;212.4166667;18.57754704;20.07039904;18.52;2019-07-23 11:39:03;17.52871836;17.47
2019-07-23 11:44:23;212.31;212.245;212.67;212.4083333;18.57675966;20.06961166;18.52;2019-07-23 11:39:03;17.5279732;17.47
2019-07-23 11:45:23;212.27;212.205;212.77;212.415;18.57738957;20.07024157;18.52;2019-07-23 11:39:03;17.52856933;17.47
2019-07-23 11:47:23;211.96;212.175;212.36;212.165;18.55376807;20.04662007;18.52;2019-07-23 11:39:03;17.50621462;17.47
2019-07-23 11:49:23;211.64;211.76;212.07;211.8233333;18.52148536;20.01433736;18.51;2019-07-23 11:49:03;17.47655769;17.47
2019-07-23 11:50:23;211.71;211.595;212.17;211.825;18.52164283;20.01449483;18.51;2019-07-23 11:49:03;17.47670673;17.47
2019-07-23 11:51:22;211.75;211.625;212.24;211.8716667;18.52605218;20.01890418;18.51;2019-07-23 11:49:03;17.4808798;17.47
2019-07-23 11:52:23;212.03;211.905;212.31;212.0816667;18.54589424;20.03874624;18.51;2019-07-23 11:49:03;17.49965864;17.47
2019-07-23 11:53:23;211.64323;211.69;212.32;211.88441;18.52725625;20.02010825;18.51;2019-07-23 11:49:03;17.48201935;17.47
2019-07-23 11:54:23;211.67;211.75;212.18;211.8666667;18.52557975;20.01843175;18.51;2019-07-23 11:49:03;17.48043269;17.47
2019-07-23 11:55:23;211.85;211.585;212.3;211.9116667;18.52983162;20.02268362;18.51;2019-07-23 11:49:03;17.48445673;17.47
2019-07-23 11:56:23;212.28;211.765;212.41;212.1516667;18.55250826;20.04536026;18.51;2019-07-23 11:49:03;17.50591825;17.47
2019-07-23 11:57:23;212.31;211.895;212.41;212.205;18.55754751;20.05039951;18.51;2019-07-23 11:49:03;17.51068748;17.47
2019-07-23 11:58:23;212.36;212.015;212.43;212.2683333;18.56353162;20.05638362;18.51;2019-07-23 11:49:03;17.51635094;17.47
2019-07-23 11:59:23;212.4;212.04;212.42;212.2866667;18.57799682;20.07084882;18.57;2019-07-23 11:59:03;17.51745171;17.51
2019-07-23 12:00:24;212.54;212.105;212.51;212.385;18.58729384;20.08014584;18.57;2019-07-23 11:59:03;17.52624472;17.51
2019-07-23 12:01:23;212.88;212.135;212.87;212.6283333;18.61030002;20.10315202;18.57;2019-07-23 11:59:03;17.54800371;17.51
2019-07-23 12:02:23;213.3021875;212.765;213.34;213.1357292;18.65827226;20.15112426;18.57;2019-07-23 11:59:03;17.59337531;17.51
2019-07-23 12:03:23;213.2;212.815;213.09;213.035;18.64874872;20.14160072;18.57;2019-07-23 11:59:03;17.58436805;17.51
2019-07-23 12:04:23;213.47;212.865;213.39;213.2416667;18.66828822;20.16114022;18.57;2019-07-23 11:59:03;17.60284829;17.51
2019-07-23 12:05:23;213.22;213.03;213.32;213.19;18.66340334;20.15625534;18.57;2019-07-23 11:59:03;17.59822823;17.51
2019-07-23 12:07:23;213.05;212.51;212.91;212.8233333;18.62873649;20.12158849;18.57;2019-07-23 11:59:03;17.56544071;17.51
2019-07-23 12:08:23;212.76;212.515;212.68;212.6516667;18.6125061;20.1053581;18.57;2019-07-23 11:59:03;17.55009019;17.51
2019-07-23 12:09:23;212.73;212.395;212.7;212.6083333;18.60840911;20.10126111;18.61;2019-07-23 12:09:03;17.55253442;17.55
2019-07-23 12:10:23;212.7293391;212.34;212.72;212.5964464;18.60728524;20.10013724;18.61;2019-07-23 12:09:03;17.55147113;17.55
2019-07-23 12:11:23;212.53;212.395;212.55;212.4916667;18.59737874;20.09023074;18.61;2019-07-23 12:09:03;17.54209856;17.55
2019-07-23 12:12:23;212.18;212.145;212.41;212.245;18.5740574;20.0669094;18.61;2019-07-23 12:09:03;17.52003417;17.55
2019-07-23 12:13:23;212.6;212.105;212.25;212.3183333;18.58099077;20.07384277;18.61;2019-07-23 12:09:03;17.52659386;17.55
2019-07-23 12:14:23;212.37;211.945;212.23;212.1816667;18.56806949;20.06092149;18.61;2019-07-23 12:09:03;17.51436899;17.55
2019-07-23 12:15:23;212.1;211.92;212.23;212.0833333;18.55877247;20.05162447;18.61;2019-07-23 12:09:03;17.50557305;17.55
2019-07-23 12:16:23;212.35;212.025;212.4;212.2583333;18.57531802;20.06817002;18.61;2019-07-23 12:09:03;17.52122684;17.55
2019-07-23 12:17:23;212.08;212.08;212.16;212.1066667;18.56097854;20.05383054;18.61;2019-07-23 12:09:03;17.50766023;17.55
2019-07-23 12:18:23;211.8;211.53;211.62;211.65;18.51780255;20.01065455;18.61;2019-07-23 12:09:03;17.46681129;17.55
2019-07-23 12:19:23;211.6;211.265;211.68;211.515;18.50503884;19.99789084;18.5;2019-07-23 12:19:03;17.44575454;17.44
2019-07-23 12:20:23;211.74;211.415;211.71;211.6216667;18.51512375;20.00797575;18.5;2019-07-23 12:19:03;17.45529137;17.44
2019-07-23 12:21:23;211.8;211.285;211.69;211.5916667;18.51228737;20.00513937;18.5;2019-07-23 12:19:03;17.45260914;17.44
2019-07-23 12:22:23;211.7;211.37;211.48;211.5166667;18.50519642;19.99804842;18.5;2019-07-23 12:19:03;17.44590355;17.44
2019-07-23 12:23:23;211.36;211.195;211.07;211.2083333;18.47604475;19.96889675;18.5;2019-07-23 12:19:03;17.41833616;17.44
2019-07-23 12:24:23;211.33;210.825;211.38;211.1783333;18.47320837;19.96606037;18.5;2019-07-23 12:19:03;17.41565393;17.44
2019-07-23 12:25:23;211.41;211.15;211.58;211.38;18.49227514;19.98512714;18.5;2019-07-23 12:19:03;17.43368449;17.44
2019-07-23 12:26:23;211.18;211.125;211.54;211.2816667;18.48297812;19.97583012;18.5;2019-07-23 12:19:03;17.42489273;17.44
2019-07-23 12:27:23;211.55;211.125;211.68;211.4516667;18.49905093;19.99190293;18.5;2019-07-23 12:19:03;17.44009205;17.44
2019-07-23 12:28:23;211.46;211.285;211.51;211.4183333;18.4958994;19.9887514;18.5;2019-07-23 12:19:03;17.43711179;17.44
2019-07-23 12:29:23;211.39;211.125;211.49;211.335;18.48802057;19.98087257;18.48;2019-07-23 12:29:03;17.43551519;17.43
2019-07-23 12:30:23;211.51;211.125;211.75;211.4616667;18.49999639;19.99284839;18.48;2019-07-23 12:29:03;17.44684368;17.43
2019-07-23 12:31:23;211.8;211.425;211.89;211.705;18.52300258;20.01585458;18.48;2019-07-23 12:29:03;17.46860631;17.43
2019-07-23 12:32:23;211.8540865;211.625;211.75;211.7430288;18.52659805;20.01945005;18.48;2019-07-23 12:29:03;17.47200744;17.43
2019-07-23 12:33:23;211.97;211.405;211.96;211.7783333;18.52993595;20.02278795;18.48;2019-07-23 12:29:03;17.47516491;17.43
2019-07-23 12:34:23;211.94;211.61;211.87;211.8066667;18.53261475;20.02546675;18.48;2019-07-23 12:29:03;17.47769892;17.43
2019-07-23 12:35:23;211.8;211.545;211.83;211.725;18.5248935;20.0177455;18.48;2019-07-23 12:29:03;17.47039502;17.43
2019-07-23 12:36:23;211.87;211.625;211.86;211.785;18.53056626;20.02341826;18.48;2019-07-23 12:29:03;17.47576115;17.43
2019-07-23 12:37:23;211.87;211.535;211.73;211.7116667;18.52363289;20.01648489;18.48;2019-07-23 12:29:03;17.46920255;17.43
2019-07-23 12:38:23;211.77;211.425;211.74;211.645;18.51732982;20.01018182;18.48;2019-07-23 12:29:03;17.46324018;17.43
2019-07-23 12:39:23;211.84;211.46;211.9;211.7333333;18.52568138;20.01853338;18.52;2019-07-23 12:39:04;17.46476829;17.46
2019-07-23 12:40:23;211.84;211.63;211.96;211.81;18.53292991;20.02578191;18.52;2019-07-23 12:39:04;17.4716227;17.46
2019-07-23 12:41:23;211.86;211.595;211.89;211.7816667;18.5302511;20.0231031;18.52;2019-07-23 12:39:04;17.46908955;17.46
2019-07-23 12:42:23;211.83;211.575;212.06;211.8216667;18.53403294;20.02688494;18.52;2019-07-23 12:39:04;17.47266576;17.46
2019-07-23 12:43:23;212.0717773;211.715;212.15;211.9789258;18.54890116;20.04175316;18.52;2019-07-23 12:39:04;17.48672557;17.46
2019-07-23 12:44:23;212.0047367;211.54;211.98;211.8415789;18.53591556;20.02876756;18.52;2019-07-23 12:39:04;17.47444602;17.46
2019-07-23 12:45:23;212.12;211.62;212.49;212.0766667;18.55814216;20.05099416;18.52;2019-07-23 12:39:04;17.49546413;17.46
2019-07-23 12:46:23;212.26;212.15;212.46;212.29;18.57831197;20.07116397;18.52;2019-07-23 12:39:04;17.51453728;17.46
2019-07-23 12:47:23;212.36;212.055;212.3;212.2383333;18.5734271;20.0662791;18.52;2019-07-23 12:39:04;17.509918;17.46
2019-07-23 12:48:23;212.22;212.015;212.32;212.185;18.56838464;20.06123664;18.52;2019-07-23 12:39:04;17.50514971;17.46
2019-07-23 12:49:23;212.18;211.885;212.36;212.1416667;18.57791351;20.07076551;18.56;2019-07-23 12:49:03;17.52447155;17.51
2019-07-23 12:50:23;212.11;211.955;212.34;212.135;18.57728278;20.07013478;18.56;2019-07-23 12:49:03;17.52387478;17.51
2019-07-23 12:51:23;212.11;211.88;212.34;212.11;18.57491752;20.06776952;18.56;2019-07-23 12:49:03;17.52163691;17.51
2019-07-23 12:52:23;212.06;211.87;212.21;212.0466667;18.56892554;20.06177754;18.56;2019-07-23 12:49:03;17.51596765;17.51
2019-07-23 12:53:23;212.02;211.88;212.26;212.0533333;18.56955628;20.06240828;18.56;2019-07-23 12:49:03;17.51656441;17.51
2019-07-23 12:54:23;212.07;211.925;212.39;212.1283333;18.57665204;20.06950404;18.56;2019-07-23 12:49:03;17.52327802;17.51
2019-07-23 12:55:23;212.23;211.86;212.41;212.1666667;18.58027877;20.07313077;18.56;2019-07-23 12:49:03;17.52670941;17.51
2019-07-23 12:56:23;212.14;211.94;212.44;212.1733333;18.5809095;20.0737615;18.56;2019-07-23 12:49:03;17.52730618;17.51
2019-07-23 12:57:24;212.13;211.93;212.33;212.13;18.57680973;20.06966173;18.56;2019-07-23 12:49:03;17.52342721;17.51
2019-07-23 12:58:22;212.11;211.96;212.45;212.1733333;18.5809095;20.0737615;18.56;2019-07-23 12:49:03;17.52730618;17.51
2019-07-23 12:59:23;212.14;211.995;212.28;212.1383333;18.57759814;20.07045014;18.57;2019-07-23 12:59:03;17.51760612;17.51
2019-07-23 13:00:23;211.98;211.87;212.19;212.0133333;18.56577187;20.05862387;18.57;2019-07-23 12:59:03;17.50642065;17.51
2019-07-23 13:01:23;212.33;211.635;212.47;212.145;18.57822888;20.07108088;18.57;2019-07-23 12:59:03;17.51820268;17.51
2019-07-23 13:02:23;211.91;211.94;211.89;211.9133333;18.55631085;20.04916285;18.57;2019-07-23 12:59:03;17.49747227;17.51
2019-07-23 13:03:23;211.68;211.735;211.82;211.745;18.5403848;20.0332368;18.57;2019-07-23 12:59:03;17.48240917;17.51
2019-07-23 13:04:23;211.74;211.505;211.72;211.655;18.53186988;20.02472188;18.57;2019-07-23 12:59:03;17.47435564;17.51
2019-07-23 13:05:23;211.11;211.065;211.39;211.1883333;18.48771845;19.98057045;18.57;2019-07-23 12:59:03;17.43259655;17.51
2019-07-23 13:06:23;210.67;210.715;211.12;210.835;18.45428952;19.94714152;18.57;2019-07-23 12:59:03;17.40097896;17.51
2019-07-23 13:07:23;211;210.9;211.15;211.0166667;18.47147704;19.96432904;18.57;2019-07-23 12:59:03;17.41723517;17.51
2019-07-23 13:08:23;210.94;211.02;211.24;211.0666667;18.47620755;19.96905955;18.57;2019-07-23 12:59:03;17.42170936;17.51
2019-07-23 13:09:23;211.01;210.82;211.04;210.9566667;18.46580042;19.95865242;18.46;2019-07-23 13:09:03;17.41716071;17.41
2019-07-23 13:10:23;210.94;210.7;211.31;210.9833333;18.46832336;19.96117536;18.46;2019-07-23 13:09:03;17.41954761;17.41
2019-07-23 13:11:23;211.09;211.195;211.26;211.1816667;18.48708772;19.97993972;18.46;2019-07-23 13:09:03;17.4373002;17.41
2019-07-23 13:12:23;211.14;210.965;211.35;211.1516667;18.48424941;19.97710141;18.46;2019-07-23 13:09:03;17.43461494;17.41
2019-07-23 13:13:23;211.25;211.105;211.57;211.3083333;18.49907168;19.99192368;18.46;2019-07-23 13:09:03;17.44863799;17.41
2019-07-23 13:14:23;211.37;211.17;211.52;211.3533333;18.50332914;19.99618114;18.46;2019-07-23 13:09:03;17.45266589;17.41
2019-07-23 13:15:23;211.25;211.07;211.49;211.27;18.49544495;19.98829695;18.46;2019-07-23 13:09:03;17.44520682;17.41
2019-07-23 13:16:23;211.11;211.215;211.38;211.235;18.4921336;19.9849856;18.46;2019-07-23 13:09:03;17.44207401;17.41
2019-07-23 13:17:23;210.86;210.98;211.11;210.9833333;18.46832336;19.96117536;18.46;2019-07-23 13:09:03;17.41954761;17.41
2019-07-23 13:18:23;210.8;210.735;210.85;210.795;18.45050511;19.94335711;18.46;2019-07-23 13:09:03;17.40269011;17.41
2019-07-23 13:19:23;210.3781802;210.455;210.86;210.5643934;18.42868737;19.92153937;18.46;2019-07-23 13:19:03;17.37474384;17.4
2019-07-23 13:20:23;210.51;210.515;210.82;210.615;18.43347527;19.92632727;18.46;2019-07-23 13:19:03;17.37927182;17.4
2019-07-23 13:21:23;210.49;210.245;210.7;210.4783333;18.42054521;19.91339721;18.46;2019-07-23 13:19:03;17.36704368;17.4
2019-07-23 13:22:23;210.11;210.035;210.03;210.0583333;18.38080893;19.87366093;18.46;2019-07-23 13:19:03;17.32946453;17.4
2019-07-23 13:23:23;210.01;210.04;210.24;210.0966667;18.38443565;19.87728765;18.46;2019-07-23 13:19:03;17.33289438;17.4
2019-07-23 13:24:23;210.04;209.98;210.58;210.2;18.39421204;19.88706404;18.46;2019-07-23 13:19:03;17.34214004;17.4
2019-07-23 13:25:23;210.1;210.08;210.35;210.1766667;18.39200447;19.88485647;18.46;2019-07-23 13:19:03;17.34005231;17.4
2019-07-23 13:26:23;210.01;210.11;210.17;210.0966667;18.38443565;19.87728765;18.46;2019-07-23 13:19:03;17.33289438;17.4
2019-07-23 13:27:23;209.87;209.815;210.27;209.985;18.37387085;19.86672285;18.46;2019-07-23 13:19:03;17.3229031;17.4
2019-07-23 13:28:23;209.73;209.71;210.05;209.83;18.35920627;19.85205827;18.46;2019-07-23 13:19:03;17.3090346;17.4
2019-07-23 13:29:23;209.76;209.68;209.93;209.79;18.35542186;19.84827386;18.36;2019-07-23 13:29:04;17.30612265;17.31
2019-07-23 13:30:23;209.7435152;209.675;210.01;209.8095051;18.35726724;19.85011924;18.36;2019-07-23 13:29:04;17.30786791;17.31
2019-07-23 13:31:23;209.72;209.58;210;209.7666667;18.35321429;19.84606629;18.36;2019-07-23 13:29:04;17.30403484;17.31
2019-07-23 13:32:23;209.59;209.715;209.87;209.725;18.3492722;19.8421242;18.36;2019-07-23 13:29:04;17.30030662;17.31
2019-07-23 13:33:23;208.88;209.005;209.33;209.0716667;18.2874602;19.7803122;18.36;2019-07-23 13:29:04;17.24184809;17.31
2019-07-23 13:34:23;208.7;209.115;208.77;208.8616667;18.26759206;19.76044406;18.36;2019-07-23 13:29:04;17.22305785;17.31
2019-07-23 13:35:39;209.3080384;209.245;209.55;209.3676795;18.31546603;19.80831803;18.27;2019-07-23 13:35:36;17.26982058;17.23
2019-07-23 13:36:23;210.12;209.545;210.46;210.0416667;18.37923209;19.87208409;18.27;2019-07-23 13:35:36;17.33013194;17.23
2019-07-23 13:37:23;210.05;209.91;210.35;210.1033333;18.38506639;19.87791839;18.27;2019-07-23 13:35:36;17.33565015;17.23
2019-07-23 13:38:23;210.18;210.045;210.21;210.145;18.38900848;19.88186048;18.27;2019-07-23 13:35:36;17.33937867;17.23
2019-07-23 13:39:23;210.01;209.935;210.23;210.0583333;18.38080893;19.87366093;18.27;2019-07-23 13:35:36;17.33162335;17.23
2019-07-23 13:40:23;210.01;209.86;210.38;210.0833333;18.38317418;19.87602618;18.27;2019-07-23 13:35:36;17.33386046;17.23
2019-07-23 13:41:23;210.15;209.945;210.22;210.105;18.38522407;19.87807607;18.27;2019-07-23 13:35:36;17.33579929;17.23
2019-07-23 13:42:23;210.0040531;209.77;210.21;209.9946844;18.37478709;19.86763909;18.27;2019-07-23 13:35:36;17.32592776;17.23
2019-07-23 13:43:23;209.83;209.79;210;209.8733333;18.36330604;19.85615804;18.27;2019-07-23 13:35:36;17.31506873;17.23
2019-07-23 13:44:23;209.65;209.555;209.9;209.7016667;18.34706462;19.83991662;18.27;2019-07-23 13:35:36;17.29970723;17.23
2019-07-23 13:45:23;209.86;209.785;210.03;209.8916667;18.36504056;19.85789256;18.27;2019-07-23 13:35:36;17.31670928;17.23
2019-07-23 13:46:23;209.8;209.85;210.19;209.9466667;18.38231606;19.87516806;18.37;2019-07-23 13:45:33;17.35165157;17.34
2019-07-23 13:47:23;210;209.95;210.19;210.0466667;18.39178283;19.88463483;18.37;2019-07-23 13:45:33;17.36061431;17.34
2019-07-23 13:48:23;210.29;210.035;210.38;210.235;18.40961191;19.90246391;18.37;2019-07-23 13:45:33;17.37749414;17.34
2019-07-23 13:49:23;210.27;210.045;210.39;210.235;18.40961191;19.90246391;18.37;2019-07-23 13:45:33;17.37749414;17.34
2019-07-23 13:50:23;210.36;210.215;210.61;210.395;18.42475874;19.91761074;18.37;2019-07-23 13:45:33;17.39183453;17.34
2019-07-23 13:51:23;210.48;210.425;210.79;210.565;18.44085225;19.93370425;18.37;2019-07-23 13:45:33;17.40707119;17.34
2019-07-23 13:52:23;210.44;210.295;210.72;210.485;18.43327883;19.92613083;18.37;2019-07-23 13:45:33;17.399901;17.34
2019-07-23 13:53:23;210.65;210.31;210.67;210.5433333;18.43880112;19.93165312;18.37;2019-07-23 13:45:33;17.40512927;17.34
2019-07-23 13:54:23;210.62;210.395;210.83;210.615;18.44558564;19.93843764;18.37;2019-07-23 13:45:33;17.41155257;17.34
2019-07-23 13:55:23;211;210.815;211.09;210.9683333;18.47903489;19.97188689;18.37;2019-07-23 13:45:33;17.44322093;17.34
2019-07-23 13:56:23;211.04;210.975;211.14;211.0516667;18.48692386;19.97977586;18.48;2019-07-23 13:55:33;17.45060587;17.44
2019-07-23 13:57:23;211.02;210.895;211;210.9716667;18.47935045;19.97220245;18.48;2019-07-23 13:55:33;17.4434357;17.44
2019-07-23 13:58:23;210.98;210.76;210.95;210.8966667;18.47225037;19.96510237;18.48;2019-07-23 13:55:33;17.43671368;17.44
2019-07-23 13:59:23;210.81;210.655;211.04;210.835;18.46641253;19.95926453;18.48;2019-07-23 13:55:33;17.43118668;17.44
2019-07-23 14:00:23;210.81;210.665;210.91;210.795;18.46262582;19.95547782;18.48;2019-07-23 13:55:33;17.42760159;17.44
2019-07-23 14:01:23;210.46;210.51;210.41;210.46;18.43091214;19.92376414;18.48;2019-07-23 13:55:33;17.39757654;17.44
2019-07-23 14:02:23;210.29;210.155;210.43;210.2916667;18.41497641;19.90782841;18.48;2019-07-23 13:55:33;17.38248932;17.44
2019-07-23 14:03:23;210.09;209.92;210.33;210.1133333;18.39809401;19.89094601;18.48;2019-07-23 13:55:33;17.36650583;17.44
2019-07-23 14:04:23;210.16;210.11;210.54;210.27;18.41292528;19.90577728;18.48;2019-07-23 13:55:33;17.3805474;17.44
2019-07-23 14:05:23;210.41;210.4;210.74;210.5166667;18.43627665;19.92912865;18.48;2019-07-23 13:55:33;17.4026554;17.44
2019-07-23 14:06:25;210.44;210.475;210.61;210.5083333;18.43548775;19.92833975;18.42;2019-07-23 14:05:33;17.39687525;17.38
2019-07-23 14:07:23;210.58;210.245;210.61;210.4783333;18.43264772;19.92549972;18.42;2019-07-23 14:05:33;17.39418716;17.38
2019-07-23 14:08:23;210.44;210.205;210.37;210.3383333;18.41939424;19.91224624;18.42;2019-07-23 14:05:33;17.38164272;17.38
2019-07-23 14:09:23;210.26;209.955;210.18;210.1316667;18.39982958;19.89268158;18.42;2019-07-23 14:05:33;17.36312475;17.38
2019-07-23 14:10:23;210.34;209.975;210.34;210.2183333;18.40803411;19.90088611;18.42;2019-07-23 14:05:33;17.37089035;17.38
2019-07-23 14:11:23;210.19;210.03;210.27;210.1633333;18.40282739;19.89567939;18.42;2019-07-23 14:05:33;17.36596218;17.38
2019-07-23 14:12:23;210.07;209.945;210.06;210.025;18.38973169;19.88258369;18.42;2019-07-23 14:05:33;17.35356708;17.38
2019-07-23 14:13:23;209.8;209.505;209.81;209.705;18.35943803;19.85229003;18.42;2019-07-23 14:05:33;17.32489408;17.38
2019-07-23 14:14:23;209.8;209.505;209.61;209.6383333;18.35312685;19.84597885;18.42;2019-07-23 14:05:33;17.31892054;17.38
2019-07-23 14:15:23;209.62;209.51;209.81;209.6466667;18.35391575;19.84676775;18.42;2019-07-23 14:05:33;17.31966723;17.38
2019-07-23 14:16:23;209.43;209.34;209.63;209.4666667;18.33687556;19.82972756;18.35;2019-07-23 14:15:33;17.30834861;17.32
2019-07-23 14:17:23;209.5151756;209.295;209.75;209.5200585;18.34193005;19.83478205;18.35;2019-07-23 14:15:33;17.31313391;17.32
2019-07-23 14:18:23;210.0791341;209.705;210.17;209.9847114;18.38591766;19.87876966;18.35;2019-07-23 14:15:33;17.35477893;17.32
2019-07-23 14:19:23;210.22;209.945;210.42;210.195;18.4058252;19.8986772;18.35;2019-07-23 14:15:33;17.37362628;17.32
2019-07-23 14:20:23;210.35;210.17;210.72;210.4133333;18.42649432;19.91934632;18.35;2019-07-23 14:15:33;17.39319464;17.32
2019-07-23 14:21:23;210.13;210.315;210.31;210.2516667;18.4111897;19.9040417;18.35;2019-07-23 14:15:33;17.37870509;17.32
2019-07-23 14:22:23;210.15;210;210.56;210.2366667;18.40976969;19.90262169;18.35;2019-07-23 14:15:33;17.3773607;17.32
2019-07-23 14:23:23;210.36;210.28;210.62;210.42;18.42712543;19.91997743;18.35;2019-07-23 14:15:33;17.39379214;17.32
2019-07-23 14:24:23;210.4050415;210.395;210.76;210.5200138;18.43659351;19.92944551;18.35;2019-07-23 14:15:33;17.40275599;17.32
2019-07-23 14:25:23;210.51;210.39;210.57;210.49;18.43375217;19.92660417;18.35;2019-07-23 14:15:33;17.40006597;17.32
2019-07-23 14:26:23;210.75;210.395;210.89;210.6783333;18.45158126;19.94443326;18.43;2019-07-23 14:25:33;17.40985966;17.39
2019-07-23 14:27:23;211;210.64;210.92;210.8533333;18.4681481;19.9610001;18.43;2019-07-23 14:25:33;17.42553834;17.39
2019-07-23 14:28:23;211;210.69;211.05;210.9133333;18.47382817;19.96668017;18.43;2019-07-23 14:25:33;17.43091389;17.39
2019-07-23 14:29:23;210.93;210.635;210.79;210.785;18.46167914;19.95453114;18.43;2019-07-23 14:25:33;17.41941619;17.39
2019-07-23 14:30:23;210.78;210.545;210.82;210.715;18.45505241;19.94790441;18.43;2019-07-23 14:25:33;17.41314472;17.39
2019-07-23 14:31:23;210.95;210.585;211.27;210.935;18.4758793;19.9687313;18.43;2019-07-23 14:25:33;17.43285506;17.39
2019-07-23 14:32:23;211.01;210.75;210.94;210.9;18.47256593;19.96541793;18.43;2019-07-23 14:25:33;17.42971932;17.39
2019-07-23 14:33:23;211.17;210.675;211.28;211.0416667;18.48597719;19.97882919;18.43;2019-07-23 14:25:33;17.44241158;17.39
2019-07-23 14:34:23;211.28;210.835;211.22;211.1116667;18.49260393;19.98545593;18.43;2019-07-23 14:25:33;17.44868306;17.39
2019-07-23 14:35:23;211.35;210.98;211.55;211.2933333;18.50980189;20.00265389;18.43;2019-07-23 14:25:33;17.46495902;17.39
2019-07-23 14:36:23;212.33;211.67;211.95;211.9833333;18.57512261;20.06797461;18.5;2019-07-23 14:35:33;17.53319188;17.46
2019-07-23 14:37:23;211.81;211.595;211.69;211.6983333;18.54814231;20.04099431;18.5;2019-07-23 14:35:33;17.50764941;17.46
2019-07-23 14:38:23;211.92;211.715;211.88;211.8383333;18.56139579;20.05424779;18.5;2019-07-23 14:35:33;17.52019659;17.46
2019-07-23 14:39:23;211.85;211.695;211.77;211.7716667;18.55508461;20.04793661;18.5;2019-07-23 14:35:33;17.51422174;17.46
2019-07-23 14:40:23;211.55;211.515;211.6;211.555;18.53457327;20.02742527;18.5;2019-07-23 14:35:33;17.49480349;17.46
2019-07-23 14:41:23;211.23;211.435;211.22;211.295;18.50995967;20.00281167;18.5;2019-07-23 14:35:33;17.47150158;17.46
2019-07-23 14:42:23;211.3;211.065;211.09;211.1516667;18.49639063;19.98924263;18.5;2019-07-23 14:35:33;17.45865566;17.46
2019-07-23 14:43:23;211.2;211.045;211.14;211.1283333;18.49418172;19.98703372;18.5;2019-07-23 14:35:33;17.45656446;17.46
2019-07-23 14:44:23;211.07;211.005;210.94;211.005;18.48250604;19.97535804;18.5;2019-07-23 14:35:33;17.445511;17.46
2019-07-23 14:45:23;211.34;211.05;211.28;211.2233333;18.50317515;19.99602715;18.5;2019-07-23 14:35:33;17.46507862;17.46
2019-07-23 14:46:23;211.24;211.09;211.14;211.1566667;18.50046419;19.99331619;18.51;2019-07-23 14:45:34;17.4665513;17.48
2019-07-23 14:47:23;211.24;211.03;211.33;211.2;18.5045672;19.9974192;18.51;2019-07-23 14:45:34;17.47043648;17.48
2019-07-23 14:48:23;211.26;211.095;211.26;211.205;18.50504062;19.99789262;18.51;2019-07-23 14:45:34;17.47088477;17.48
2019-07-23 14:49:23;210.9843032;211.015;211.11;211.0364344;18.48908003;19.98193203;18.51;2019-07-23 14:45:34;17.45577152;17.48
2019-07-23 14:50:23;210.75;210.67;210.82;210.7466667;18.46164345;19.95449545;18.51;2019-07-23 14:45:34;17.42979153;17.48
2019-07-23 14:52:23;211.24;211.32;211.47;211.3433333;18.51813868;20.01099068;18.51;2019-07-23 14:45:34;17.48328746;17.48
2019-07-23 14:52:28;211.24;211.32;211.52;211.36;18.51971676;20.01256876;18.51;2019-07-23 14:45:34;17.48478176;17.48
2019-07-23 14:53:23;211.29;211.39;211.55;211.41;18.524451;20.017303;18.51;2019-07-23 14:45:34;17.48926466;17.48
2019-07-23 14:54:23;211.29;211.215;211.52;211.3416667;18.51798087;20.01083287;18.51;2019-07-23 14:45:34;17.48313803;17.48
2019-07-23 14:55:23;211.12;211.115;211.32;211.185;18.50314693;19.99599893;18.51;2019-07-23 14:45:34;17.46909161;17.48
2019-07-23 14:56:23;211.39;211.035;211.19;211.205;18.50504062;19.99789262;18.5;2019-07-23 14:55:34;17.4719427;17.47
2019-07-23 14:57:23;211.49;210.915;211.33;211.245;18.50882801;20.00168001;18.5;2019-07-23 14:55:34;17.47552922;17.47
2019-07-23 14:58:23;211.66;211.395;211.54;211.5316667;18.53597098;20.02882298;18.5;2019-07-23 14:55:34;17.50123261;17.47
2019-07-23 14:59:23;211.55;211.36;211.62;211.51;18.53391947;20.02677147;18.5;2019-07-23 14:55:34;17.49928991;17.47
2019-07-23 15:00:23;211.64;211.395;211.69;211.575;18.54007398;20.03292598;18.5;2019-07-23 14:55:34;17.505118;17.47
2019-07-23 15:01:23;211.64;211.455;211.4;211.4983333;18.53281482;20.02566682;18.5;2019-07-23 14:55:34;17.49824384;17.47
2019-07-23 15:02:24;211.59;211.285;211.41;211.4283333;18.52618688;20.01903888;18.5;2019-07-23 14:55:34;17.49196743;17.47
2019-07-23 15:03:23;211.47;211.415;211.61;211.4983333;18.53281482;20.02566682;18.5;2019-07-23 14:55:34;17.49824384;17.47
2019-07-23 15:04:23;212.65;211.97;212.56;212.3933333;18.61755767;20.11040967;18.5;2019-07-23 14:55:34;17.57849222;17.47
2019-07-23 15:05:23;213.2;212.475;212.77;212.815;18.65748307;20.15033507;18.5;2019-07-23 14:55:34;17.61630011;17.47
2019-07-23 15:06:23;212.51;212.725;212.55;212.595;18.63665243;20.12950443;18.66;2019-07-23 15:05:35;17.58953451;17.61
2019-07-23 15:07:23;212.2439309;212.345;212.13;212.2396436;18.6030056;20.0958576;18.66;2019-07-23 15:05:35;17.55768396;17.61
2019-07-23 15:08:23;212.03;211.93;211.83;211.93;18.57368707;20.06653907;18.66;2019-07-23 15:05:35;17.52993064;17.61
2019-07-23 15:09:23;211.84;211.73;212;211.8566667;18.56674352;20.05959552;18.66;2019-07-23 15:05:35;17.52335779;17.61
2019-07-23 15:10:23;211.96;211.765;211.84;211.855;18.56658571;20.05943771;18.66;2019-07-23 15:05:35;17.5232084;17.61
2019-07-23 15:11:23;211.95;211.71;211.84;211.8333333;18.56453421;20.05738621;18.66;2019-07-23 15:05:35;17.52126642;17.61
2019-07-23 15:12:23;211.77;211.535;211.65;211.6516667;18.54733315;20.04018515;18.66;2019-07-23 15:05:35;17.50498366;17.61
2019-07-23 15:13:23;211.5;211.575;211.42;211.4983333;18.53281482;20.02566682;18.66;2019-07-23 15:05:35;17.49124041;17.61
2019-07-23 15:14:23;211.42;211.325;211.4;211.3816667;18.52176826;20.01462026;18.66;2019-07-23 15:05:35;17.4807836;17.61
2019-07-23 15:15:23;211.38;211.325;211.24;211.315;18.51545595;20.00830795;18.66;2019-07-23 15:05:35;17.47480827;17.61
2019-07-23 15:16:23;211.69;211.655;211.66;211.6683333;18.54891122;20.04176322;18.53;2019-07-23 15:15:35;17.5104698;17.49
2019-07-23 15:17:23;211.7521588;211.655;211.56;211.6557196;18.5477169;20.0405689;18.53;2019-07-23 15:15:35;17.50933899;17.49
2019-07-23 15:18:23;210.96;211.27;211.11;211.1133333;18.49636119;19.98921319;18.53;2019-07-23 15:15:35;17.46071475;17.49
2019-07-23 15:19:23;211.06;210.765;210.9;210.9083333;18.47695081;19.96980281;18.53;2019-07-23 15:15:35;17.44233675;17.49
2019-07-23 15:20:23;211.16;211;211.1;211.0866667;18.49383626;19.98668826;18.53;2019-07-23 15:15:35;17.45832411;17.49
2019-07-23 15:21:23;211.09;210.89;211.08;211.02;18.48752395;19.98037595;18.53;2019-07-23 15:15:35;17.45234753;17.49
2019-07-23 15:22:23;210.83;210.765;210.79;210.795;18.46621988;19.95907188;18.53;2019-07-23 15:15:35;17.43217656;17.49
2019-07-23 15:23:23;210.97;210.745;210.92;210.8783333;18.47411027;19.96696227;18.53;2019-07-23 15:15:35;17.43964729;17.49
2019-07-23 15:24:23;211.07;210.915;211.04;211.0083333;18.48641929;19.97927129;18.53;2019-07-23 15:15:35;17.45130163;17.49
2019-07-23 15:25:23;211.26;210.985;211.18;211.1416667;18.49904392;19.99189592;18.53;2019-07-23 15:15:35;17.46325479;17.49
2019-07-23 15:26:23;211.1912393;211.075;211.12;211.1287464;18.49782057;19.99067257;18.49;2019-07-23 15:25:35;17.45825316;17.45
2019-07-23 15:27:23;211.2;211.06;211.32;211.1933333;18.50393597;19.99678797;18.49;2019-07-23 15:25:35;17.46404212;17.45
2019-07-23 15:28:23;211.2;211.145;211.22;211.1883333;18.50346254;19.99631454;18.49;2019-07-23 15:25:35;17.46359396;17.45
2019-07-23 15:29:23;211.02;211.04;210.91;210.99;18.4846834;19.9775354;18.49;2019-07-23 15:25:35;17.44581724;17.45
2019-07-23 15:30:23;210.68;210.635;210.68;210.665;18.45391086;19.94676286;18.49;2019-07-23 15:25:35;17.41668732;17.45
2019-07-23 15:31:23;210.76;210.585;210.72;210.6883333;18.45612017;19.94897217;18.49;2019-07-23 15:25:35;17.4187787;17.45
2019-07-23 15:32:23;210.66;210.53;210.51;210.5666667;18.44460019;19.93745219;18.49;2019-07-23 15:25:35;17.40787365;17.45
2019-07-23 15:33:23;210.66;210.545;210.56;210.5883333;18.44665169;19.93950369;18.49;2019-07-23 15:25:35;17.40981564;17.45
2019-07-23 15:34:23;210.67;210.705;210.85;210.7416667;18.46117002;19.95402202;18.49;2019-07-23 15:25:35;17.42355899;17.45
2019-07-23 15:35:23;210.81;210.755;210.8;210.7883333;18.46558864;19.95844064;18.49;2019-07-23 15:25:35;17.42774175;17.45
2019-07-23 15:36:23;210.88;210.74;210.92;210.8466667;18.46652497;19.96073797;18.46;2019-07-23 15:35:35;17.43507998;17.43
2019-07-23 15:37:23;210.88;210.695;210.84;210.805;18.46258041;19.95679341;18.46;2019-07-23 15:35:35;17.4313447;17.43
2019-07-23 15:38:23;210.81;210.725;210.91;210.815;18.4635271;19.9577401;18.46;2019-07-23 15:35:35;17.43224117;17.43
2019-07-23 15:39:23;211.08;211.09;211.17;211.1133333;18.49177015;19.98598315;18.46;2019-07-23 15:35:35;17.45898575;17.43
2019-07-23 15:40:23;211.14;210.985;211.1;211.075;18.48814116;19.98235416;18.46;2019-07-23 15:35:35;17.4555493;17.43
2019-07-23 15:41:23;211.22;210.975;211.14;211.1116667;18.49161237;19.98582537;18.46;2019-07-23 15:35:35;17.45883634;17.43
2019-07-23 15:42:23;211.23;210.995;211.16;211.1283333;18.4931902;19.9874032;18.46;2019-07-23 15:35:35;17.46033045;17.43
2019-07-23 15:43:23;211.23;211.065;211.2;211.165;18.49666141;19.99087441;18.46;2019-07-23 15:35:35;17.46361749;17.43
2019-07-23 15:44:23;210.9898861;211.125;210.8;210.9716287;18.47835506;19.97256806;18.46;2019-07-23 15:35:35;17.44628241;17.43
2019-07-23 15:45:23;210.78;210.53;210.69;210.6666667;18.44948447;19.94369747;18.46;2019-07-23 15:35:35;17.41894358;17.43
2019-07-23 15:46:23;210.53;210.515;210.52;210.5216667;18.4357574;19.9299704;18.45;2019-07-23 15:45:35;17.40640326;17.42
2019-07-23 15:47:23;210.68;210.36;210.64;210.56;18.43938639;19.93359939;18.45;2019-07-23 15:45:35;17.4098398;17.42
2019-07-23 15:48:23;210.5122286;210.425;210.57;210.5024095;18.43393433;19.92814733;18.45;2019-07-23 15:45:35;17.40467688;17.42
2019-07-23 15:49:23;210.5902952;210.415;210.57;210.5250984;18.43608228;19.93029528;18.45;2019-07-23 15:45:35;17.40671091;17.42
2019-07-23 15:50:23;210.42;210.275;210.63;210.4416667;18.42818384;19.92239684;18.45;2019-07-23 15:45:35;17.39923135;17.42
2019-07-23 15:51:23;210.55;210.445;210.84;210.6116667;18.44427765;19.93849065;18.45;2019-07-23 15:45:35;17.41447166;17.42
2019-07-23 15:52:23;210.81;210.805;210.87;210.8283333;18.46478936;19.95900236;18.45;2019-07-23 15:45:35;17.43389557;17.42
2019-07-23 15:53:23;210.88;210.775;210.84;210.8316667;18.46510493;19.95931793;18.45;2019-07-23 15:45:35;17.4341944;17.42
2019-07-23 15:54:23;210.73;210.805;210.66;210.7316667;18.45563798;19.94985098;18.45;2019-07-23 15:45:35;17.42522952;17.42
2019-07-23 15:55:23;210.57;210.525;210.61;210.5683333;18.4401753;19.9343883;18.45;2019-07-23 15:45:35;17.41058687;17.42
2019-07-23 15:56:23;210.11;209.84;210.07;210.0066667;18.38700263;19.88121563;18.44;2019-07-23 15:55:35;17.36188424;17.41
2019-07-23 15:57:23;209.7;209.965;209.83;209.8316667;18.37043548;19.86464848;18.44;2019-07-23 15:55:35;17.34619432;17.41
2019-07-23 15:58:23;209.53;209.685;209.54;209.585;18.34708368;19.84129668;18.44;2019-07-23 15:55:35;17.32407901;17.41
2019-07-23 15:59:23;209.65;209.56;209.74;209.65;18.35323719;19.84745019;18.44;2019-07-23 15:55:35;17.32990669;17.41
2019-07-23 16:00:23;209;209.565;208.8;209.1216667;18.30322017;19.79743317;18.44;2019-07-23 15:55:35;17.28253807;17.41
2019-07-23 16:01:23;209.18;209.255;209;209.145;18.30542912;19.79964212;18.44;2019-07-23 15:55:35;17.28463006;17.41
2019-07-23 16:02:23;209.6;209.21;209.52;209.4433333;18.33367217;19.82788517;18.44;2019-07-23 15:55:35;17.31137764;17.41
2019-07-23 16:03:23;209.49;209.58;209.48;209.5166667;18.3406146;19.8348276;18.44;2019-07-23 15:55:35;17.31795247;17.41
2019-07-23 16:04:23;209.59;209.515;209.45;209.5183333;18.34077238;19.83498538;18.44;2019-07-23 15:55:35;17.31810189;17.41
2019-07-23 16:05:23;209.62;209.595;209.8;209.6716667;18.35528836;19.84950136;18.44;2019-07-23 15:55:35;17.33184925;17.41
2019-07-23 16:06:23;210.25;209.675;210.03;209.985;18.38495146;19.87916446;18.35;2019-07-23 16:05:35;17.36093319;17.33
2019-07-23 16:07:23;211;210.945;210.64;210.8616667;18.46794501;19.96215801;18.35;2019-07-23 16:05:35;17.43953636;17.33
2019-07-23 16:08:23;210.81;210.54;210.83;210.7266667;18.45516463;19.94937763;18.35;2019-07-23 16:05:35;17.42743207;17.33
2019-07-23 16:09:25;210.9;210.735;210.71;210.7816667;18.46037145;19.95458445;18.35;2019-07-23 16:05:35;17.43236344;17.33
2019-07-23 16:10:24;210.39;210.3;210.08;210.2566667;18.41066999;19.90488299;18.35;2019-07-23 16:05:35;17.3852912;17.33
2019-07-23 16:11:23;210.08;210.125;209.92;210.0416667;18.39031606;19.88452906;18.35;2019-07-23 16:05:35;17.366014;17.33
2019-07-23 16:12:23;210.0658039;209.94;209.76;209.9219346;18.3789811;19.8731941;18.35;2019-07-23 16:05:35;17.35527866;17.33
2019-07-23 16:13:23;210.01;209.76;209.82;209.8633333;18.37343334;19.86764634;18.35;2019-07-23 16:05:35;17.35002438;17.33
2019-07-23 16:14:23;210.41;209.875;210.67;210.3183333;18.41650794;19.91072094;18.35;2019-07-23 16:05:35;17.39082032;17.33
2019-07-23 16:15:23;210.58;210.395;210.26;210.4116667;18.42534376;19.91955676;18.35;2019-07-23 16:05:35;17.39918872;17.33
2019-07-23 16:16:23;210.42;210.175;210.37;210.3216667;18.41682351;19.91103651;18.4;2019-07-23 16:15:35;17.38329426;17.37
2019-07-23 16:17:23;210.33;210.165;210.28;210.2583333;18.41082777;19.90504077;18.4;2019-07-23 16:15:35;17.37761806;17.37
2019-07-23 16:18:23;210.38;210.205;210.4;210.3283333;18.41745464;19.91166764;18.4;2019-07-23 16:15:35;17.38389175;17.37
2019-07-23 16:19:23;210.36;210.185;210.25;210.265;18.4114589;19.9056719;18.4;2019-07-23 16:15:35;17.37821555;17.37
2019-07-23 16:20:23;210.47;210.16;210.52;210.3833333;18.42266146;19.91687446;18.4;2019-07-23 16:15:35;17.38882108;17.37
2019-07-23 16:21:23;210.47;210.335;210.22;210.3416667;18.4187169;19.9129299;18.4;2019-07-23 16:15:35;17.38508674;17.37
2019-07-23 16:22:23;210.46;210.145;210.32;210.3083333;18.41556125;19.90977425;18.4;2019-07-23 16:15:35;17.38209927;17.37
2019-07-23 16:23:23;210.3629908;210.065;210.13;210.1859969;18.40397973;19.89819273;18.4;2019-07-23 16:15:35;17.37113497;17.37
2019-07-23 16:24:23;210.07;209.925;209.96;209.985;18.38495146;19.87916446;18.4;2019-07-23 16:15:35;17.35312077;17.37
2019-07-23 16:25:23;210.03;209.91;210.02;209.9866667;18.38510924;19.87932224;18.4;2019-07-23 16:15:35;17.35327015;17.37
2019-07-23 16:26:23;209.81;209.795;209.7;209.7683333;18.36443974;19.85865274;18.39;2019-07-23 16:25:36;17.33893245;17.36
2019-07-23 16:27:23;209.62;209.78;209.58;209.66;18.35418389;19.84839689;18.39;2019-07-23 16:25:36;17.32922046;17.36
2019-07-23 16:28:23;209.85;209.47;209.79;209.7033333;18.35828623;19.85249923;18.39;2019-07-23 16:25:36;17.33310526;17.36
2019-07-23 16:29:23;209.88;209.825;209.99;209.8983333;18.37674677;19.87095977;18.39;2019-07-23 16:25:36;17.35058684;17.36
2019-07-23 16:30:22;209.91;209.925;209.89;209.9083333;18.37769347;19.87190647;18.39;2019-07-23 16:25:36;17.35148333;17.36
2019-07-23 16:31:23;209.91;209.805;209.62;209.7783333;18.36538644;19.85959944;18.39;2019-07-23 16:25:36;17.33982894;17.36
2019-07-23 16:32:23;209.5921995;209.555;209.69;209.6123998;18.3496776;19.8438906;18.39;2019-07-23 16:25:36;17.32495315;17.36
2019-07-23 16:33:23;209.59;209.415;209.62;209.5416667;18.34298134;19.83719434;18.39;2019-07-23 16:25:36;17.31861198;17.36
2019-07-23 16:34:23;209.59;209.465;209.68;209.5783333;18.34645255;19.84066555;18.39;2019-07-23 16:25:36;17.32189912;17.36
2019-07-23 16:35:23;209.7;209.52;209.94;209.72;18.35986405;19.85407705;18.39;2019-07-23 16:25:36;17.33459941;17.36
2019-07-23 16:36:23;209.73;209.735;209.66;209.7083333;18.35236557;19.84657857;18.35;2019-07-23 16:35:36;17.33194223;17.33
2019-07-23 16:37:23;210.37;209.94;210.65;210.32;18.41025307;19.90446607;18.35;2019-07-23 16:35:36;17.38677292;17.33
2019-07-23 16:38:23;210.67;210.26;210.94;210.6233333;18.43896022;19.93317322;18.35;2019-07-23 16:35:36;17.41396416;17.33
2019-07-23 16:39:24;210.7;210.54;210.84;210.6933333;18.44558495;19.93979795;18.35;2019-07-23 16:35:36;17.42023907;17.33
2019-07-23 16:40:23;210.71;210.635;210.87;210.7383333;18.4498437;19.9440567;18.35;2019-07-23 16:35:36;17.42427293;17.33
2019-07-23 16:41:23;211.13;210.805;211.23;211.055;18.4798127;19.9740257;18.35;2019-07-23 16:35:36;17.45265939;17.33
2019-07-23 16:42:23;211.2;211.105;211.4;211.235;18.49684772;19.99106072;18.35;2019-07-23 16:35:36;17.46879485;17.33
2019-07-23 16:43:23;211.69;211.165;211.79;211.5483333;18.52650126;20.02071426;18.35;2019-07-23 16:35:36;17.49688251;17.33
2019-07-23 16:44:23;211.32;211.595;211.4;211.4383333;18.51609097;20.01030397;18.35;2019-07-23 16:35:36;17.48702195;17.33
2019-07-23 16:45:23;211.33;211.245;211.36;211.3116667;18.50410337;19.99831637;18.35;2019-07-23 16:35:36;17.47566737;17.33
2019-07-23 16:46:23;212;211.2;212.07;211.7566667;18.54621771;20.04043071;18.52;2019-07-23 16:45:35;17.51958796;17.49
2019-07-23 16:47:23;211.99;211.72;211.93;211.88;18.55788984;20.05210284;18.52;2019-07-23 16:45:35;17.53064609;17.49
2019-07-23 16:48:23;211.97;211.7;211.63;211.7666667;18.5471641;20.0413771;18.52;2019-07-23 16:45:35;17.52048457;17.49
2019-07-23 16:49:23;211.36;211.585;211.44;211.4616667;18.51829921;20.01251221;18.52;2019-07-23 16:45:35;17.49313812;17.49
2019-07-23 16:50:23;211.44;211.23;211.29;211.32;18.50489203;19.99910503;18.52;2019-07-23 16:45:35;17.48043621;17.49
2019-07-23 16:51:23;211.25;211.035;211.19;211.1583333;18.48959206;19.98380506;18.52;2019-07-23 16:45:35;17.4659411;17.49
2019-07-23 16:52:24;211.02;210.93;211.04;210.9966667;18.4742921;19.9685051;18.52;2019-07-23 16:45:35;17.45144599;17.49
2019-07-23 16:53:23;210.76;210.82;210.87;210.8166667;18.45725708;19.95147008;18.52;2019-07-23 16:45:35;17.4353071;17.49
2019-07-23 16:54:23;211.16;210.755;211.1;211.005;18.47508075;19.96929375;18.52;2019-07-23 16:45:35;17.45219316;17.49
2019-07-23 16:55:23;211.29;210.955;211.39;211.2116667;18.49463947;19.98885247;18.52;2019-07-23 16:45:35;17.470723;17.49
2019-07-23 16:56:23;211.29;211.25;211.42;211.32;18.50489203;19.99910503;18.49;2019-07-23 16:55:35;17.48016137;17.47
2019-07-23 16:57:23;211.17;211.07;211.29;211.1766667;18.49132711;19.98554011;18.49;2019-07-23 16:55:35;17.46731022;17.47
2019-07-23 16:58:23;211.28;211.155;211.23;211.2216667;18.49558586;19.98979886;18.49;2019-07-23 16:55:35;17.47134489;17.47
2019-07-23 16:59:23;211.256861;211.015;211.2;211.157287;18.48949304;19.98370604;18.49;2019-07-23 16:55:35;17.46557266;17.47
2019-07-23 17:00:23;211.23;211.08;211.43;211.2466667;18.49795184;19.99216484;18.49;2019-07-23 16:55:35;17.47358637;17.47
2019-07-23 17:01:23;211.48;211.355;211.43;211.4216667;18.51451365;20.00872665;18.49;2019-07-23 16:55:35;17.48927673;17.47
2019-07-23 17:02:23;211.6707743;211.35;211.48;211.5002581;18.52195147;20.01616447;18.49;2019-07-23 16:55:35;17.49632317;17.47
2019-07-23 17:03:23;211.85;211.395;211.81;211.685;18.53943525;20.03364825;18.49;2019-07-23 16:55:35;17.51288698;17.47
2019-07-23 17:04:23;211.82;211.585;211.85;211.7516667;18.54574451;20.03995751;18.49;2019-07-23 16:55:35;17.51886426;17.47
2019-07-23 17:05:23;211.62;211.625;211.69;211.645;18.53564969;20.02986269;18.49;2019-07-23 16:55:35;17.50930061;17.47
2019-07-23 17:06:23;212;211.575;211.75;211.775;18.54795275;20.04216575;18.53;2019-07-23 17:05:35;17.51748034;17.5
2019-07-23 17:07:23;211.72;211.575;211.47;211.5883333;18.53028681;20.02449981;18.53;2019-07-23 17:05:35;17.50074702;17.5
2019-07-23 17:08:23;211.41;211.315;211.36;211.3616667;18.50883532;20.00304832;18.53;2019-07-23 17:05:35;17.48042799;17.5
2019-07-23 17:09:23;211.41;211.225;211.48;211.3716667;18.50978171;20.00399471;18.53;2019-07-23 17:05:35;17.48132442;17.5
2019-07-23 17:10:23;211.41;211.27;211.52;211.4;18.51246314;20.00667614;18.53;2019-07-23 17:05:35;17.4838643;17.5
2019-07-23 17:11:23;211.83;211.295;211.71;211.6116667;18.53249506;20.02670806;18.53;2019-07-23 17:05:35;17.50283869;17.5
2019-07-23 17:12:23;211.83;211.3;211.51;211.5466667;18.52634352;20.02055652;18.53;2019-07-23 17:05:35;17.49701191;17.5
2019-07-23 17:13:23;211.83;211.315;211.87;211.6716667;18.53817339;20.03238639;18.53;2019-07-23 17:05:35;17.50821725;17.5
2019-07-23 17:14:23;211.94;211.545;211.96;211.815;18.55173831;20.04595131;18.53;2019-07-23 17:05:35;17.52106605;17.5
2019-07-23 17:15:23;211.93;211.545;211.92;211.7983333;18.550161;20.044374;18.53;2019-07-23 17:05:35;17.51957201;17.5
2019-07-23 17:16:23;211.93;211.545;211.89;211.7883333;18.54921461;20.04342761;18.55;2019-07-23 17:15:35;17.52313823;17.52
2019-07-23 17:17:23;211.770871;211.545;211.8;211.7052903;18.5413555;20.0355685;18.55;2019-07-23 17:15:35;17.51569228;17.52
2019-07-23 17:18:23;211.89;211.51;211.81;211.7366667;18.54432493;20.03853793;18.55;2019-07-23 17:15:35;17.5185056;17.52
2019-07-23 17:19:23;211.73;211.45;211.75;211.6433333;18.53549196;20.02970496;18.55;2019-07-23 17:15:35;17.51013698;17.52
2019-07-23 17:20:23;211.79;211.485;211.68;211.6516667;18.53628062;20.03049362;18.55;2019-07-23 17:15:35;17.51088418;17.52
2019-07-23 17:21:23;211.7110737;211.465;211.72;211.6320246;18.53442171;20.02863471;18.55;2019-07-23 17:15:35;17.50912299;17.52
2019-07-23 17:22:23;211.54;211.435;211.68;211.5516667;18.52681672;20.02102972;18.55;2019-07-23 17:15:35;17.50191779;17.52
2019-07-23 17:23:23;211.61;211.44;211.64;211.5633333;18.52792084;20.02213384;18.55;2019-07-23 17:15:35;17.50296387;17.52
2019-07-23 17:24:23;211.8;211.435;211.75;211.6616667;18.53722701;20.03144001;18.55;2019-07-23 17:15:35;17.51178081;17.52
2019-07-23 17:25:23;211.77;211.55;211.63;211.65;18.53612288;20.03033588;18.55;2019-07-23 17:15:35;17.51073474;17.52
2019-07-23 17:26:24;211.68;211.38;211.48;211.5133333;18.52463564;20.01884864;18.53;2019-07-23 17:25:36;17.4934264;17.5
2019-07-23 17:27:23;211.68;211.28;211.65;211.5366667;18.52684405;20.02105705;18.53;2019-07-23 17:25:36;17.495518;17.5
2019-07-23 17:28:23;211.53;211.47;211.47;211.49;18.52242724;20.01664024;18.53;2019-07-23 17:25:36;17.4913348;17.5
2019-07-23 17:29:23;211.54;211.195;211.45;211.395;18.51343589;20.00764889;18.53;2019-07-23 17:25:36;17.48281901;17.5
2019-07-23 17:30:23;211.54;211.175;211.43;211.3816667;18.51217395;20.00638695;18.53;2019-07-23 17:25:36;17.48162381;17.5
2019-07-23 17:31:23;211.54;211.195;211.39;211.375;18.51154298;20.00575598;18.53;2019-07-23 17:25:36;17.48102621;17.5
2019-07-23 17:32:23;211.42;211.195;211.43;211.3483333;18.50901909;20.00323209;18.53;2019-07-23 17:25:36;17.47863581;17.5
2019-07-23 17:33:24;211.45;211.135;211.35;211.3116667;18.50554874;19.99976174;18.53;2019-07-23 17:25:36;17.47534901;17.5
2019-07-23 17:34:23;211.29;211.08;211.28;211.2166667;18.49655739;19.99077039;18.53;2019-07-23 17:25:36;17.46683322;17.5
2019-07-23 17:35:23;211.36;211.105;211.21;211.225;18.49734611;19.99155911;18.53;2019-07-23 17:25:36;17.46758022;17.5
2019-07-23 17:36:23;211.64;211.345;211.83;211.605;18.53331151;20.02752451;18.5;2019-07-23 17:35:36;17.49942835;17.47
2019-07-23 17:37:23;211.61;211.41;211.57;211.53;18.52621307;20.02042607;18.5;2019-07-23 17:35:36;17.49270614;17.47
2019-07-23 17:38:23;211.63;211.38;211.4;211.47;18.52053433;20.01474733;18.5;2019-07-23 17:35:36;17.48732837;17.47
2019-07-23 17:39:24;211.63;211.225;211.3;211.385;18.51248943;20.00670243;18.5;2019-07-23 17:35:36;17.47970986;17.47
2019-07-23 17:40:23;211.42;211.225;211.17;211.2716667;18.50176291;19.99597591;18.5;2019-07-23 17:35:36;17.46955185;17.47
2019-07-23 17:41:23;211.47;210.955;211.21;211.2116667;18.49608416;19.99029716;18.5;2019-07-23 17:35:36;17.46417408;17.47
2019-07-23 17:42:23;211.47;211.025;211.21;211.235;18.49829256;19.99250556;18.5;2019-07-23 17:35:36;17.46626544;17.47
2019-07-23 17:43:23;211.27;211.045;211.24;211.185;18.49356027;19.98777327;18.5;2019-07-23 17:35:36;17.46178396;17.47
2019-07-23 17:44:23;211.27;211;211.13;211.1333333;18.48867024;19.98288324;18.5;2019-07-23 17:35:36;17.45715311;17.47
2019-07-23 17:45:23;211.29;211.015;211.23;211.1783333;18.4929293;19.9871423;18.5;2019-07-23 17:35:36;17.46118643;17.47
2019-07-23 17:46:23;211.14;211;211.39;211.1766667;18.49277156;19.98698456;18.49;2019-07-23 17:45:36;17.46508009;17.46
2019-07-23 17:47:23;211.14;211.115;211.41;211.2216667;18.49703062;19.99124362;18.49;2019-07-23 17:45:36;17.46911428;17.46
2019-07-23 17:48:23;211.69;211.445;211.67;211.6016667;18.53299602;20.02720902;18.49;2019-07-23 17:45:36;17.50318076;17.46
2019-07-23 17:49:23;212.2369493;211.57;212.1;211.9689831;18.56776098;20.06197398;18.49;2019-07-23 17:45:36;17.53611017;17.46
2019-07-23 17:50:23;212.33;212.06;212.18;212.19;18.5886793;20.0828923;18.49;2019-07-23 17:45:36;17.55592403;17.46
2019-07-23 17:51:23;212.23;211.915;212.2;212.115;18.58158087;20.07579387;18.49;2019-07-23 17:45:36;17.54920038;17.46
2019-07-23 17:52:23;212.12;211.78;212.05;211.9833333;18.56911917;20.06333217;18.49;2019-07-23 17:45:36;17.53739665;17.46
2019-07-23 17:53:23;212.12;211.775;212.11;212.0016667;18.57085434;20.06506734;18.49;2019-07-23 17:45:36;17.53904021;17.46
2019-07-23 17:54:23;212.25;211.905;212.09;212.0816667;18.57842601;20.07263901;18.49;2019-07-23 17:45:36;17.5462121;17.46
2019-07-23 17:55:23;212.1;211.905;212.05;212.0183333;18.57243177;20.06664477;18.49;2019-07-23 17:45:36;17.54053435;17.46
2019-07-23 17:56:23;212.1;211.805;211.96;211.955;18.56643754;20.06065054;18.57;2019-07-23 17:55:36;17.538655;17.54
2019-07-23 17:57:23;212.1;212.005;212.13;212.0783333;18.57811052;20.07232352;18.57;2019-07-23 17:55:36;17.54971388;17.54
2019-07-23 17:58:23;212.1;212.055;212.24;212.1316667;18.5831583;20.0773713;18.57;2019-07-23 17:55:36;17.55449609;17.54
2019-07-23 17:59:23;212.14;212.035;212.03;212.0683333;18.57716406;20.07137706;18.57;2019-07-23 17:55:36;17.54881721;17.54
